"land","pm_name","pm_party","cabinet_name","year_start","year_end","party","year_next_election","cabinet_party","is_pm_party"
"by","Wilhelm Hoegner","spd","Kabinett Hoegner I",1945,1946,"bdv",1946,0,0
"by","Wilhelm Hoegner","spd","Kabinett Hoegner I",1945,1946,"bhe",1946,0,0
"by","Wilhelm Hoegner","spd","Kabinett Hoegner I",1945,1946,"bp",1946,0,0
"by","Wilhelm Hoegner","spd","Kabinett Hoegner I",1945,1946,"bsw",1946,0,0
"by","Wilhelm Hoegner","spd","Kabinett Hoegner I",1945,1946,"cdu",1946,1,0
"by","Wilhelm Hoegner","spd","Kabinett Hoegner I",1945,1946,"cvp",1946,0,0
"by","Wilhelm Hoegner","spd","Kabinett Hoegner I",1945,1946,"dp",1946,0,0
"by","Wilhelm Hoegner","spd","Kabinett Hoegner I",1945,1946,"dps",1946,0,0
"by","Wilhelm Hoegner","spd","Kabinett Hoegner I",1945,1946,"fdp",1946,0,0
"by","Wilhelm Hoegner","spd","Kabinett Hoegner I",1945,1946,"fw",1946,0,0
"by","Wilhelm Hoegner","spd","Kabinett Hoegner I",1945,1946,"gb/bhe",1946,0,0
"by","Wilhelm Hoegner","spd","Kabinett Hoegner I",1945,1946,"gru",1946,0,0
"by","Wilhelm Hoegner","spd","Kabinett Hoegner I",1945,1946,"kpd",1946,1,0
"by","Wilhelm Hoegner","spd","Kabinett Hoegner I",1945,1946,"lin",1946,0,0
"by","Wilhelm Hoegner","spd","Kabinett Hoegner I",1945,1946,"lpd",1946,0,0
"by","Wilhelm Hoegner","spd","Kabinett Hoegner I",1945,1946,"nlp",1946,0,0
"by","Wilhelm Hoegner","spd","Kabinett Hoegner I",1945,1946,"pro",1946,0,0
"by","Wilhelm Hoegner","spd","Kabinett Hoegner I",1945,1946,"spd",1946,1,1
"by","Wilhelm Hoegner","spd","Kabinett Hoegner I",1945,1946,"sps",1946,0,0
"by","Wilhelm Hoegner","spd","Kabinett Hoegner I",1945,1946,"ssw",1946,0,0
"by","Wilhelm Hoegner","spd","Kabinett Hoegner I",1945,1946,"statt",1946,0,0
"by","Wilhelm Hoegner","spd","Kabinett Hoegner I",1945,1946,"wav",1946,0,0
"by","Wilhelm Hoegner","spd","Kabinett Hoegner I",1945,1946,"zentrum",1946,0,0
"by","Fritz Schäffer","parteilos","Kabinett Schäffer",1945,1945,"bdv",1945,0,0
"by","Fritz Schäffer","parteilos","Kabinett Schäffer",1945,1945,"bhe",1945,0,0
"by","Fritz Schäffer","parteilos","Kabinett Schäffer",1945,1945,"bp",1945,0,0
"by","Fritz Schäffer","parteilos","Kabinett Schäffer",1945,1945,"bsw",1945,0,0
"by","Fritz Schäffer","parteilos","Kabinett Schäffer",1945,1945,"cdu",1945,1,0
"by","Fritz Schäffer","parteilos","Kabinett Schäffer",1945,1945,"cvp",1945,0,0
"by","Fritz Schäffer","parteilos","Kabinett Schäffer",1945,1945,"dp",1945,0,0
"by","Fritz Schäffer","parteilos","Kabinett Schäffer",1945,1945,"dps",1945,0,0
"by","Fritz Schäffer","parteilos","Kabinett Schäffer",1945,1945,"fdp",1945,0,0
"by","Fritz Schäffer","parteilos","Kabinett Schäffer",1945,1945,"fw",1945,0,0
"by","Fritz Schäffer","parteilos","Kabinett Schäffer",1945,1945,"gb/bhe",1945,0,0
"by","Fritz Schäffer","parteilos","Kabinett Schäffer",1945,1945,"gru",1945,0,0
"by","Fritz Schäffer","parteilos","Kabinett Schäffer",1945,1945,"kpd",1945,0,0
"by","Fritz Schäffer","parteilos","Kabinett Schäffer",1945,1945,"lin",1945,0,0
"by","Fritz Schäffer","parteilos","Kabinett Schäffer",1945,1945,"lpd",1945,0,0
"by","Fritz Schäffer","parteilos","Kabinett Schäffer",1945,1945,"nlp",1945,0,0
"by","Fritz Schäffer","parteilos","Kabinett Schäffer",1945,1945,"pro",1945,0,0
"by","Fritz Schäffer","parteilos","Kabinett Schäffer",1945,1945,"spd",1945,1,0
"by","Fritz Schäffer","parteilos","Kabinett Schäffer",1945,1945,"sps",1945,0,0
"by","Fritz Schäffer","parteilos","Kabinett Schäffer",1945,1945,"ssw",1945,0,0
"by","Fritz Schäffer","parteilos","Kabinett Schäffer",1945,1945,"statt",1945,0,0
"by","Fritz Schäffer","parteilos","Kabinett Schäffer",1945,1945,"wav",1945,0,0
"by","Fritz Schäffer","parteilos","Kabinett Schäffer",1945,1945,"zentrum",1945,0,0
"hb","Wilhelm Kaisen","spd","Kaisen I",1945,1946,"bdv",1946,1,0
"hb","Wilhelm Kaisen","spd","Kaisen I",1945,1946,"bhe",1946,0,0
"hb","Wilhelm Kaisen","spd","Kaisen I",1945,1946,"bp",1946,0,0
"hb","Wilhelm Kaisen","spd","Kaisen I",1945,1946,"bsw",1946,0,0
"hb","Wilhelm Kaisen","spd","Kaisen I",1945,1946,"cdu",1946,0,0
"hb","Wilhelm Kaisen","spd","Kaisen I",1945,1946,"cvp",1946,0,0
"hb","Wilhelm Kaisen","spd","Kaisen I",1945,1946,"dp",1946,0,0
"hb","Wilhelm Kaisen","spd","Kaisen I",1945,1946,"dps",1946,0,0
"hb","Wilhelm Kaisen","spd","Kaisen I",1945,1946,"fdp",1946,0,0
"hb","Wilhelm Kaisen","spd","Kaisen I",1945,1946,"fw",1946,0,0
"hb","Wilhelm Kaisen","spd","Kaisen I",1945,1946,"gb/bhe",1946,0,0
"hb","Wilhelm Kaisen","spd","Kaisen I",1945,1946,"gru",1946,0,0
"hb","Wilhelm Kaisen","spd","Kaisen I",1945,1946,"kpd",1946,0,0
"hb","Wilhelm Kaisen","spd","Kaisen I",1945,1946,"lin",1946,0,0
"hb","Wilhelm Kaisen","spd","Kaisen I",1945,1946,"lpd",1946,0,0
"hb","Wilhelm Kaisen","spd","Kaisen I",1945,1946,"nlp",1946,0,0
"hb","Wilhelm Kaisen","spd","Kaisen I",1945,1946,"pro",1946,0,0
"hb","Wilhelm Kaisen","spd","Kaisen I",1945,1946,"spd",1946,1,1
"hb","Wilhelm Kaisen","spd","Kaisen I",1945,1946,"sps",1946,0,0
"hb","Wilhelm Kaisen","spd","Kaisen I",1945,1946,"ssw",1946,0,0
"hb","Wilhelm Kaisen","spd","Kaisen I",1945,1946,"statt",1946,0,0
"hb","Wilhelm Kaisen","spd","Kaisen I",1945,1946,"wav",1946,0,0
"hb","Wilhelm Kaisen","spd","Kaisen I",1945,1946,"zentrum",1946,0,0
"hb","Erich Vagts","spd","Vagts",1945,1945,"bdv",1945,1,0
"hb","Erich Vagts","spd","Vagts",1945,1945,"bhe",1945,0,0
"hb","Erich Vagts","spd","Vagts",1945,1945,"bp",1945,0,0
"hb","Erich Vagts","spd","Vagts",1945,1945,"bsw",1945,0,0
"hb","Erich Vagts","spd","Vagts",1945,1945,"cdu",1945,0,0
"hb","Erich Vagts","spd","Vagts",1945,1945,"cvp",1945,0,0
"hb","Erich Vagts","spd","Vagts",1945,1945,"dp",1945,0,0
"hb","Erich Vagts","spd","Vagts",1945,1945,"dps",1945,0,0
"hb","Erich Vagts","spd","Vagts",1945,1945,"fdp",1945,0,0
"hb","Erich Vagts","spd","Vagts",1945,1945,"fw",1945,0,0
"hb","Erich Vagts","spd","Vagts",1945,1945,"gb/bhe",1945,0,0
"hb","Erich Vagts","spd","Vagts",1945,1945,"gru",1945,0,0
"hb","Erich Vagts","spd","Vagts",1945,1945,"kpd",1945,0,0
"hb","Erich Vagts","spd","Vagts",1945,1945,"lin",1945,0,0
"hb","Erich Vagts","spd","Vagts",1945,1945,"lpd",1945,0,0
"hb","Erich Vagts","spd","Vagts",1945,1945,"nlp",1945,0,0
"hb","Erich Vagts","spd","Vagts",1945,1945,"pro",1945,0,0
"hb","Erich Vagts","spd","Vagts",1945,1945,"spd",1945,1,1
"hb","Erich Vagts","spd","Vagts",1945,1945,"sps",1945,0,0
"hb","Erich Vagts","spd","Vagts",1945,1945,"ssw",1945,0,0
"hb","Erich Vagts","spd","Vagts",1945,1945,"statt",1945,0,0
"hb","Erich Vagts","spd","Vagts",1945,1945,"wav",1945,0,0
"hb","Erich Vagts","spd","Vagts",1945,1945,"zentrum",1945,0,0
"he","Karl Geiler","spd","Kabinett Geiler",1945,1946,"bdv",1946,0,0
"he","Karl Geiler","spd","Kabinett Geiler",1945,1946,"bhe",1946,0,0
"he","Karl Geiler","spd","Kabinett Geiler",1945,1946,"bp",1946,0,0
"he","Karl Geiler","spd","Kabinett Geiler",1945,1946,"bsw",1946,0,0
"he","Karl Geiler","spd","Kabinett Geiler",1945,1946,"cdu",1946,0,0
"he","Karl Geiler","spd","Kabinett Geiler",1945,1946,"cvp",1946,0,0
"he","Karl Geiler","spd","Kabinett Geiler",1945,1946,"dp",1946,0,0
"he","Karl Geiler","spd","Kabinett Geiler",1945,1946,"dps",1946,0,0
"he","Karl Geiler","spd","Kabinett Geiler",1945,1946,"fdp",1946,1,0
"he","Karl Geiler","spd","Kabinett Geiler",1945,1946,"fw",1946,0,0
"he","Karl Geiler","spd","Kabinett Geiler",1945,1946,"gb/bhe",1946,0,0
"he","Karl Geiler","spd","Kabinett Geiler",1945,1946,"gru",1946,0,0
"he","Karl Geiler","spd","Kabinett Geiler",1945,1946,"kpd",1946,1,0
"he","Karl Geiler","spd","Kabinett Geiler",1945,1946,"lin",1946,0,0
"he","Karl Geiler","spd","Kabinett Geiler",1945,1946,"lpd",1946,1,0
"he","Karl Geiler","spd","Kabinett Geiler",1945,1946,"nlp",1946,0,0
"he","Karl Geiler","spd","Kabinett Geiler",1945,1946,"pro",1946,0,0
"he","Karl Geiler","spd","Kabinett Geiler",1945,1946,"spd",1946,1,1
"he","Karl Geiler","spd","Kabinett Geiler",1945,1946,"sps",1946,0,0
"he","Karl Geiler","spd","Kabinett Geiler",1945,1946,"ssw",1946,0,0
"he","Karl Geiler","spd","Kabinett Geiler",1945,1946,"statt",1946,0,0
"he","Karl Geiler","spd","Kabinett Geiler",1945,1946,"wav",1946,0,0
"he","Karl Geiler","spd","Kabinett Geiler",1945,1946,"zentrum",1946,0,0
"hh","Rudolf Petersen","cdu","Kabinett Petersen",1945,1946,"bdv",1946,0,0
"hh","Rudolf Petersen","cdu","Kabinett Petersen",1945,1946,"bhe",1946,0,0
"hh","Rudolf Petersen","cdu","Kabinett Petersen",1945,1946,"bp",1946,0,0
"hh","Rudolf Petersen","cdu","Kabinett Petersen",1945,1946,"bsw",1946,0,0
"hh","Rudolf Petersen","cdu","Kabinett Petersen",1945,1946,"cdu",1946,1,1
"hh","Rudolf Petersen","cdu","Kabinett Petersen",1945,1946,"cvp",1946,0,0
"hh","Rudolf Petersen","cdu","Kabinett Petersen",1945,1946,"dp",1946,0,0
"hh","Rudolf Petersen","cdu","Kabinett Petersen",1945,1946,"dps",1946,0,0
"hh","Rudolf Petersen","cdu","Kabinett Petersen",1945,1946,"fdp",1946,1,0
"hh","Rudolf Petersen","cdu","Kabinett Petersen",1945,1946,"fw",1946,0,0
"hh","Rudolf Petersen","cdu","Kabinett Petersen",1945,1946,"gb/bhe",1946,0,0
"hh","Rudolf Petersen","cdu","Kabinett Petersen",1945,1946,"gru",1946,0,0
"hh","Rudolf Petersen","cdu","Kabinett Petersen",1945,1946,"kpd",1946,1,0
"hh","Rudolf Petersen","cdu","Kabinett Petersen",1945,1946,"lin",1946,0,0
"hh","Rudolf Petersen","cdu","Kabinett Petersen",1945,1946,"lpd",1946,0,0
"hh","Rudolf Petersen","cdu","Kabinett Petersen",1945,1946,"nlp",1946,0,0
"hh","Rudolf Petersen","cdu","Kabinett Petersen",1945,1946,"pro",1946,0,0
"hh","Rudolf Petersen","cdu","Kabinett Petersen",1945,1946,"spd",1946,1,0
"hh","Rudolf Petersen","cdu","Kabinett Petersen",1945,1946,"sps",1946,0,0
"hh","Rudolf Petersen","cdu","Kabinett Petersen",1945,1946,"ssw",1946,0,0
"hh","Rudolf Petersen","cdu","Kabinett Petersen",1945,1946,"statt",1946,0,0
"hh","Rudolf Petersen","cdu","Kabinett Petersen",1945,1946,"wav",1946,0,0
"hh","Rudolf Petersen","cdu","Kabinett Petersen",1945,1946,"zentrum",1946,0,0
"by","Hans Ehard","cdu","Kabinett Ehard I",1946,1947,"bdv",1947,0,0
"by","Hans Ehard","cdu","Kabinett Ehard I",1946,1947,"bhe",1947,0,0
"by","Hans Ehard","cdu","Kabinett Ehard I",1946,1947,"bp",1947,0,0
"by","Hans Ehard","cdu","Kabinett Ehard I",1946,1947,"bsw",1947,0,0
"by","Hans Ehard","cdu","Kabinett Ehard I",1946,1947,"cdu",1947,1,1
"by","Hans Ehard","cdu","Kabinett Ehard I",1946,1947,"cvp",1947,0,0
"by","Hans Ehard","cdu","Kabinett Ehard I",1946,1947,"dp",1947,0,0
"by","Hans Ehard","cdu","Kabinett Ehard I",1946,1947,"dps",1947,0,0
"by","Hans Ehard","cdu","Kabinett Ehard I",1946,1947,"fdp",1947,0,0
"by","Hans Ehard","cdu","Kabinett Ehard I",1946,1947,"fw",1947,0,0
"by","Hans Ehard","cdu","Kabinett Ehard I",1946,1947,"gb/bhe",1947,0,0
"by","Hans Ehard","cdu","Kabinett Ehard I",1946,1947,"gru",1947,0,0
"by","Hans Ehard","cdu","Kabinett Ehard I",1946,1947,"kpd",1947,0,0
"by","Hans Ehard","cdu","Kabinett Ehard I",1946,1947,"lin",1947,0,0
"by","Hans Ehard","cdu","Kabinett Ehard I",1946,1947,"lpd",1947,0,0
"by","Hans Ehard","cdu","Kabinett Ehard I",1946,1947,"nlp",1947,0,0
"by","Hans Ehard","cdu","Kabinett Ehard I",1946,1947,"pro",1947,0,0
"by","Hans Ehard","cdu","Kabinett Ehard I",1946,1947,"spd",1947,1,0
"by","Hans Ehard","cdu","Kabinett Ehard I",1946,1947,"sps",1947,0,0
"by","Hans Ehard","cdu","Kabinett Ehard I",1946,1947,"ssw",1947,0,0
"by","Hans Ehard","cdu","Kabinett Ehard I",1946,1947,"statt",1947,0,0
"by","Hans Ehard","cdu","Kabinett Ehard I",1946,1947,"wav",1947,1,0
"by","Hans Ehard","cdu","Kabinett Ehard I",1946,1947,"zentrum",1947,0,0
"hb","Wilhelm Kaisen","spd","Kaisen II",1946,1948,"bdv",1948,1,0
"hb","Wilhelm Kaisen","spd","Kaisen II",1946,1948,"bhe",1948,0,0
"hb","Wilhelm Kaisen","spd","Kaisen II",1946,1948,"bp",1948,0,0
"hb","Wilhelm Kaisen","spd","Kaisen II",1946,1948,"bsw",1948,0,0
"hb","Wilhelm Kaisen","spd","Kaisen II",1946,1948,"cdu",1948,0,0
"hb","Wilhelm Kaisen","spd","Kaisen II",1946,1948,"cvp",1948,0,0
"hb","Wilhelm Kaisen","spd","Kaisen II",1946,1948,"dp",1948,0,0
"hb","Wilhelm Kaisen","spd","Kaisen II",1946,1948,"dps",1948,0,0
"hb","Wilhelm Kaisen","spd","Kaisen II",1946,1948,"fdp",1948,0,0
"hb","Wilhelm Kaisen","spd","Kaisen II",1946,1948,"fw",1948,0,0
"hb","Wilhelm Kaisen","spd","Kaisen II",1946,1948,"gb/bhe",1948,0,0
"hb","Wilhelm Kaisen","spd","Kaisen II",1946,1948,"gru",1948,0,0
"hb","Wilhelm Kaisen","spd","Kaisen II",1946,1948,"kpd",1948,0,0
"hb","Wilhelm Kaisen","spd","Kaisen II",1946,1948,"lin",1948,0,0
"hb","Wilhelm Kaisen","spd","Kaisen II",1946,1948,"lpd",1948,0,0
"hb","Wilhelm Kaisen","spd","Kaisen II",1946,1948,"nlp",1948,0,0
"hb","Wilhelm Kaisen","spd","Kaisen II",1946,1948,"pro",1948,0,0
"hb","Wilhelm Kaisen","spd","Kaisen II",1946,1948,"spd",1948,1,1
"hb","Wilhelm Kaisen","spd","Kaisen II",1946,1948,"sps",1948,0,0
"hb","Wilhelm Kaisen","spd","Kaisen II",1946,1948,"ssw",1948,0,0
"hb","Wilhelm Kaisen","spd","Kaisen II",1946,1948,"statt",1948,0,0
"hb","Wilhelm Kaisen","spd","Kaisen II",1946,1948,"wav",1948,0,0
"hb","Wilhelm Kaisen","spd","Kaisen II",1946,1948,"zentrum",1948,0,0
"he","Christian Stock","spd","Kabinett Stock",1946,1950,"bdv",1950,0,0
"he","Christian Stock","spd","Kabinett Stock",1946,1950,"bhe",1950,0,0
"he","Christian Stock","spd","Kabinett Stock",1946,1950,"bp",1950,0,0
"he","Christian Stock","spd","Kabinett Stock",1946,1950,"bsw",1950,0,0
"he","Christian Stock","spd","Kabinett Stock",1946,1950,"cdu",1950,1,0
"he","Christian Stock","spd","Kabinett Stock",1946,1950,"cvp",1950,0,0
"he","Christian Stock","spd","Kabinett Stock",1946,1950,"dp",1950,0,0
"he","Christian Stock","spd","Kabinett Stock",1946,1950,"dps",1950,0,0
"he","Christian Stock","spd","Kabinett Stock",1946,1950,"fdp",1950,0,0
"he","Christian Stock","spd","Kabinett Stock",1946,1950,"fw",1950,0,0
"he","Christian Stock","spd","Kabinett Stock",1946,1950,"gb/bhe",1950,0,0
"he","Christian Stock","spd","Kabinett Stock",1946,1950,"gru",1950,0,0
"he","Christian Stock","spd","Kabinett Stock",1946,1950,"kpd",1950,0,0
"he","Christian Stock","spd","Kabinett Stock",1946,1950,"lin",1950,0,0
"he","Christian Stock","spd","Kabinett Stock",1946,1950,"lpd",1950,0,0
"he","Christian Stock","spd","Kabinett Stock",1946,1950,"nlp",1950,0,0
"he","Christian Stock","spd","Kabinett Stock",1946,1950,"pro",1950,0,0
"he","Christian Stock","spd","Kabinett Stock",1946,1950,"spd",1950,1,1
"he","Christian Stock","spd","Kabinett Stock",1946,1950,"sps",1950,0,0
"he","Christian Stock","spd","Kabinett Stock",1946,1950,"ssw",1950,0,0
"he","Christian Stock","spd","Kabinett Stock",1946,1950,"statt",1950,0,0
"he","Christian Stock","spd","Kabinett Stock",1946,1950,"wav",1950,0,0
"he","Christian Stock","spd","Kabinett Stock",1946,1950,"zentrum",1950,0,0
"hh","Max Brauer","spd","Kabinett Brauer I",1946,1950,"bdv",1949,0,0
"hh","Max Brauer","spd","Kabinett Brauer I",1946,1950,"bhe",1949,0,0
"hh","Max Brauer","spd","Kabinett Brauer I",1946,1950,"bp",1949,0,0
"hh","Max Brauer","spd","Kabinett Brauer I",1946,1950,"bsw",1949,0,0
"hh","Max Brauer","spd","Kabinett Brauer I",1946,1950,"cdu",1949,0,0
"hh","Max Brauer","spd","Kabinett Brauer I",1946,1950,"cvp",1949,0,0
"hh","Max Brauer","spd","Kabinett Brauer I",1946,1950,"dp",1949,0,0
"hh","Max Brauer","spd","Kabinett Brauer I",1946,1950,"dps",1949,0,0
"hh","Max Brauer","spd","Kabinett Brauer I",1946,1950,"fdp",1949,1,0
"hh","Max Brauer","spd","Kabinett Brauer I",1946,1950,"fw",1949,0,0
"hh","Max Brauer","spd","Kabinett Brauer I",1946,1950,"gb/bhe",1949,0,0
"hh","Max Brauer","spd","Kabinett Brauer I",1946,1950,"gru",1949,0,0
"hh","Max Brauer","spd","Kabinett Brauer I",1946,1950,"kpd",1949,1,0
"hh","Max Brauer","spd","Kabinett Brauer I",1946,1950,"lin",1949,0,0
"hh","Max Brauer","spd","Kabinett Brauer I",1946,1950,"lpd",1949,0,0
"hh","Max Brauer","spd","Kabinett Brauer I",1946,1950,"nlp",1949,0,0
"hh","Max Brauer","spd","Kabinett Brauer I",1946,1950,"pro",1949,0,0
"hh","Max Brauer","spd","Kabinett Brauer I",1946,1950,"spd",1949,1,1
"hh","Max Brauer","spd","Kabinett Brauer I",1946,1950,"sps",1949,0,0
"hh","Max Brauer","spd","Kabinett Brauer I",1946,1950,"ssw",1949,0,0
"hh","Max Brauer","spd","Kabinett Brauer I",1946,1950,"statt",1949,0,0
"hh","Max Brauer","spd","Kabinett Brauer I",1946,1950,"wav",1949,0,0
"hh","Max Brauer","spd","Kabinett Brauer I",1946,1950,"zentrum",1949,0,0
"ni","Hinrich Wilhelm Kopf","spd","Kopf I",1946,1947,"bdv",1947,0,0
"ni","Hinrich Wilhelm Kopf","spd","Kopf I",1946,1947,"bhe",1947,0,0
"ni","Hinrich Wilhelm Kopf","spd","Kopf I",1946,1947,"bp",1947,0,0
"ni","Hinrich Wilhelm Kopf","spd","Kopf I",1946,1947,"bsw",1947,0,0
"ni","Hinrich Wilhelm Kopf","spd","Kopf I",1946,1947,"cdu",1947,1,0
"ni","Hinrich Wilhelm Kopf","spd","Kopf I",1946,1947,"cvp",1947,0,0
"ni","Hinrich Wilhelm Kopf","spd","Kopf I",1946,1947,"dp",1947,0,0
"ni","Hinrich Wilhelm Kopf","spd","Kopf I",1946,1947,"dps",1947,0,0
"ni","Hinrich Wilhelm Kopf","spd","Kopf I",1946,1947,"fdp",1947,1,0
"ni","Hinrich Wilhelm Kopf","spd","Kopf I",1946,1947,"fw",1947,0,0
"ni","Hinrich Wilhelm Kopf","spd","Kopf I",1946,1947,"gb/bhe",1947,0,0
"ni","Hinrich Wilhelm Kopf","spd","Kopf I",1946,1947,"gru",1947,0,0
"ni","Hinrich Wilhelm Kopf","spd","Kopf I",1946,1947,"kpd",1947,1,0
"ni","Hinrich Wilhelm Kopf","spd","Kopf I",1946,1947,"lin",1947,0,0
"ni","Hinrich Wilhelm Kopf","spd","Kopf I",1946,1947,"lpd",1947,0,0
"ni","Hinrich Wilhelm Kopf","spd","Kopf I",1946,1947,"nlp",1947,1,0
"ni","Hinrich Wilhelm Kopf","spd","Kopf I",1946,1947,"pro",1947,0,0
"ni","Hinrich Wilhelm Kopf","spd","Kopf I",1946,1947,"spd",1947,1,1
"ni","Hinrich Wilhelm Kopf","spd","Kopf I",1946,1947,"sps",1947,0,0
"ni","Hinrich Wilhelm Kopf","spd","Kopf I",1946,1947,"ssw",1947,0,0
"ni","Hinrich Wilhelm Kopf","spd","Kopf I",1946,1947,"statt",1947,0,0
"ni","Hinrich Wilhelm Kopf","spd","Kopf I",1946,1947,"wav",1947,0,0
"ni","Hinrich Wilhelm Kopf","spd","Kopf I",1946,1947,"zentrum",1947,0,0
"nw","Rudolf Amelunxen","parteilos","Kabinett Amelunxen I",1946,1946,"bdv",1946,0,0
"nw","Rudolf Amelunxen","parteilos","Kabinett Amelunxen I",1946,1946,"bhe",1946,0,0
"nw","Rudolf Amelunxen","parteilos","Kabinett Amelunxen I",1946,1946,"bp",1946,0,0
"nw","Rudolf Amelunxen","parteilos","Kabinett Amelunxen I",1946,1946,"bsw",1946,0,0
"nw","Rudolf Amelunxen","parteilos","Kabinett Amelunxen I",1946,1946,"cdu",1946,0,0
"nw","Rudolf Amelunxen","parteilos","Kabinett Amelunxen I",1946,1946,"cvp",1946,0,0
"nw","Rudolf Amelunxen","parteilos","Kabinett Amelunxen I",1946,1946,"dp",1946,0,0
"nw","Rudolf Amelunxen","parteilos","Kabinett Amelunxen I",1946,1946,"dps",1946,0,0
"nw","Rudolf Amelunxen","parteilos","Kabinett Amelunxen I",1946,1946,"fdp",1946,1,0
"nw","Rudolf Amelunxen","parteilos","Kabinett Amelunxen I",1946,1946,"fw",1946,0,0
"nw","Rudolf Amelunxen","parteilos","Kabinett Amelunxen I",1946,1946,"gb/bhe",1946,0,0
"nw","Rudolf Amelunxen","parteilos","Kabinett Amelunxen I",1946,1946,"gru",1946,0,0
"nw","Rudolf Amelunxen","parteilos","Kabinett Amelunxen I",1946,1946,"kpd",1946,1,0
"nw","Rudolf Amelunxen","parteilos","Kabinett Amelunxen I",1946,1946,"lin",1946,0,0
"nw","Rudolf Amelunxen","parteilos","Kabinett Amelunxen I",1946,1946,"lpd",1946,0,0
"nw","Rudolf Amelunxen","parteilos","Kabinett Amelunxen I",1946,1946,"nlp",1946,0,0
"nw","Rudolf Amelunxen","parteilos","Kabinett Amelunxen I",1946,1946,"pro",1946,0,0
"nw","Rudolf Amelunxen","parteilos","Kabinett Amelunxen I",1946,1946,"spd",1946,1,0
"nw","Rudolf Amelunxen","parteilos","Kabinett Amelunxen I",1946,1946,"sps",1946,0,0
"nw","Rudolf Amelunxen","parteilos","Kabinett Amelunxen I",1946,1946,"ssw",1946,0,0
"nw","Rudolf Amelunxen","parteilos","Kabinett Amelunxen I",1946,1946,"statt",1946,0,0
"nw","Rudolf Amelunxen","parteilos","Kabinett Amelunxen I",1946,1946,"wav",1946,0,0
"nw","Rudolf Amelunxen","parteilos","Kabinett Amelunxen I",1946,1946,"zentrum",1946,1,0
"nw","Rudolf Amelunxen","parteilos","Kabinett Amelunxen II",1946,1947,"bdv",1947,0,0
"nw","Rudolf Amelunxen","parteilos","Kabinett Amelunxen II",1946,1947,"bhe",1947,0,0
"nw","Rudolf Amelunxen","parteilos","Kabinett Amelunxen II",1946,1947,"bp",1947,0,0
"nw","Rudolf Amelunxen","parteilos","Kabinett Amelunxen II",1946,1947,"bsw",1947,0,0
"nw","Rudolf Amelunxen","parteilos","Kabinett Amelunxen II",1946,1947,"cdu",1947,1,0
"nw","Rudolf Amelunxen","parteilos","Kabinett Amelunxen II",1946,1947,"cvp",1947,0,0
"nw","Rudolf Amelunxen","parteilos","Kabinett Amelunxen II",1946,1947,"dp",1947,0,0
"nw","Rudolf Amelunxen","parteilos","Kabinett Amelunxen II",1946,1947,"dps",1947,0,0
"nw","Rudolf Amelunxen","parteilos","Kabinett Amelunxen II",1946,1947,"fdp",1947,1,0
"nw","Rudolf Amelunxen","parteilos","Kabinett Amelunxen II",1946,1947,"fw",1947,0,0
"nw","Rudolf Amelunxen","parteilos","Kabinett Amelunxen II",1946,1947,"gb/bhe",1947,0,0
"nw","Rudolf Amelunxen","parteilos","Kabinett Amelunxen II",1946,1947,"gru",1947,0,0
"nw","Rudolf Amelunxen","parteilos","Kabinett Amelunxen II",1946,1947,"kpd",1947,1,0
"nw","Rudolf Amelunxen","parteilos","Kabinett Amelunxen II",1946,1947,"lin",1947,0,0
"nw","Rudolf Amelunxen","parteilos","Kabinett Amelunxen II",1946,1947,"lpd",1947,0,0
"nw","Rudolf Amelunxen","parteilos","Kabinett Amelunxen II",1946,1947,"nlp",1947,0,0
"nw","Rudolf Amelunxen","parteilos","Kabinett Amelunxen II",1946,1947,"pro",1947,0,0
"nw","Rudolf Amelunxen","parteilos","Kabinett Amelunxen II",1946,1947,"spd",1947,1,0
"nw","Rudolf Amelunxen","parteilos","Kabinett Amelunxen II",1946,1947,"sps",1947,0,0
"nw","Rudolf Amelunxen","parteilos","Kabinett Amelunxen II",1946,1947,"ssw",1947,0,0
"nw","Rudolf Amelunxen","parteilos","Kabinett Amelunxen II",1946,1947,"statt",1947,0,0
"nw","Rudolf Amelunxen","parteilos","Kabinett Amelunxen II",1946,1947,"wav",1947,0,0
"nw","Rudolf Amelunxen","parteilos","Kabinett Amelunxen II",1946,1947,"zentrum",1947,1,0
"sh","Theodor Steltzer","cdu","Kabinett Steltzer I",1946,1946,"bdv",1946,0,0
"sh","Theodor Steltzer","cdu","Kabinett Steltzer I",1946,1946,"bhe",1946,0,0
"sh","Theodor Steltzer","cdu","Kabinett Steltzer I",1946,1946,"bp",1946,0,0
"sh","Theodor Steltzer","cdu","Kabinett Steltzer I",1946,1946,"bsw",1946,0,0
"sh","Theodor Steltzer","cdu","Kabinett Steltzer I",1946,1946,"cdu",1946,1,1
"sh","Theodor Steltzer","cdu","Kabinett Steltzer I",1946,1946,"cvp",1946,0,0
"sh","Theodor Steltzer","cdu","Kabinett Steltzer I",1946,1946,"dp",1946,0,0
"sh","Theodor Steltzer","cdu","Kabinett Steltzer I",1946,1946,"dps",1946,0,0
"sh","Theodor Steltzer","cdu","Kabinett Steltzer I",1946,1946,"fdp",1946,0,0
"sh","Theodor Steltzer","cdu","Kabinett Steltzer I",1946,1946,"fw",1946,0,0
"sh","Theodor Steltzer","cdu","Kabinett Steltzer I",1946,1946,"gb/bhe",1946,0,0
"sh","Theodor Steltzer","cdu","Kabinett Steltzer I",1946,1946,"gru",1946,0,0
"sh","Theodor Steltzer","cdu","Kabinett Steltzer I",1946,1946,"kpd",1946,1,0
"sh","Theodor Steltzer","cdu","Kabinett Steltzer I",1946,1946,"lin",1946,0,0
"sh","Theodor Steltzer","cdu","Kabinett Steltzer I",1946,1946,"lpd",1946,0,0
"sh","Theodor Steltzer","cdu","Kabinett Steltzer I",1946,1946,"nlp",1946,0,0
"sh","Theodor Steltzer","cdu","Kabinett Steltzer I",1946,1946,"pro",1946,0,0
"sh","Theodor Steltzer","cdu","Kabinett Steltzer I",1946,1946,"spd",1946,1,0
"sh","Theodor Steltzer","cdu","Kabinett Steltzer I",1946,1946,"sps",1946,0,0
"sh","Theodor Steltzer","cdu","Kabinett Steltzer I",1946,1946,"ssw",1946,0,0
"sh","Theodor Steltzer","cdu","Kabinett Steltzer I",1946,1946,"statt",1946,0,0
"sh","Theodor Steltzer","cdu","Kabinett Steltzer I",1946,1946,"wav",1946,0,0
"sh","Theodor Steltzer","cdu","Kabinett Steltzer I",1946,1946,"zentrum",1946,0,0
"sh","Theodor Steltzer","cdu","Kabinett Steltzer II",1946,1947,"bdv",1947,0,0
"sh","Theodor Steltzer","cdu","Kabinett Steltzer II",1946,1947,"bhe",1947,0,0
"sh","Theodor Steltzer","cdu","Kabinett Steltzer II",1946,1947,"bp",1947,0,0
"sh","Theodor Steltzer","cdu","Kabinett Steltzer II",1946,1947,"bsw",1947,0,0
"sh","Theodor Steltzer","cdu","Kabinett Steltzer II",1946,1947,"cdu",1947,1,1
"sh","Theodor Steltzer","cdu","Kabinett Steltzer II",1946,1947,"cvp",1947,0,0
"sh","Theodor Steltzer","cdu","Kabinett Steltzer II",1946,1947,"dp",1947,0,0
"sh","Theodor Steltzer","cdu","Kabinett Steltzer II",1946,1947,"dps",1947,0,0
"sh","Theodor Steltzer","cdu","Kabinett Steltzer II",1946,1947,"fdp",1947,0,0
"sh","Theodor Steltzer","cdu","Kabinett Steltzer II",1946,1947,"fw",1947,0,0
"sh","Theodor Steltzer","cdu","Kabinett Steltzer II",1946,1947,"gb/bhe",1947,0,0
"sh","Theodor Steltzer","cdu","Kabinett Steltzer II",1946,1947,"gru",1947,0,0
"sh","Theodor Steltzer","cdu","Kabinett Steltzer II",1946,1947,"kpd",1947,0,0
"sh","Theodor Steltzer","cdu","Kabinett Steltzer II",1946,1947,"lin",1947,0,0
"sh","Theodor Steltzer","cdu","Kabinett Steltzer II",1946,1947,"lpd",1947,0,0
"sh","Theodor Steltzer","cdu","Kabinett Steltzer II",1946,1947,"nlp",1947,0,0
"sh","Theodor Steltzer","cdu","Kabinett Steltzer II",1946,1947,"pro",1947,0,0
"sh","Theodor Steltzer","cdu","Kabinett Steltzer II",1946,1947,"spd",1947,1,0
"sh","Theodor Steltzer","cdu","Kabinett Steltzer II",1946,1947,"sps",1947,0,0
"sh","Theodor Steltzer","cdu","Kabinett Steltzer II",1946,1947,"ssw",1947,0,0
"sh","Theodor Steltzer","cdu","Kabinett Steltzer II",1946,1947,"statt",1947,0,0
"sh","Theodor Steltzer","cdu","Kabinett Steltzer II",1946,1947,"wav",1947,0,0
"sh","Theodor Steltzer","cdu","Kabinett Steltzer II",1946,1947,"zentrum",1947,0,0
"by","Hans Ehard","spd","Kabinett Ehard II",1947,1950,"bdv",1950,0,0
"by","Hans Ehard","spd","Kabinett Ehard II",1947,1950,"bhe",1950,0,0
"by","Hans Ehard","spd","Kabinett Ehard II",1947,1950,"bp",1950,0,0
"by","Hans Ehard","spd","Kabinett Ehard II",1947,1950,"bsw",1950,0,0
"by","Hans Ehard","spd","Kabinett Ehard II",1947,1950,"cdu",1950,1,0
"by","Hans Ehard","spd","Kabinett Ehard II",1947,1950,"cvp",1950,0,0
"by","Hans Ehard","spd","Kabinett Ehard II",1947,1950,"dp",1950,0,0
"by","Hans Ehard","spd","Kabinett Ehard II",1947,1950,"dps",1950,0,0
"by","Hans Ehard","spd","Kabinett Ehard II",1947,1950,"fdp",1950,0,0
"by","Hans Ehard","spd","Kabinett Ehard II",1947,1950,"fw",1950,0,0
"by","Hans Ehard","spd","Kabinett Ehard II",1947,1950,"gb/bhe",1950,0,0
"by","Hans Ehard","spd","Kabinett Ehard II",1947,1950,"gru",1950,0,0
"by","Hans Ehard","spd","Kabinett Ehard II",1947,1950,"kpd",1950,0,0
"by","Hans Ehard","spd","Kabinett Ehard II",1947,1950,"lin",1950,0,0
"by","Hans Ehard","spd","Kabinett Ehard II",1947,1950,"lpd",1950,0,0
"by","Hans Ehard","spd","Kabinett Ehard II",1947,1950,"nlp",1950,0,0
"by","Hans Ehard","spd","Kabinett Ehard II",1947,1950,"pro",1950,0,0
"by","Hans Ehard","spd","Kabinett Ehard II",1947,1950,"spd",1950,0,1
"by","Hans Ehard","spd","Kabinett Ehard II",1947,1950,"sps",1950,0,0
"by","Hans Ehard","spd","Kabinett Ehard II",1947,1950,"ssw",1950,0,0
"by","Hans Ehard","spd","Kabinett Ehard II",1947,1950,"statt",1950,0,0
"by","Hans Ehard","spd","Kabinett Ehard II",1947,1950,"wav",1950,0,0
"by","Hans Ehard","spd","Kabinett Ehard II",1947,1950,"zentrum",1950,0,0
"ni","Hinrich Wilhelm Kopf","spd","Kopf II",1947,1948,"bdv",1948,0,0
"ni","Hinrich Wilhelm Kopf","spd","Kopf II",1947,1948,"bhe",1948,0,0
"ni","Hinrich Wilhelm Kopf","spd","Kopf II",1947,1948,"bp",1948,0,0
"ni","Hinrich Wilhelm Kopf","spd","Kopf II",1947,1948,"bsw",1948,0,0
"ni","Hinrich Wilhelm Kopf","spd","Kopf II",1947,1948,"cdu",1948,1,0
"ni","Hinrich Wilhelm Kopf","spd","Kopf II",1947,1948,"cvp",1948,0,0
"ni","Hinrich Wilhelm Kopf","spd","Kopf II",1947,1948,"dp",1948,1,0
"ni","Hinrich Wilhelm Kopf","spd","Kopf II",1947,1948,"dps",1948,0,0
"ni","Hinrich Wilhelm Kopf","spd","Kopf II",1947,1948,"fdp",1948,1,0
"ni","Hinrich Wilhelm Kopf","spd","Kopf II",1947,1948,"fw",1948,0,0
"ni","Hinrich Wilhelm Kopf","spd","Kopf II",1947,1948,"gb/bhe",1948,0,0
"ni","Hinrich Wilhelm Kopf","spd","Kopf II",1947,1948,"gru",1948,0,0
"ni","Hinrich Wilhelm Kopf","spd","Kopf II",1947,1948,"kpd",1948,1,0
"ni","Hinrich Wilhelm Kopf","spd","Kopf II",1947,1948,"lin",1948,0,0
"ni","Hinrich Wilhelm Kopf","spd","Kopf II",1947,1948,"lpd",1948,0,0
"ni","Hinrich Wilhelm Kopf","spd","Kopf II",1947,1948,"nlp",1948,0,0
"ni","Hinrich Wilhelm Kopf","spd","Kopf II",1947,1948,"pro",1948,0,0
"ni","Hinrich Wilhelm Kopf","spd","Kopf II",1947,1948,"spd",1948,1,1
"ni","Hinrich Wilhelm Kopf","spd","Kopf II",1947,1948,"sps",1948,0,0
"ni","Hinrich Wilhelm Kopf","spd","Kopf II",1947,1948,"ssw",1948,0,0
"ni","Hinrich Wilhelm Kopf","spd","Kopf II",1947,1948,"statt",1948,0,0
"ni","Hinrich Wilhelm Kopf","spd","Kopf II",1947,1948,"wav",1948,0,0
"ni","Hinrich Wilhelm Kopf","spd","Kopf II",1947,1948,"zentrum",1948,1,0
"rp","Peter Altmeier","cdu","Altmeier I",1947,1951,"bdv",1951,0,0
"rp","Peter Altmeier","cdu","Altmeier I",1947,1951,"bhe",1951,0,0
"rp","Peter Altmeier","cdu","Altmeier I",1947,1951,"bp",1951,0,0
"rp","Peter Altmeier","cdu","Altmeier I",1947,1951,"bsw",1951,0,0
"rp","Peter Altmeier","cdu","Altmeier I",1947,1951,"cdu",1951,1,1
"rp","Peter Altmeier","cdu","Altmeier I",1947,1951,"cvp",1951,0,0
"rp","Peter Altmeier","cdu","Altmeier I",1947,1951,"dp",1951,0,0
"rp","Peter Altmeier","cdu","Altmeier I",1947,1951,"dps",1951,0,0
"rp","Peter Altmeier","cdu","Altmeier I",1947,1951,"fdp",1951,1,0
"rp","Peter Altmeier","cdu","Altmeier I",1947,1951,"fw",1951,0,0
"rp","Peter Altmeier","cdu","Altmeier I",1947,1951,"gb/bhe",1951,0,0
"rp","Peter Altmeier","cdu","Altmeier I",1947,1951,"gru",1951,0,0
"rp","Peter Altmeier","cdu","Altmeier I",1947,1951,"kpd",1951,1,0
"rp","Peter Altmeier","cdu","Altmeier I",1947,1951,"lin",1951,0,0
"rp","Peter Altmeier","cdu","Altmeier I",1947,1951,"lpd",1951,0,0
"rp","Peter Altmeier","cdu","Altmeier I",1947,1951,"nlp",1951,0,0
"rp","Peter Altmeier","cdu","Altmeier I",1947,1951,"pro",1951,0,0
"rp","Peter Altmeier","cdu","Altmeier I",1947,1951,"spd",1951,1,0
"rp","Peter Altmeier","cdu","Altmeier I",1947,1951,"sps",1951,0,0
"rp","Peter Altmeier","cdu","Altmeier I",1947,1951,"ssw",1951,0,0
"rp","Peter Altmeier","cdu","Altmeier I",1947,1951,"statt",1951,0,0
"rp","Peter Altmeier","cdu","Altmeier I",1947,1951,"wav",1951,0,0
"rp","Peter Altmeier","cdu","Altmeier I",1947,1951,"zentrum",1951,0,0
"rp","Wilhelm Boden","cdu","Boden II",1947,1947,"bdv",1947,0,0
"rp","Wilhelm Boden","cdu","Boden II",1947,1947,"bhe",1947,0,0
"rp","Wilhelm Boden","cdu","Boden II",1947,1947,"bp",1947,0,0
"rp","Wilhelm Boden","cdu","Boden II",1947,1947,"bsw",1947,0,0
"rp","Wilhelm Boden","cdu","Boden II",1947,1947,"cdu",1947,1,1
"rp","Wilhelm Boden","cdu","Boden II",1947,1947,"cvp",1947,0,0
"rp","Wilhelm Boden","cdu","Boden II",1947,1947,"dp",1947,0,0
"rp","Wilhelm Boden","cdu","Boden II",1947,1947,"dps",1947,0,0
"rp","Wilhelm Boden","cdu","Boden II",1947,1947,"fdp",1947,0,0
"rp","Wilhelm Boden","cdu","Boden II",1947,1947,"fw",1947,0,0
"rp","Wilhelm Boden","cdu","Boden II",1947,1947,"gb/bhe",1947,0,0
"rp","Wilhelm Boden","cdu","Boden II",1947,1947,"gru",1947,0,0
"rp","Wilhelm Boden","cdu","Boden II",1947,1947,"kpd",1947,0,0
"rp","Wilhelm Boden","cdu","Boden II",1947,1947,"lin",1947,0,0
"rp","Wilhelm Boden","cdu","Boden II",1947,1947,"lpd",1947,0,0
"rp","Wilhelm Boden","cdu","Boden II",1947,1947,"nlp",1947,0,0
"rp","Wilhelm Boden","cdu","Boden II",1947,1947,"pro",1947,0,0
"rp","Wilhelm Boden","cdu","Boden II",1947,1947,"spd",1947,0,0
"rp","Wilhelm Boden","cdu","Boden II",1947,1947,"sps",1947,0,0
"rp","Wilhelm Boden","cdu","Boden II",1947,1947,"ssw",1947,0,0
"rp","Wilhelm Boden","cdu","Boden II",1947,1947,"statt",1947,0,0
"rp","Wilhelm Boden","cdu","Boden II",1947,1947,"wav",1947,0,0
"rp","Wilhelm Boden","cdu","Boden II",1947,1947,"zentrum",1947,0,0
"sh","Hermann Lüdemann","spd","Kabinett Lüdemann",1947,1949,"bdv",1949,0,0
"sh","Hermann Lüdemann","spd","Kabinett Lüdemann",1947,1949,"bhe",1949,0,0
"sh","Hermann Lüdemann","spd","Kabinett Lüdemann",1947,1949,"bp",1949,0,0
"sh","Hermann Lüdemann","spd","Kabinett Lüdemann",1947,1949,"bsw",1949,0,0
"sh","Hermann Lüdemann","spd","Kabinett Lüdemann",1947,1949,"cdu",1949,0,0
"sh","Hermann Lüdemann","spd","Kabinett Lüdemann",1947,1949,"cvp",1949,0,0
"sh","Hermann Lüdemann","spd","Kabinett Lüdemann",1947,1949,"dp",1949,0,0
"sh","Hermann Lüdemann","spd","Kabinett Lüdemann",1947,1949,"dps",1949,0,0
"sh","Hermann Lüdemann","spd","Kabinett Lüdemann",1947,1949,"fdp",1949,0,0
"sh","Hermann Lüdemann","spd","Kabinett Lüdemann",1947,1949,"fw",1949,0,0
"sh","Hermann Lüdemann","spd","Kabinett Lüdemann",1947,1949,"gb/bhe",1949,0,0
"sh","Hermann Lüdemann","spd","Kabinett Lüdemann",1947,1949,"gru",1949,0,0
"sh","Hermann Lüdemann","spd","Kabinett Lüdemann",1947,1949,"kpd",1949,0,0
"sh","Hermann Lüdemann","spd","Kabinett Lüdemann",1947,1949,"lin",1949,0,0
"sh","Hermann Lüdemann","spd","Kabinett Lüdemann",1947,1949,"lpd",1949,0,0
"sh","Hermann Lüdemann","spd","Kabinett Lüdemann",1947,1949,"nlp",1949,0,0
"sh","Hermann Lüdemann","spd","Kabinett Lüdemann",1947,1949,"pro",1949,0,0
"sh","Hermann Lüdemann","spd","Kabinett Lüdemann",1947,1949,"spd",1949,1,1
"sh","Hermann Lüdemann","spd","Kabinett Lüdemann",1947,1949,"sps",1949,0,0
"sh","Hermann Lüdemann","spd","Kabinett Lüdemann",1947,1949,"ssw",1949,0,0
"sh","Hermann Lüdemann","spd","Kabinett Lüdemann",1947,1949,"statt",1949,0,0
"sh","Hermann Lüdemann","spd","Kabinett Lüdemann",1947,1949,"wav",1949,0,0
"sh","Hermann Lüdemann","spd","Kabinett Lüdemann",1947,1949,"zentrum",1949,0,0
"sl","Johannes Hoffmann","cvp","Kabinett Hoffmann I",1947,1951,"bdv",1951,0,0
"sl","Johannes Hoffmann","cvp","Kabinett Hoffmann I",1947,1951,"bhe",1951,0,0
"sl","Johannes Hoffmann","cvp","Kabinett Hoffmann I",1947,1951,"bp",1951,0,0
"sl","Johannes Hoffmann","cvp","Kabinett Hoffmann I",1947,1951,"bsw",1951,0,0
"sl","Johannes Hoffmann","cvp","Kabinett Hoffmann I",1947,1951,"cdu",1951,0,0
"sl","Johannes Hoffmann","cvp","Kabinett Hoffmann I",1947,1951,"cvp",1951,1,1
"sl","Johannes Hoffmann","cvp","Kabinett Hoffmann I",1947,1951,"dp",1951,0,0
"sl","Johannes Hoffmann","cvp","Kabinett Hoffmann I",1947,1951,"dps",1951,0,0
"sl","Johannes Hoffmann","cvp","Kabinett Hoffmann I",1947,1951,"fdp",1951,0,0
"sl","Johannes Hoffmann","cvp","Kabinett Hoffmann I",1947,1951,"fw",1951,0,0
"sl","Johannes Hoffmann","cvp","Kabinett Hoffmann I",1947,1951,"gb/bhe",1951,0,0
"sl","Johannes Hoffmann","cvp","Kabinett Hoffmann I",1947,1951,"gru",1951,0,0
"sl","Johannes Hoffmann","cvp","Kabinett Hoffmann I",1947,1951,"kpd",1951,0,0
"sl","Johannes Hoffmann","cvp","Kabinett Hoffmann I",1947,1951,"lin",1951,0,0
"sl","Johannes Hoffmann","cvp","Kabinett Hoffmann I",1947,1951,"lpd",1951,0,0
"sl","Johannes Hoffmann","cvp","Kabinett Hoffmann I",1947,1951,"nlp",1951,0,0
"sl","Johannes Hoffmann","cvp","Kabinett Hoffmann I",1947,1951,"pro",1951,0,0
"sl","Johannes Hoffmann","cvp","Kabinett Hoffmann I",1947,1951,"spd",1951,0,0
"sl","Johannes Hoffmann","cvp","Kabinett Hoffmann I",1947,1951,"sps",1951,1,0
"sl","Johannes Hoffmann","cvp","Kabinett Hoffmann I",1947,1951,"ssw",1951,0,0
"sl","Johannes Hoffmann","cvp","Kabinett Hoffmann I",1947,1951,"statt",1951,0,0
"sl","Johannes Hoffmann","cvp","Kabinett Hoffmann I",1947,1951,"wav",1951,0,0
"sl","Johannes Hoffmann","cvp","Kabinett Hoffmann I",1947,1951,"zentrum",1951,0,0
"hb","Wilhelm Kaisen","spd","Kaisen III",1948,1951,"bdv",1951,1,0
"hb","Wilhelm Kaisen","spd","Kaisen III",1948,1951,"bhe",1951,0,0
"hb","Wilhelm Kaisen","spd","Kaisen III",1948,1951,"bp",1951,0,0
"hb","Wilhelm Kaisen","spd","Kaisen III",1948,1951,"bsw",1951,0,0
"hb","Wilhelm Kaisen","spd","Kaisen III",1948,1951,"cdu",1951,0,0
"hb","Wilhelm Kaisen","spd","Kaisen III",1948,1951,"cvp",1951,0,0
"hb","Wilhelm Kaisen","spd","Kaisen III",1948,1951,"dp",1951,0,0
"hb","Wilhelm Kaisen","spd","Kaisen III",1948,1951,"dps",1951,0,0
"hb","Wilhelm Kaisen","spd","Kaisen III",1948,1951,"fdp",1951,0,0
"hb","Wilhelm Kaisen","spd","Kaisen III",1948,1951,"fw",1951,0,0
"hb","Wilhelm Kaisen","spd","Kaisen III",1948,1951,"gb/bhe",1951,0,0
"hb","Wilhelm Kaisen","spd","Kaisen III",1948,1951,"gru",1951,0,0
"hb","Wilhelm Kaisen","spd","Kaisen III",1948,1951,"kpd",1951,0,0
"hb","Wilhelm Kaisen","spd","Kaisen III",1948,1951,"lin",1951,0,0
"hb","Wilhelm Kaisen","spd","Kaisen III",1948,1951,"lpd",1951,0,0
"hb","Wilhelm Kaisen","spd","Kaisen III",1948,1951,"nlp",1951,0,0
"hb","Wilhelm Kaisen","spd","Kaisen III",1948,1951,"pro",1951,0,0
"hb","Wilhelm Kaisen","spd","Kaisen III",1948,1951,"spd",1951,1,1
"hb","Wilhelm Kaisen","spd","Kaisen III",1948,1951,"sps",1951,0,0
"hb","Wilhelm Kaisen","spd","Kaisen III",1948,1951,"ssw",1951,0,0
"hb","Wilhelm Kaisen","spd","Kaisen III",1948,1951,"statt",1951,0,0
"hb","Wilhelm Kaisen","spd","Kaisen III",1948,1951,"wav",1951,0,0
"hb","Wilhelm Kaisen","spd","Kaisen III",1948,1951,"zentrum",1951,0,0
"ni","Hinrich Wilhelm Kopf","spd","Kopf III",1948,1951,"bdv",1951,0,0
"ni","Hinrich Wilhelm Kopf","spd","Kopf III",1948,1951,"bhe",1951,0,0
"ni","Hinrich Wilhelm Kopf","spd","Kopf III",1948,1951,"bp",1951,0,0
"ni","Hinrich Wilhelm Kopf","spd","Kopf III",1948,1951,"bsw",1951,0,0
"ni","Hinrich Wilhelm Kopf","spd","Kopf III",1948,1951,"cdu",1951,1,0
"ni","Hinrich Wilhelm Kopf","spd","Kopf III",1948,1951,"cvp",1951,0,0
"ni","Hinrich Wilhelm Kopf","spd","Kopf III",1948,1951,"dp",1951,0,0
"ni","Hinrich Wilhelm Kopf","spd","Kopf III",1948,1951,"dps",1951,0,0
"ni","Hinrich Wilhelm Kopf","spd","Kopf III",1948,1951,"fdp",1951,0,0
"ni","Hinrich Wilhelm Kopf","spd","Kopf III",1948,1951,"fw",1951,0,0
"ni","Hinrich Wilhelm Kopf","spd","Kopf III",1948,1951,"gb/bhe",1951,0,0
"ni","Hinrich Wilhelm Kopf","spd","Kopf III",1948,1951,"gru",1951,0,0
"ni","Hinrich Wilhelm Kopf","spd","Kopf III",1948,1951,"kpd",1951,0,0
"ni","Hinrich Wilhelm Kopf","spd","Kopf III",1948,1951,"lin",1951,0,0
"ni","Hinrich Wilhelm Kopf","spd","Kopf III",1948,1951,"lpd",1951,0,0
"ni","Hinrich Wilhelm Kopf","spd","Kopf III",1948,1951,"nlp",1951,0,0
"ni","Hinrich Wilhelm Kopf","spd","Kopf III",1948,1951,"pro",1951,0,0
"ni","Hinrich Wilhelm Kopf","spd","Kopf III",1948,1951,"spd",1951,1,1
"ni","Hinrich Wilhelm Kopf","spd","Kopf III",1948,1951,"sps",1951,0,0
"ni","Hinrich Wilhelm Kopf","spd","Kopf III",1948,1951,"ssw",1951,0,0
"ni","Hinrich Wilhelm Kopf","spd","Kopf III",1948,1951,"statt",1951,0,0
"ni","Hinrich Wilhelm Kopf","spd","Kopf III",1948,1951,"wav",1951,0,0
"ni","Hinrich Wilhelm Kopf","spd","Kopf III",1948,1951,"zentrum",1951,1,0
"sh","Bruno Diekmann","spd","Kabinett Diekmann",1949,1950,"bdv",1950,0,0
"sh","Bruno Diekmann","spd","Kabinett Diekmann",1949,1950,"bhe",1950,0,0
"sh","Bruno Diekmann","spd","Kabinett Diekmann",1949,1950,"bp",1950,0,0
"sh","Bruno Diekmann","spd","Kabinett Diekmann",1949,1950,"bsw",1950,0,0
"sh","Bruno Diekmann","spd","Kabinett Diekmann",1949,1950,"cdu",1950,0,0
"sh","Bruno Diekmann","spd","Kabinett Diekmann",1949,1950,"cvp",1950,0,0
"sh","Bruno Diekmann","spd","Kabinett Diekmann",1949,1950,"dp",1950,0,0
"sh","Bruno Diekmann","spd","Kabinett Diekmann",1949,1950,"dps",1950,0,0
"sh","Bruno Diekmann","spd","Kabinett Diekmann",1949,1950,"fdp",1950,0,0
"sh","Bruno Diekmann","spd","Kabinett Diekmann",1949,1950,"fw",1950,0,0
"sh","Bruno Diekmann","spd","Kabinett Diekmann",1949,1950,"gb/bhe",1950,0,0
"sh","Bruno Diekmann","spd","Kabinett Diekmann",1949,1950,"gru",1950,0,0
"sh","Bruno Diekmann","spd","Kabinett Diekmann",1949,1950,"kpd",1950,0,0
"sh","Bruno Diekmann","spd","Kabinett Diekmann",1949,1950,"lin",1950,0,0
"sh","Bruno Diekmann","spd","Kabinett Diekmann",1949,1950,"lpd",1950,0,0
"sh","Bruno Diekmann","spd","Kabinett Diekmann",1949,1950,"nlp",1950,0,0
"sh","Bruno Diekmann","spd","Kabinett Diekmann",1949,1950,"pro",1950,0,0
"sh","Bruno Diekmann","spd","Kabinett Diekmann",1949,1950,"spd",1950,1,1
"sh","Bruno Diekmann","spd","Kabinett Diekmann",1949,1950,"sps",1950,0,0
"sh","Bruno Diekmann","spd","Kabinett Diekmann",1949,1950,"ssw",1950,0,0
"sh","Bruno Diekmann","spd","Kabinett Diekmann",1949,1950,"statt",1950,0,0
"sh","Bruno Diekmann","spd","Kabinett Diekmann",1949,1950,"wav",1950,0,0
"sh","Bruno Diekmann","spd","Kabinett Diekmann",1949,1950,"zentrum",1950,0,0
"by","Hans Ehard","cdu","Kabinett Ehard III",1950,1954,"bdv",1954,0,0
"by","Hans Ehard","cdu","Kabinett Ehard III",1950,1954,"bhe",1954,0,0
"by","Hans Ehard","cdu","Kabinett Ehard III",1950,1954,"bp",1954,0,0
"by","Hans Ehard","cdu","Kabinett Ehard III",1950,1954,"bsw",1954,0,0
"by","Hans Ehard","cdu","Kabinett Ehard III",1950,1954,"cdu",1954,1,1
"by","Hans Ehard","cdu","Kabinett Ehard III",1950,1954,"cvp",1954,0,0
"by","Hans Ehard","cdu","Kabinett Ehard III",1950,1954,"dp",1954,0,0
"by","Hans Ehard","cdu","Kabinett Ehard III",1950,1954,"dps",1954,0,0
"by","Hans Ehard","cdu","Kabinett Ehard III",1950,1954,"fdp",1954,0,0
"by","Hans Ehard","cdu","Kabinett Ehard III",1950,1954,"fw",1954,0,0
"by","Hans Ehard","cdu","Kabinett Ehard III",1950,1954,"gb/bhe",1954,0,0
"by","Hans Ehard","cdu","Kabinett Ehard III",1950,1954,"gru",1954,0,0
"by","Hans Ehard","cdu","Kabinett Ehard III",1950,1954,"kpd",1954,0,0
"by","Hans Ehard","cdu","Kabinett Ehard III",1950,1954,"lin",1954,0,0
"by","Hans Ehard","cdu","Kabinett Ehard III",1950,1954,"lpd",1954,0,0
"by","Hans Ehard","cdu","Kabinett Ehard III",1950,1954,"nlp",1954,0,0
"by","Hans Ehard","cdu","Kabinett Ehard III",1950,1954,"pro",1954,0,0
"by","Hans Ehard","cdu","Kabinett Ehard III",1950,1954,"spd",1954,1,0
"by","Hans Ehard","cdu","Kabinett Ehard III",1950,1954,"sps",1954,0,0
"by","Hans Ehard","cdu","Kabinett Ehard III",1950,1954,"ssw",1954,0,0
"by","Hans Ehard","cdu","Kabinett Ehard III",1950,1954,"statt",1954,0,0
"by","Hans Ehard","cdu","Kabinett Ehard III",1950,1954,"wav",1954,0,0
"by","Hans Ehard","cdu","Kabinett Ehard III",1950,1954,"zentrum",1954,0,0
"he","Georg-August Zinn","spd","Kabinett Zinn I",1950,1954,"bdv",1954,0,0
"he","Georg-August Zinn","spd","Kabinett Zinn I",1950,1954,"bhe",1954,0,0
"he","Georg-August Zinn","spd","Kabinett Zinn I",1950,1954,"bp",1954,0,0
"he","Georg-August Zinn","spd","Kabinett Zinn I",1950,1954,"bsw",1954,0,0
"he","Georg-August Zinn","spd","Kabinett Zinn I",1950,1954,"cdu",1954,0,0
"he","Georg-August Zinn","spd","Kabinett Zinn I",1950,1954,"cvp",1954,0,0
"he","Georg-August Zinn","spd","Kabinett Zinn I",1950,1954,"dp",1954,0,0
"he","Georg-August Zinn","spd","Kabinett Zinn I",1950,1954,"dps",1954,0,0
"he","Georg-August Zinn","spd","Kabinett Zinn I",1950,1954,"fdp",1954,0,0
"he","Georg-August Zinn","spd","Kabinett Zinn I",1950,1954,"fw",1954,0,0
"he","Georg-August Zinn","spd","Kabinett Zinn I",1950,1954,"gb/bhe",1954,0,0
"he","Georg-August Zinn","spd","Kabinett Zinn I",1950,1954,"gru",1954,0,0
"he","Georg-August Zinn","spd","Kabinett Zinn I",1950,1954,"kpd",1954,0,0
"he","Georg-August Zinn","spd","Kabinett Zinn I",1950,1954,"lin",1954,0,0
"he","Georg-August Zinn","spd","Kabinett Zinn I",1950,1954,"lpd",1954,0,0
"he","Georg-August Zinn","spd","Kabinett Zinn I",1950,1954,"nlp",1954,0,0
"he","Georg-August Zinn","spd","Kabinett Zinn I",1950,1954,"pro",1954,0,0
"he","Georg-August Zinn","spd","Kabinett Zinn I",1950,1954,"spd",1954,1,1
"he","Georg-August Zinn","spd","Kabinett Zinn I",1950,1954,"sps",1954,0,0
"he","Georg-August Zinn","spd","Kabinett Zinn I",1950,1954,"ssw",1954,0,0
"he","Georg-August Zinn","spd","Kabinett Zinn I",1950,1954,"statt",1954,0,0
"he","Georg-August Zinn","spd","Kabinett Zinn I",1950,1954,"wav",1954,0,0
"he","Georg-August Zinn","spd","Kabinett Zinn I",1950,1954,"zentrum",1954,0,0
"hh","Max Brauer","spd","Kabinett Brauer II",1950,1953,"bdv",1953,0,0
"hh","Max Brauer","spd","Kabinett Brauer II",1950,1953,"bhe",1953,0,0
"hh","Max Brauer","spd","Kabinett Brauer II",1950,1953,"bp",1953,0,0
"hh","Max Brauer","spd","Kabinett Brauer II",1950,1953,"bsw",1953,0,0
"hh","Max Brauer","spd","Kabinett Brauer II",1950,1953,"cdu",1953,0,0
"hh","Max Brauer","spd","Kabinett Brauer II",1950,1953,"cvp",1953,0,0
"hh","Max Brauer","spd","Kabinett Brauer II",1950,1953,"dp",1953,0,0
"hh","Max Brauer","spd","Kabinett Brauer II",1950,1953,"dps",1953,0,0
"hh","Max Brauer","spd","Kabinett Brauer II",1950,1953,"fdp",1953,0,0
"hh","Max Brauer","spd","Kabinett Brauer II",1950,1953,"fw",1953,0,0
"hh","Max Brauer","spd","Kabinett Brauer II",1950,1953,"gb/bhe",1953,0,0
"hh","Max Brauer","spd","Kabinett Brauer II",1950,1953,"gru",1953,0,0
"hh","Max Brauer","spd","Kabinett Brauer II",1950,1953,"kpd",1953,0,0
"hh","Max Brauer","spd","Kabinett Brauer II",1950,1953,"lin",1953,0,0
"hh","Max Brauer","spd","Kabinett Brauer II",1950,1953,"lpd",1953,0,0
"hh","Max Brauer","spd","Kabinett Brauer II",1950,1953,"nlp",1953,0,0
"hh","Max Brauer","spd","Kabinett Brauer II",1950,1953,"pro",1953,0,0
"hh","Max Brauer","spd","Kabinett Brauer II",1950,1953,"spd",1953,1,1
"hh","Max Brauer","spd","Kabinett Brauer II",1950,1953,"sps",1953,0,0
"hh","Max Brauer","spd","Kabinett Brauer II",1950,1953,"ssw",1953,0,0
"hh","Max Brauer","spd","Kabinett Brauer II",1950,1953,"statt",1953,0,0
"hh","Max Brauer","spd","Kabinett Brauer II",1950,1953,"wav",1953,0,0
"hh","Max Brauer","spd","Kabinett Brauer II",1950,1953,"zentrum",1953,0,0
"nw","Karl Arnold","cdu","Kabinett Arnold II",1950,1950,"bdv",1950,0,0
"nw","Karl Arnold","cdu","Kabinett Arnold II",1950,1950,"bhe",1950,0,0
"nw","Karl Arnold","cdu","Kabinett Arnold II",1950,1950,"bp",1950,0,0
"nw","Karl Arnold","cdu","Kabinett Arnold II",1950,1950,"bsw",1950,0,0
"nw","Karl Arnold","cdu","Kabinett Arnold II",1950,1950,"cdu",1950,1,1
"nw","Karl Arnold","cdu","Kabinett Arnold II",1950,1950,"cvp",1950,0,0
"nw","Karl Arnold","cdu","Kabinett Arnold II",1950,1950,"dp",1950,0,0
"nw","Karl Arnold","cdu","Kabinett Arnold II",1950,1950,"dps",1950,0,0
"nw","Karl Arnold","cdu","Kabinett Arnold II",1950,1950,"fdp",1950,0,0
"nw","Karl Arnold","cdu","Kabinett Arnold II",1950,1950,"fw",1950,0,0
"nw","Karl Arnold","cdu","Kabinett Arnold II",1950,1950,"gb/bhe",1950,0,0
"nw","Karl Arnold","cdu","Kabinett Arnold II",1950,1950,"gru",1950,0,0
"nw","Karl Arnold","cdu","Kabinett Arnold II",1950,1950,"kpd",1950,0,0
"nw","Karl Arnold","cdu","Kabinett Arnold II",1950,1950,"lin",1950,0,0
"nw","Karl Arnold","cdu","Kabinett Arnold II",1950,1950,"lpd",1950,0,0
"nw","Karl Arnold","cdu","Kabinett Arnold II",1950,1950,"nlp",1950,0,0
"nw","Karl Arnold","cdu","Kabinett Arnold II",1950,1950,"pro",1950,0,0
"nw","Karl Arnold","cdu","Kabinett Arnold II",1950,1950,"spd",1950,0,0
"nw","Karl Arnold","cdu","Kabinett Arnold II",1950,1950,"sps",1950,0,0
"nw","Karl Arnold","cdu","Kabinett Arnold II",1950,1950,"ssw",1950,0,0
"nw","Karl Arnold","cdu","Kabinett Arnold II",1950,1950,"statt",1950,0,0
"nw","Karl Arnold","cdu","Kabinett Arnold II",1950,1950,"wav",1950,0,0
"nw","Karl Arnold","cdu","Kabinett Arnold II",1950,1950,"zentrum",1950,0,0
"nw","Karl Arnold","cdu",NA,1950,1954,"bdv",1954,0,0
"nw","Karl Arnold","cdu",NA,1950,1954,"bhe",1954,0,0
"nw","Karl Arnold","cdu",NA,1950,1954,"bp",1954,0,0
"nw","Karl Arnold","cdu",NA,1950,1954,"bsw",1954,0,0
"nw","Karl Arnold","cdu",NA,1950,1954,"cdu",1954,1,1
"nw","Karl Arnold","cdu",NA,1950,1954,"cvp",1954,0,0
"nw","Karl Arnold","cdu",NA,1950,1954,"dp",1954,0,0
"nw","Karl Arnold","cdu",NA,1950,1954,"dps",1954,0,0
"nw","Karl Arnold","cdu",NA,1950,1954,"fdp",1954,0,0
"nw","Karl Arnold","cdu",NA,1950,1954,"fw",1954,0,0
"nw","Karl Arnold","cdu",NA,1950,1954,"gb/bhe",1954,0,0
"nw","Karl Arnold","cdu",NA,1950,1954,"gru",1954,0,0
"nw","Karl Arnold","cdu",NA,1950,1954,"kpd",1954,0,0
"nw","Karl Arnold","cdu",NA,1950,1954,"lin",1954,0,0
"nw","Karl Arnold","cdu",NA,1950,1954,"lpd",1954,0,0
"nw","Karl Arnold","cdu",NA,1950,1954,"nlp",1954,0,0
"nw","Karl Arnold","cdu",NA,1950,1954,"pro",1954,0,0
"nw","Karl Arnold","cdu",NA,1950,1954,"spd",1954,0,0
"nw","Karl Arnold","cdu",NA,1950,1954,"sps",1954,0,0
"nw","Karl Arnold","cdu",NA,1950,1954,"ssw",1954,0,0
"nw","Karl Arnold","cdu",NA,1950,1954,"statt",1954,0,0
"nw","Karl Arnold","cdu",NA,1950,1954,"wav",1954,0,0
"nw","Karl Arnold","cdu",NA,1950,1954,"zentrum",1954,1,0
"sh","Walter Bartram","cdu","Kabinett Bartram",1950,1951,"bdv",1951,0,0
"sh","Walter Bartram","cdu","Kabinett Bartram",1950,1951,"bhe",1951,0,0
"sh","Walter Bartram","cdu","Kabinett Bartram",1950,1951,"bp",1951,0,0
"sh","Walter Bartram","cdu","Kabinett Bartram",1950,1951,"bsw",1951,0,0
"sh","Walter Bartram","cdu","Kabinett Bartram",1950,1951,"cdu",1951,1,1
"sh","Walter Bartram","cdu","Kabinett Bartram",1950,1951,"cvp",1951,0,0
"sh","Walter Bartram","cdu","Kabinett Bartram",1950,1951,"dp",1951,0,0
"sh","Walter Bartram","cdu","Kabinett Bartram",1950,1951,"dps",1951,0,0
"sh","Walter Bartram","cdu","Kabinett Bartram",1950,1951,"fdp",1951,1,0
"sh","Walter Bartram","cdu","Kabinett Bartram",1950,1951,"fw",1951,0,0
"sh","Walter Bartram","cdu","Kabinett Bartram",1950,1951,"gb/bhe",1951,1,0
"sh","Walter Bartram","cdu","Kabinett Bartram",1950,1951,"gru",1951,0,0
"sh","Walter Bartram","cdu","Kabinett Bartram",1950,1951,"kpd",1951,0,0
"sh","Walter Bartram","cdu","Kabinett Bartram",1950,1951,"lin",1951,0,0
"sh","Walter Bartram","cdu","Kabinett Bartram",1950,1951,"lpd",1951,0,0
"sh","Walter Bartram","cdu","Kabinett Bartram",1950,1951,"nlp",1951,0,0
"sh","Walter Bartram","cdu","Kabinett Bartram",1950,1951,"pro",1951,0,0
"sh","Walter Bartram","cdu","Kabinett Bartram",1950,1951,"spd",1951,0,0
"sh","Walter Bartram","cdu","Kabinett Bartram",1950,1951,"sps",1951,0,0
"sh","Walter Bartram","cdu","Kabinett Bartram",1950,1951,"ssw",1951,0,0
"sh","Walter Bartram","cdu","Kabinett Bartram",1950,1951,"statt",1951,0,0
"sh","Walter Bartram","cdu","Kabinett Bartram",1950,1951,"wav",1951,0,0
"sh","Walter Bartram","cdu","Kabinett Bartram",1950,1951,"zentrum",1951,0,0
"bw","Reinhold Maier",NA,"Kabinett Maier III",1951,1952,"bsw",1952,0,0
"bw","Reinhold Maier",NA,"Kabinett Maier III",1951,1952,"cdu",1952,1,NA
"bw","Reinhold Maier",NA,"Kabinett Maier III",1951,1952,"fdp",1952,1,NA
"bw","Reinhold Maier",NA,"Kabinett Maier III",1951,1952,"gru",1952,0,NA
"bw","Reinhold Maier",NA,"Kabinett Maier III",1951,1952,"lin",1952,0,NA
"bw","Reinhold Maier",NA,"Kabinett Maier III",1951,1952,"spd",1952,0,NA
"bw","Reinhold Maier",NA,"Kabinett Maier III",1951,1952,NA,1952,0,NA
"hb","Wilhelm Kaisen","spd","Kaisen IV",1951,1955,"bdv",1955,0,0
"hb","Wilhelm Kaisen","spd","Kaisen IV",1951,1955,"bhe",1955,0,0
"hb","Wilhelm Kaisen","spd","Kaisen IV",1951,1955,"bp",1955,0,0
"hb","Wilhelm Kaisen","spd","Kaisen IV",1951,1955,"bsw",1955,0,0
"hb","Wilhelm Kaisen","spd","Kaisen IV",1951,1955,"cdu",1955,1,0
"hb","Wilhelm Kaisen","spd","Kaisen IV",1951,1955,"cvp",1955,0,0
"hb","Wilhelm Kaisen","spd","Kaisen IV",1951,1955,"dp",1955,0,0
"hb","Wilhelm Kaisen","spd","Kaisen IV",1951,1955,"dps",1955,0,0
"hb","Wilhelm Kaisen","spd","Kaisen IV",1951,1955,"fdp",1955,1,0
"hb","Wilhelm Kaisen","spd","Kaisen IV",1951,1955,"fw",1955,0,0
"hb","Wilhelm Kaisen","spd","Kaisen IV",1951,1955,"gb/bhe",1955,0,0
"hb","Wilhelm Kaisen","spd","Kaisen IV",1951,1955,"gru",1955,0,0
"hb","Wilhelm Kaisen","spd","Kaisen IV",1951,1955,"kpd",1955,0,0
"hb","Wilhelm Kaisen","spd","Kaisen IV",1951,1955,"lin",1955,0,0
"hb","Wilhelm Kaisen","spd","Kaisen IV",1951,1955,"lpd",1955,0,0
"hb","Wilhelm Kaisen","spd","Kaisen IV",1951,1955,"nlp",1955,0,0
"hb","Wilhelm Kaisen","spd","Kaisen IV",1951,1955,"pro",1955,0,0
"hb","Wilhelm Kaisen","spd","Kaisen IV",1951,1955,"spd",1955,1,1
"hb","Wilhelm Kaisen","spd","Kaisen IV",1951,1955,"sps",1955,0,0
"hb","Wilhelm Kaisen","spd","Kaisen IV",1951,1955,"ssw",1955,0,0
"hb","Wilhelm Kaisen","spd","Kaisen IV",1951,1955,"statt",1955,0,0
"hb","Wilhelm Kaisen","spd","Kaisen IV",1951,1955,"wav",1955,0,0
"hb","Wilhelm Kaisen","spd","Kaisen IV",1951,1955,"zentrum",1955,0,0
"ni","Hinrich Wilhelm Kopf","spd","Kopf IV",1951,1955,"bdv",1955,0,0
"ni","Hinrich Wilhelm Kopf","spd","Kopf IV",1951,1955,"bhe",1955,1,0
"ni","Hinrich Wilhelm Kopf","spd","Kopf IV",1951,1955,"bp",1955,0,0
"ni","Hinrich Wilhelm Kopf","spd","Kopf IV",1951,1955,"bsw",1955,0,0
"ni","Hinrich Wilhelm Kopf","spd","Kopf IV",1951,1955,"cdu",1955,0,0
"ni","Hinrich Wilhelm Kopf","spd","Kopf IV",1951,1955,"cvp",1955,0,0
"ni","Hinrich Wilhelm Kopf","spd","Kopf IV",1951,1955,"dp",1955,0,0
"ni","Hinrich Wilhelm Kopf","spd","Kopf IV",1951,1955,"dps",1955,0,0
"ni","Hinrich Wilhelm Kopf","spd","Kopf IV",1951,1955,"fdp",1955,0,0
"ni","Hinrich Wilhelm Kopf","spd","Kopf IV",1951,1955,"fw",1955,0,0
"ni","Hinrich Wilhelm Kopf","spd","Kopf IV",1951,1955,"gb/bhe",1955,0,0
"ni","Hinrich Wilhelm Kopf","spd","Kopf IV",1951,1955,"gru",1955,0,0
"ni","Hinrich Wilhelm Kopf","spd","Kopf IV",1951,1955,"kpd",1955,0,0
"ni","Hinrich Wilhelm Kopf","spd","Kopf IV",1951,1955,"lin",1955,0,0
"ni","Hinrich Wilhelm Kopf","spd","Kopf IV",1951,1955,"lpd",1955,0,0
"ni","Hinrich Wilhelm Kopf","spd","Kopf IV",1951,1955,"nlp",1955,0,0
"ni","Hinrich Wilhelm Kopf","spd","Kopf IV",1951,1955,"pro",1955,0,0
"ni","Hinrich Wilhelm Kopf","spd","Kopf IV",1951,1955,"spd",1955,1,1
"ni","Hinrich Wilhelm Kopf","spd","Kopf IV",1951,1955,"sps",1955,0,0
"ni","Hinrich Wilhelm Kopf","spd","Kopf IV",1951,1955,"ssw",1955,0,0
"ni","Hinrich Wilhelm Kopf","spd","Kopf IV",1951,1955,"statt",1955,0,0
"ni","Hinrich Wilhelm Kopf","spd","Kopf IV",1951,1955,"wav",1955,0,0
"ni","Hinrich Wilhelm Kopf","spd","Kopf IV",1951,1955,"zentrum",1955,1,0
"rp","Peter Altmeier","cdu","Altmeier II",1951,1955,"bdv",1955,0,0
"rp","Peter Altmeier","cdu","Altmeier II",1951,1955,"bhe",1955,0,0
"rp","Peter Altmeier","cdu","Altmeier II",1951,1955,"bp",1955,0,0
"rp","Peter Altmeier","cdu","Altmeier II",1951,1955,"bsw",1955,0,0
"rp","Peter Altmeier","cdu","Altmeier II",1951,1955,"cdu",1955,1,1
"rp","Peter Altmeier","cdu","Altmeier II",1951,1955,"cvp",1955,0,0
"rp","Peter Altmeier","cdu","Altmeier II",1951,1955,"dp",1955,0,0
"rp","Peter Altmeier","cdu","Altmeier II",1951,1955,"dps",1955,0,0
"rp","Peter Altmeier","cdu","Altmeier II",1951,1955,"fdp",1955,1,0
"rp","Peter Altmeier","cdu","Altmeier II",1951,1955,"fw",1955,0,0
"rp","Peter Altmeier","cdu","Altmeier II",1951,1955,"gb/bhe",1955,0,0
"rp","Peter Altmeier","cdu","Altmeier II",1951,1955,"gru",1955,0,0
"rp","Peter Altmeier","cdu","Altmeier II",1951,1955,"kpd",1955,0,0
"rp","Peter Altmeier","cdu","Altmeier II",1951,1955,"lin",1955,0,0
"rp","Peter Altmeier","cdu","Altmeier II",1951,1955,"lpd",1955,0,0
"rp","Peter Altmeier","cdu","Altmeier II",1951,1955,"nlp",1955,0,0
"rp","Peter Altmeier","cdu","Altmeier II",1951,1955,"pro",1955,0,0
"rp","Peter Altmeier","cdu","Altmeier II",1951,1955,"spd",1955,0,0
"rp","Peter Altmeier","cdu","Altmeier II",1951,1955,"sps",1955,0,0
"rp","Peter Altmeier","cdu","Altmeier II",1951,1955,"ssw",1955,0,0
"rp","Peter Altmeier","cdu","Altmeier II",1951,1955,"statt",1955,0,0
"rp","Peter Altmeier","cdu","Altmeier II",1951,1955,"wav",1955,0,0
"rp","Peter Altmeier","cdu","Altmeier II",1951,1955,"zentrum",1955,0,0
"sh","Friedrich Wilhelm Lübke","cdu","Kabinett Lübke I (vorläufig)",1951,1951,"bdv",1951,0,0
"sh","Friedrich Wilhelm Lübke","cdu","Kabinett Lübke I (vorläufig)",1951,1951,"bhe",1951,0,0
"sh","Friedrich Wilhelm Lübke","cdu","Kabinett Lübke I (vorläufig)",1951,1951,"bp",1951,0,0
"sh","Friedrich Wilhelm Lübke","cdu","Kabinett Lübke I (vorläufig)",1951,1951,"bsw",1951,0,0
"sh","Friedrich Wilhelm Lübke","cdu","Kabinett Lübke I (vorläufig)",1951,1951,"cdu",1951,1,1
"sh","Friedrich Wilhelm Lübke","cdu","Kabinett Lübke I (vorläufig)",1951,1951,"cvp",1951,0,0
"sh","Friedrich Wilhelm Lübke","cdu","Kabinett Lübke I (vorläufig)",1951,1951,"dp",1951,0,0
"sh","Friedrich Wilhelm Lübke","cdu","Kabinett Lübke I (vorläufig)",1951,1951,"dps",1951,0,0
"sh","Friedrich Wilhelm Lübke","cdu","Kabinett Lübke I (vorläufig)",1951,1951,"fdp",1951,1,0
"sh","Friedrich Wilhelm Lübke","cdu","Kabinett Lübke I (vorläufig)",1951,1951,"fw",1951,0,0
"sh","Friedrich Wilhelm Lübke","cdu","Kabinett Lübke I (vorläufig)",1951,1951,"gb/bhe",1951,0,0
"sh","Friedrich Wilhelm Lübke","cdu","Kabinett Lübke I (vorläufig)",1951,1951,"gru",1951,0,0
"sh","Friedrich Wilhelm Lübke","cdu","Kabinett Lübke I (vorläufig)",1951,1951,"kpd",1951,0,0
"sh","Friedrich Wilhelm Lübke","cdu","Kabinett Lübke I (vorläufig)",1951,1951,"lin",1951,0,0
"sh","Friedrich Wilhelm Lübke","cdu","Kabinett Lübke I (vorläufig)",1951,1951,"lpd",1951,0,0
"sh","Friedrich Wilhelm Lübke","cdu","Kabinett Lübke I (vorläufig)",1951,1951,"nlp",1951,0,0
"sh","Friedrich Wilhelm Lübke","cdu","Kabinett Lübke I (vorläufig)",1951,1951,"pro",1951,0,0
"sh","Friedrich Wilhelm Lübke","cdu","Kabinett Lübke I (vorläufig)",1951,1951,"spd",1951,0,0
"sh","Friedrich Wilhelm Lübke","cdu","Kabinett Lübke I (vorläufig)",1951,1951,"sps",1951,0,0
"sh","Friedrich Wilhelm Lübke","cdu","Kabinett Lübke I (vorläufig)",1951,1951,"ssw",1951,0,0
"sh","Friedrich Wilhelm Lübke","cdu","Kabinett Lübke I (vorläufig)",1951,1951,"statt",1951,0,0
"sh","Friedrich Wilhelm Lübke","cdu","Kabinett Lübke I (vorläufig)",1951,1951,"wav",1951,0,0
"sh","Friedrich Wilhelm Lübke","cdu","Kabinett Lübke I (vorläufig)",1951,1951,"zentrum",1951,0,0
"sh","Friedrich Wilhelm Lübke","cdu","Kabinett Lübke II",1951,1954,"bdv",1954,0,0
"sh","Friedrich Wilhelm Lübke","cdu","Kabinett Lübke II",1951,1954,"bhe",1954,0,0
"sh","Friedrich Wilhelm Lübke","cdu","Kabinett Lübke II",1951,1954,"bp",1954,0,0
"sh","Friedrich Wilhelm Lübke","cdu","Kabinett Lübke II",1951,1954,"bsw",1954,0,0
"sh","Friedrich Wilhelm Lübke","cdu","Kabinett Lübke II",1951,1954,"cdu",1954,1,1
"sh","Friedrich Wilhelm Lübke","cdu","Kabinett Lübke II",1951,1954,"cvp",1954,0,0
"sh","Friedrich Wilhelm Lübke","cdu","Kabinett Lübke II",1951,1954,"dp",1954,0,0
"sh","Friedrich Wilhelm Lübke","cdu","Kabinett Lübke II",1951,1954,"dps",1954,0,0
"sh","Friedrich Wilhelm Lübke","cdu","Kabinett Lübke II",1951,1954,"fdp",1954,1,0
"sh","Friedrich Wilhelm Lübke","cdu","Kabinett Lübke II",1951,1954,"fw",1954,0,0
"sh","Friedrich Wilhelm Lübke","cdu","Kabinett Lübke II",1951,1954,"gb/bhe",1954,1,0
"sh","Friedrich Wilhelm Lübke","cdu","Kabinett Lübke II",1951,1954,"gru",1954,0,0
"sh","Friedrich Wilhelm Lübke","cdu","Kabinett Lübke II",1951,1954,"kpd",1954,0,0
"sh","Friedrich Wilhelm Lübke","cdu","Kabinett Lübke II",1951,1954,"lin",1954,0,0
"sh","Friedrich Wilhelm Lübke","cdu","Kabinett Lübke II",1951,1954,"lpd",1954,0,0
"sh","Friedrich Wilhelm Lübke","cdu","Kabinett Lübke II",1951,1954,"nlp",1954,0,0
"sh","Friedrich Wilhelm Lübke","cdu","Kabinett Lübke II",1951,1954,"pro",1954,0,0
"sh","Friedrich Wilhelm Lübke","cdu","Kabinett Lübke II",1951,1954,"spd",1954,0,0
"sh","Friedrich Wilhelm Lübke","cdu","Kabinett Lübke II",1951,1954,"sps",1954,0,0
"sh","Friedrich Wilhelm Lübke","cdu","Kabinett Lübke II",1951,1954,"ssw",1954,0,0
"sh","Friedrich Wilhelm Lübke","cdu","Kabinett Lübke II",1951,1954,"statt",1954,0,0
"sh","Friedrich Wilhelm Lübke","cdu","Kabinett Lübke II",1951,1954,"wav",1954,0,0
"sh","Friedrich Wilhelm Lübke","cdu","Kabinett Lübke II",1951,1954,"zentrum",1954,0,0
"sl","Johannes Hoffmann","cvp","Kabinett Hoffmann II",1951,1952,"bdv",1952,0,0
"sl","Johannes Hoffmann","cvp","Kabinett Hoffmann II",1951,1952,"bhe",1952,0,0
"sl","Johannes Hoffmann","cvp","Kabinett Hoffmann II",1951,1952,"bp",1952,0,0
"sl","Johannes Hoffmann","cvp","Kabinett Hoffmann II",1951,1952,"bsw",1952,0,0
"sl","Johannes Hoffmann","cvp","Kabinett Hoffmann II",1951,1952,"cdu",1952,0,0
"sl","Johannes Hoffmann","cvp","Kabinett Hoffmann II",1951,1952,"cvp",1952,1,1
"sl","Johannes Hoffmann","cvp","Kabinett Hoffmann II",1951,1952,"dp",1952,0,0
"sl","Johannes Hoffmann","cvp","Kabinett Hoffmann II",1951,1952,"dps",1952,0,0
"sl","Johannes Hoffmann","cvp","Kabinett Hoffmann II",1951,1952,"fdp",1952,0,0
"sl","Johannes Hoffmann","cvp","Kabinett Hoffmann II",1951,1952,"fw",1952,0,0
"sl","Johannes Hoffmann","cvp","Kabinett Hoffmann II",1951,1952,"gb/bhe",1952,0,0
"sl","Johannes Hoffmann","cvp","Kabinett Hoffmann II",1951,1952,"gru",1952,0,0
"sl","Johannes Hoffmann","cvp","Kabinett Hoffmann II",1951,1952,"kpd",1952,0,0
"sl","Johannes Hoffmann","cvp","Kabinett Hoffmann II",1951,1952,"lin",1952,0,0
"sl","Johannes Hoffmann","cvp","Kabinett Hoffmann II",1951,1952,"lpd",1952,0,0
"sl","Johannes Hoffmann","cvp","Kabinett Hoffmann II",1951,1952,"nlp",1952,0,0
"sl","Johannes Hoffmann","cvp","Kabinett Hoffmann II",1951,1952,"pro",1952,0,0
"sl","Johannes Hoffmann","cvp","Kabinett Hoffmann II",1951,1952,"spd",1952,0,0
"sl","Johannes Hoffmann","cvp","Kabinett Hoffmann II",1951,1952,"sps",1952,0,0
"sl","Johannes Hoffmann","cvp","Kabinett Hoffmann II",1951,1952,"ssw",1952,0,0
"sl","Johannes Hoffmann","cvp","Kabinett Hoffmann II",1951,1952,"statt",1952,0,0
"sl","Johannes Hoffmann","cvp","Kabinett Hoffmann II",1951,1952,"wav",1952,0,0
"sl","Johannes Hoffmann","cvp","Kabinett Hoffmann II",1951,1952,"zentrum",1952,0,0
"bw","Reinhold Maier","fdp","Kabinett Maier",1952,1953,"bdv",1953,0,0
"bw","Reinhold Maier","fdp","Kabinett Maier",1952,1953,"bhe",1953,1,0
"bw","Reinhold Maier","fdp","Kabinett Maier",1952,1953,"bp",1953,0,0
"bw","Reinhold Maier","fdp","Kabinett Maier",1952,1953,"bsw",1953,0,0
"bw","Reinhold Maier","fdp","Kabinett Maier",1952,1953,"cdu",1953,0,0
"bw","Reinhold Maier","fdp","Kabinett Maier",1952,1953,"cvp",1953,0,0
"bw","Reinhold Maier","fdp","Kabinett Maier",1952,1953,"dp",1953,0,0
"bw","Reinhold Maier","fdp","Kabinett Maier",1952,1953,"dps",1953,0,0
"bw","Reinhold Maier","fdp","Kabinett Maier",1952,1953,"fdp",1953,1,1
"bw","Reinhold Maier","fdp","Kabinett Maier",1952,1953,"fw",1953,0,0
"bw","Reinhold Maier","fdp","Kabinett Maier",1952,1953,"gb/bhe",1953,0,0
"bw","Reinhold Maier","fdp","Kabinett Maier",1952,1953,"gru",1953,0,0
"bw","Reinhold Maier","fdp","Kabinett Maier",1952,1953,"kpd",1953,0,0
"bw","Reinhold Maier","fdp","Kabinett Maier",1952,1953,"lin",1953,0,0
"bw","Reinhold Maier","fdp","Kabinett Maier",1952,1953,"lpd",1953,0,0
"bw","Reinhold Maier","fdp","Kabinett Maier",1952,1953,"nlp",1953,0,0
"bw","Reinhold Maier","fdp","Kabinett Maier",1952,1953,"pro",1953,0,0
"bw","Reinhold Maier","fdp","Kabinett Maier",1952,1953,"spd",1953,1,0
"bw","Reinhold Maier","fdp","Kabinett Maier",1952,1953,"sps",1953,0,0
"bw","Reinhold Maier","fdp","Kabinett Maier",1952,1953,"ssw",1953,0,0
"bw","Reinhold Maier","fdp","Kabinett Maier",1952,1953,"statt",1953,0,0
"bw","Reinhold Maier","fdp","Kabinett Maier",1952,1953,"wav",1953,0,0
"bw","Reinhold Maier","fdp","Kabinett Maier",1952,1953,"zentrum",1953,0,0
"sl","Johannes Hoffmann","cvp","Kabinett Hoffmann III",1952,1954,"bdv",1954,0,0
"sl","Johannes Hoffmann","cvp","Kabinett Hoffmann III",1952,1954,"bhe",1954,0,0
"sl","Johannes Hoffmann","cvp","Kabinett Hoffmann III",1952,1954,"bp",1954,0,0
"sl","Johannes Hoffmann","cvp","Kabinett Hoffmann III",1952,1954,"bsw",1954,0,0
"sl","Johannes Hoffmann","cvp","Kabinett Hoffmann III",1952,1954,"cdu",1954,0,0
"sl","Johannes Hoffmann","cvp","Kabinett Hoffmann III",1952,1954,"cvp",1954,1,1
"sl","Johannes Hoffmann","cvp","Kabinett Hoffmann III",1952,1954,"dp",1954,0,0
"sl","Johannes Hoffmann","cvp","Kabinett Hoffmann III",1952,1954,"dps",1954,0,0
"sl","Johannes Hoffmann","cvp","Kabinett Hoffmann III",1952,1954,"fdp",1954,0,0
"sl","Johannes Hoffmann","cvp","Kabinett Hoffmann III",1952,1954,"fw",1954,0,0
"sl","Johannes Hoffmann","cvp","Kabinett Hoffmann III",1952,1954,"gb/bhe",1954,0,0
"sl","Johannes Hoffmann","cvp","Kabinett Hoffmann III",1952,1954,"gru",1954,0,0
"sl","Johannes Hoffmann","cvp","Kabinett Hoffmann III",1952,1954,"kpd",1954,0,0
"sl","Johannes Hoffmann","cvp","Kabinett Hoffmann III",1952,1954,"lin",1954,0,0
"sl","Johannes Hoffmann","cvp","Kabinett Hoffmann III",1952,1954,"lpd",1954,0,0
"sl","Johannes Hoffmann","cvp","Kabinett Hoffmann III",1952,1954,"nlp",1954,0,0
"sl","Johannes Hoffmann","cvp","Kabinett Hoffmann III",1952,1954,"pro",1954,0,0
"sl","Johannes Hoffmann","cvp","Kabinett Hoffmann III",1952,1954,"spd",1954,0,0
"sl","Johannes Hoffmann","cvp","Kabinett Hoffmann III",1952,1954,"sps",1954,1,0
"sl","Johannes Hoffmann","cvp","Kabinett Hoffmann III",1952,1954,"ssw",1954,0,0
"sl","Johannes Hoffmann","cvp","Kabinett Hoffmann III",1952,1954,"statt",1954,0,0
"sl","Johannes Hoffmann","cvp","Kabinett Hoffmann III",1952,1954,"wav",1954,0,0
"sl","Johannes Hoffmann","cvp","Kabinett Hoffmann III",1952,1954,"zentrum",1954,0,0
"bw","Gebhard Müller ","cdu","Kabinett Müller",1953,1956,"bdv",1956,0,0
"bw","Gebhard Müller ","cdu","Kabinett Müller",1953,1956,"bhe",1956,0,0
"bw","Gebhard Müller ","cdu","Kabinett Müller",1953,1956,"bp",1956,0,0
"bw","Gebhard Müller ","cdu","Kabinett Müller",1953,1956,"bsw",1956,0,0
"bw","Gebhard Müller ","cdu","Kabinett Müller",1953,1956,"cdu",1956,1,1
"bw","Gebhard Müller ","cdu","Kabinett Müller",1953,1956,"cvp",1956,0,0
"bw","Gebhard Müller ","cdu","Kabinett Müller",1953,1956,"dp",1956,0,0
"bw","Gebhard Müller ","cdu","Kabinett Müller",1953,1956,"dps",1956,0,0
"bw","Gebhard Müller ","cdu","Kabinett Müller",1953,1956,"fdp",1956,1,0
"bw","Gebhard Müller ","cdu","Kabinett Müller",1953,1956,"fw",1956,0,0
"bw","Gebhard Müller ","cdu","Kabinett Müller",1953,1956,"gb/bhe",1956,0,0
"bw","Gebhard Müller ","cdu","Kabinett Müller",1953,1956,"gru",1956,0,0
"bw","Gebhard Müller ","cdu","Kabinett Müller",1953,1956,"kpd",1956,0,0
"bw","Gebhard Müller ","cdu","Kabinett Müller",1953,1956,"lin",1956,0,0
"bw","Gebhard Müller ","cdu","Kabinett Müller",1953,1956,"lpd",1956,0,0
"bw","Gebhard Müller ","cdu","Kabinett Müller",1953,1956,"nlp",1956,0,0
"bw","Gebhard Müller ","cdu","Kabinett Müller",1953,1956,"pro",1956,0,0
"bw","Gebhard Müller ","cdu","Kabinett Müller",1953,1956,"spd",1956,1,0
"bw","Gebhard Müller ","cdu","Kabinett Müller",1953,1956,"sps",1956,0,0
"bw","Gebhard Müller ","cdu","Kabinett Müller",1953,1956,"ssw",1956,0,0
"bw","Gebhard Müller ","cdu","Kabinett Müller",1953,1956,"statt",1956,0,0
"bw","Gebhard Müller ","cdu","Kabinett Müller",1953,1956,"wav",1956,0,0
"bw","Gebhard Müller ","cdu","Kabinett Müller",1953,1956,"zentrum",1956,0,0
"hh","Kurt Sieveking","cdu","Kabinett Sieveking",1953,1957,"bdv",1957,0,0
"hh","Kurt Sieveking","cdu","Kabinett Sieveking",1953,1957,"bhe",1957,0,0
"hh","Kurt Sieveking","cdu","Kabinett Sieveking",1953,1957,"bp",1957,0,0
"hh","Kurt Sieveking","cdu","Kabinett Sieveking",1953,1957,"bsw",1957,0,0
"hh","Kurt Sieveking","cdu","Kabinett Sieveking",1953,1957,"cdu",1957,1,1
"hh","Kurt Sieveking","cdu","Kabinett Sieveking",1953,1957,"cvp",1957,0,0
"hh","Kurt Sieveking","cdu","Kabinett Sieveking",1953,1957,"dp",1957,1,0
"hh","Kurt Sieveking","cdu","Kabinett Sieveking",1953,1957,"dps",1957,0,0
"hh","Kurt Sieveking","cdu","Kabinett Sieveking",1953,1957,"fdp",1957,1,0
"hh","Kurt Sieveking","cdu","Kabinett Sieveking",1953,1957,"fw",1957,0,0
"hh","Kurt Sieveking","cdu","Kabinett Sieveking",1953,1957,"gb/bhe",1957,0,0
"hh","Kurt Sieveking","cdu","Kabinett Sieveking",1953,1957,"gru",1957,0,0
"hh","Kurt Sieveking","cdu","Kabinett Sieveking",1953,1957,"kpd",1957,0,0
"hh","Kurt Sieveking","cdu","Kabinett Sieveking",1953,1957,"lin",1957,0,0
"hh","Kurt Sieveking","cdu","Kabinett Sieveking",1953,1957,"lpd",1957,0,0
"hh","Kurt Sieveking","cdu","Kabinett Sieveking",1953,1957,"nlp",1957,0,0
"hh","Kurt Sieveking","cdu","Kabinett Sieveking",1953,1957,"pro",1957,0,0
"hh","Kurt Sieveking","cdu","Kabinett Sieveking",1953,1957,"spd",1957,0,0
"hh","Kurt Sieveking","cdu","Kabinett Sieveking",1953,1957,"sps",1957,0,0
"hh","Kurt Sieveking","cdu","Kabinett Sieveking",1953,1957,"ssw",1957,0,0
"hh","Kurt Sieveking","cdu","Kabinett Sieveking",1953,1957,"statt",1957,0,0
"hh","Kurt Sieveking","cdu","Kabinett Sieveking",1953,1957,"wav",1957,0,0
"hh","Kurt Sieveking","cdu","Kabinett Sieveking",1953,1957,"zentrum",1957,0,0
"by","Wilhelm Hoegner","cdu","Kabinett Hoegner II",1954,1957,"bdv",1957,0,0
"by","Wilhelm Hoegner","cdu","Kabinett Hoegner II",1954,1957,"bhe",1957,1,0
"by","Wilhelm Hoegner","cdu","Kabinett Hoegner II",1954,1957,"bp",1957,1,0
"by","Wilhelm Hoegner","cdu","Kabinett Hoegner II",1954,1957,"bsw",1957,0,0
"by","Wilhelm Hoegner","cdu","Kabinett Hoegner II",1954,1957,"cdu",1957,0,1
"by","Wilhelm Hoegner","cdu","Kabinett Hoegner II",1954,1957,"cvp",1957,0,0
"by","Wilhelm Hoegner","cdu","Kabinett Hoegner II",1954,1957,"dp",1957,0,0
"by","Wilhelm Hoegner","cdu","Kabinett Hoegner II",1954,1957,"dps",1957,0,0
"by","Wilhelm Hoegner","cdu","Kabinett Hoegner II",1954,1957,"fdp",1957,1,0
"by","Wilhelm Hoegner","cdu","Kabinett Hoegner II",1954,1957,"fw",1957,0,0
"by","Wilhelm Hoegner","cdu","Kabinett Hoegner II",1954,1957,"gb/bhe",1957,0,0
"by","Wilhelm Hoegner","cdu","Kabinett Hoegner II",1954,1957,"gru",1957,0,0
"by","Wilhelm Hoegner","cdu","Kabinett Hoegner II",1954,1957,"kpd",1957,0,0
"by","Wilhelm Hoegner","cdu","Kabinett Hoegner II",1954,1957,"lin",1957,0,0
"by","Wilhelm Hoegner","cdu","Kabinett Hoegner II",1954,1957,"lpd",1957,0,0
"by","Wilhelm Hoegner","cdu","Kabinett Hoegner II",1954,1957,"nlp",1957,0,0
"by","Wilhelm Hoegner","cdu","Kabinett Hoegner II",1954,1957,"pro",1957,0,0
"by","Wilhelm Hoegner","cdu","Kabinett Hoegner II",1954,1957,"spd",1957,1,0
"by","Wilhelm Hoegner","cdu","Kabinett Hoegner II",1954,1957,"sps",1957,0,0
"by","Wilhelm Hoegner","cdu","Kabinett Hoegner II",1954,1957,"ssw",1957,0,0
"by","Wilhelm Hoegner","cdu","Kabinett Hoegner II",1954,1957,"statt",1957,0,0
"by","Wilhelm Hoegner","cdu","Kabinett Hoegner II",1954,1957,"wav",1957,0,0
"by","Wilhelm Hoegner","cdu","Kabinett Hoegner II",1954,1957,"zentrum",1957,0,0
"he","Georg-August Zinn","spd","Kabinett Zinn II",1954,1959,"bdv",1958,0,0
"he","Georg-August Zinn","spd","Kabinett Zinn II",1954,1959,"bhe",1958,0,0
"he","Georg-August Zinn","spd","Kabinett Zinn II",1954,1959,"bp",1958,0,0
"he","Georg-August Zinn","spd","Kabinett Zinn II",1954,1959,"bsw",1958,0,0
"he","Georg-August Zinn","spd","Kabinett Zinn II",1954,1959,"cdu",1958,0,0
"he","Georg-August Zinn","spd","Kabinett Zinn II",1954,1959,"cvp",1958,0,0
"he","Georg-August Zinn","spd","Kabinett Zinn II",1954,1959,"dp",1958,0,0
"he","Georg-August Zinn","spd","Kabinett Zinn II",1954,1959,"dps",1958,0,0
"he","Georg-August Zinn","spd","Kabinett Zinn II",1954,1959,"fdp",1958,0,0
"he","Georg-August Zinn","spd","Kabinett Zinn II",1954,1959,"fw",1958,0,0
"he","Georg-August Zinn","spd","Kabinett Zinn II",1954,1959,"gb/bhe",1958,1,0
"he","Georg-August Zinn","spd","Kabinett Zinn II",1954,1959,"gru",1958,0,0
"he","Georg-August Zinn","spd","Kabinett Zinn II",1954,1959,"kpd",1958,0,0
"he","Georg-August Zinn","spd","Kabinett Zinn II",1954,1959,"lin",1958,0,0
"he","Georg-August Zinn","spd","Kabinett Zinn II",1954,1959,"lpd",1958,0,0
"he","Georg-August Zinn","spd","Kabinett Zinn II",1954,1959,"nlp",1958,0,0
"he","Georg-August Zinn","spd","Kabinett Zinn II",1954,1959,"pro",1958,0,0
"he","Georg-August Zinn","spd","Kabinett Zinn II",1954,1959,"spd",1958,1,1
"he","Georg-August Zinn","spd","Kabinett Zinn II",1954,1959,"sps",1958,0,0
"he","Georg-August Zinn","spd","Kabinett Zinn II",1954,1959,"ssw",1958,0,0
"he","Georg-August Zinn","spd","Kabinett Zinn II",1954,1959,"statt",1958,0,0
"he","Georg-August Zinn","spd","Kabinett Zinn II",1954,1959,"wav",1958,0,0
"he","Georg-August Zinn","spd","Kabinett Zinn II",1954,1959,"zentrum",1958,0,0
"nw","Karl Arnold","cdu","Kabinett Arnold III",1954,1956,"bdv",1956,0,0
"nw","Karl Arnold","cdu","Kabinett Arnold III",1954,1956,"bhe",1956,0,0
"nw","Karl Arnold","cdu","Kabinett Arnold III",1954,1956,"bp",1956,0,0
"nw","Karl Arnold","cdu","Kabinett Arnold III",1954,1956,"bsw",1956,0,0
"nw","Karl Arnold","cdu","Kabinett Arnold III",1954,1956,"cdu",1956,1,1
"nw","Karl Arnold","cdu","Kabinett Arnold III",1954,1956,"cvp",1956,0,0
"nw","Karl Arnold","cdu","Kabinett Arnold III",1954,1956,"dp",1956,0,0
"nw","Karl Arnold","cdu","Kabinett Arnold III",1954,1956,"dps",1956,0,0
"nw","Karl Arnold","cdu","Kabinett Arnold III",1954,1956,"fdp",1956,1,0
"nw","Karl Arnold","cdu","Kabinett Arnold III",1954,1956,"fw",1956,0,0
"nw","Karl Arnold","cdu","Kabinett Arnold III",1954,1956,"gb/bhe",1956,0,0
"nw","Karl Arnold","cdu","Kabinett Arnold III",1954,1956,"gru",1956,0,0
"nw","Karl Arnold","cdu","Kabinett Arnold III",1954,1956,"kpd",1956,0,0
"nw","Karl Arnold","cdu","Kabinett Arnold III",1954,1956,"lin",1956,0,0
"nw","Karl Arnold","cdu","Kabinett Arnold III",1954,1956,"lpd",1956,0,0
"nw","Karl Arnold","cdu","Kabinett Arnold III",1954,1956,"nlp",1956,0,0
"nw","Karl Arnold","cdu","Kabinett Arnold III",1954,1956,"pro",1956,0,0
"nw","Karl Arnold","cdu","Kabinett Arnold III",1954,1956,"spd",1956,0,0
"nw","Karl Arnold","cdu","Kabinett Arnold III",1954,1956,"sps",1956,0,0
"nw","Karl Arnold","cdu","Kabinett Arnold III",1954,1956,"ssw",1956,0,0
"nw","Karl Arnold","cdu","Kabinett Arnold III",1954,1956,"statt",1956,0,0
"nw","Karl Arnold","cdu","Kabinett Arnold III",1954,1956,"wav",1956,0,0
"nw","Karl Arnold","cdu","Kabinett Arnold III",1954,1956,"zentrum",1956,1,0
"sh","Kai-Uwe von Hassel","cdu","Kabinett von Hassel I",1954,1958,"bdv",1958,0,0
"sh","Kai-Uwe von Hassel","cdu","Kabinett von Hassel I",1954,1958,"bhe",1958,0,0
"sh","Kai-Uwe von Hassel","cdu","Kabinett von Hassel I",1954,1958,"bp",1958,0,0
"sh","Kai-Uwe von Hassel","cdu","Kabinett von Hassel I",1954,1958,"bsw",1958,0,0
"sh","Kai-Uwe von Hassel","cdu","Kabinett von Hassel I",1954,1958,"cdu",1958,1,1
"sh","Kai-Uwe von Hassel","cdu","Kabinett von Hassel I",1954,1958,"cvp",1958,0,0
"sh","Kai-Uwe von Hassel","cdu","Kabinett von Hassel I",1954,1958,"dp",1958,0,0
"sh","Kai-Uwe von Hassel","cdu","Kabinett von Hassel I",1954,1958,"dps",1958,0,0
"sh","Kai-Uwe von Hassel","cdu","Kabinett von Hassel I",1954,1958,"fdp",1958,1,0
"sh","Kai-Uwe von Hassel","cdu","Kabinett von Hassel I",1954,1958,"fw",1958,0,0
"sh","Kai-Uwe von Hassel","cdu","Kabinett von Hassel I",1954,1958,"gb/bhe",1958,1,0
"sh","Kai-Uwe von Hassel","cdu","Kabinett von Hassel I",1954,1958,"gru",1958,0,0
"sh","Kai-Uwe von Hassel","cdu","Kabinett von Hassel I",1954,1958,"kpd",1958,0,0
"sh","Kai-Uwe von Hassel","cdu","Kabinett von Hassel I",1954,1958,"lin",1958,0,0
"sh","Kai-Uwe von Hassel","cdu","Kabinett von Hassel I",1954,1958,"lpd",1958,0,0
"sh","Kai-Uwe von Hassel","cdu","Kabinett von Hassel I",1954,1958,"nlp",1958,0,0
"sh","Kai-Uwe von Hassel","cdu","Kabinett von Hassel I",1954,1958,"pro",1958,0,0
"sh","Kai-Uwe von Hassel","cdu","Kabinett von Hassel I",1954,1958,"spd",1958,0,0
"sh","Kai-Uwe von Hassel","cdu","Kabinett von Hassel I",1954,1958,"sps",1958,0,0
"sh","Kai-Uwe von Hassel","cdu","Kabinett von Hassel I",1954,1958,"ssw",1958,0,0
"sh","Kai-Uwe von Hassel","cdu","Kabinett von Hassel I",1954,1958,"statt",1958,0,0
"sh","Kai-Uwe von Hassel","cdu","Kabinett von Hassel I",1954,1958,"wav",1958,0,0
"sh","Kai-Uwe von Hassel","cdu","Kabinett von Hassel I",1954,1958,"zentrum",1958,0,0
"sl","Johannes Hoffmann","cvp","Kabinett Hoffmann IV",1954,1955,"bdv",1955,0,0
"sl","Johannes Hoffmann","cvp","Kabinett Hoffmann IV",1954,1955,"bhe",1955,0,0
"sl","Johannes Hoffmann","cvp","Kabinett Hoffmann IV",1954,1955,"bp",1955,0,0
"sl","Johannes Hoffmann","cvp","Kabinett Hoffmann IV",1954,1955,"bsw",1955,0,0
"sl","Johannes Hoffmann","cvp","Kabinett Hoffmann IV",1954,1955,"cdu",1955,0,0
"sl","Johannes Hoffmann","cvp","Kabinett Hoffmann IV",1954,1955,"cvp",1955,1,1
"sl","Johannes Hoffmann","cvp","Kabinett Hoffmann IV",1954,1955,"dp",1955,0,0
"sl","Johannes Hoffmann","cvp","Kabinett Hoffmann IV",1954,1955,"dps",1955,0,0
"sl","Johannes Hoffmann","cvp","Kabinett Hoffmann IV",1954,1955,"fdp",1955,0,0
"sl","Johannes Hoffmann","cvp","Kabinett Hoffmann IV",1954,1955,"fw",1955,0,0
"sl","Johannes Hoffmann","cvp","Kabinett Hoffmann IV",1954,1955,"gb/bhe",1955,0,0
"sl","Johannes Hoffmann","cvp","Kabinett Hoffmann IV",1954,1955,"gru",1955,0,0
"sl","Johannes Hoffmann","cvp","Kabinett Hoffmann IV",1954,1955,"kpd",1955,0,0
"sl","Johannes Hoffmann","cvp","Kabinett Hoffmann IV",1954,1955,"lin",1955,0,0
"sl","Johannes Hoffmann","cvp","Kabinett Hoffmann IV",1954,1955,"lpd",1955,0,0
"sl","Johannes Hoffmann","cvp","Kabinett Hoffmann IV",1954,1955,"nlp",1955,0,0
"sl","Johannes Hoffmann","cvp","Kabinett Hoffmann IV",1954,1955,"pro",1955,0,0
"sl","Johannes Hoffmann","cvp","Kabinett Hoffmann IV",1954,1955,"spd",1955,0,0
"sl","Johannes Hoffmann","cvp","Kabinett Hoffmann IV",1954,1955,"sps",1955,0,0
"sl","Johannes Hoffmann","cvp","Kabinett Hoffmann IV",1954,1955,"ssw",1955,0,0
"sl","Johannes Hoffmann","cvp","Kabinett Hoffmann IV",1954,1955,"statt",1955,0,0
"sl","Johannes Hoffmann","cvp","Kabinett Hoffmann IV",1954,1955,"wav",1955,0,0
"sl","Johannes Hoffmann","cvp","Kabinett Hoffmann IV",1954,1955,"zentrum",1955,0,0
"hb","Wilhelm Kaisen","spd","Kaisen V",1955,1959,"bdv",1959,0,0
"hb","Wilhelm Kaisen","spd","Kaisen V",1955,1959,"bhe",1959,0,0
"hb","Wilhelm Kaisen","spd","Kaisen V",1955,1959,"bp",1959,0,0
"hb","Wilhelm Kaisen","spd","Kaisen V",1955,1959,"bsw",1959,0,0
"hb","Wilhelm Kaisen","spd","Kaisen V",1955,1959,"cdu",1959,1,0
"hb","Wilhelm Kaisen","spd","Kaisen V",1955,1959,"cvp",1959,0,0
"hb","Wilhelm Kaisen","spd","Kaisen V",1955,1959,"dp",1959,0,0
"hb","Wilhelm Kaisen","spd","Kaisen V",1955,1959,"dps",1959,0,0
"hb","Wilhelm Kaisen","spd","Kaisen V",1955,1959,"fdp",1959,1,0
"hb","Wilhelm Kaisen","spd","Kaisen V",1955,1959,"fw",1959,0,0
"hb","Wilhelm Kaisen","spd","Kaisen V",1955,1959,"gb/bhe",1959,0,0
"hb","Wilhelm Kaisen","spd","Kaisen V",1955,1959,"gru",1959,0,0
"hb","Wilhelm Kaisen","spd","Kaisen V",1955,1959,"kpd",1959,0,0
"hb","Wilhelm Kaisen","spd","Kaisen V",1955,1959,"lin",1959,0,0
"hb","Wilhelm Kaisen","spd","Kaisen V",1955,1959,"lpd",1959,0,0
"hb","Wilhelm Kaisen","spd","Kaisen V",1955,1959,"nlp",1959,0,0
"hb","Wilhelm Kaisen","spd","Kaisen V",1955,1959,"pro",1959,0,0
"hb","Wilhelm Kaisen","spd","Kaisen V",1955,1959,"spd",1959,1,1
"hb","Wilhelm Kaisen","spd","Kaisen V",1955,1959,"sps",1959,0,0
"hb","Wilhelm Kaisen","spd","Kaisen V",1955,1959,"ssw",1959,0,0
"hb","Wilhelm Kaisen","spd","Kaisen V",1955,1959,"statt",1959,0,0
"hb","Wilhelm Kaisen","spd","Kaisen V",1955,1959,"wav",1959,0,0
"hb","Wilhelm Kaisen","spd","Kaisen V",1955,1959,"zentrum",1959,0,0
"ni","Heinrich Hellwege","dp","Hellwege I",1955,1957,"bdv",1957,0,0
"ni","Heinrich Hellwege","dp","Hellwege I",1955,1957,"bhe",1957,0,0
"ni","Heinrich Hellwege","dp","Hellwege I",1955,1957,"bp",1957,0,0
"ni","Heinrich Hellwege","dp","Hellwege I",1955,1957,"bsw",1957,0,0
"ni","Heinrich Hellwege","dp","Hellwege I",1955,1957,"cdu",1957,1,0
"ni","Heinrich Hellwege","dp","Hellwege I",1955,1957,"cvp",1957,0,0
"ni","Heinrich Hellwege","dp","Hellwege I",1955,1957,"dp",1957,1,1
"ni","Heinrich Hellwege","dp","Hellwege I",1955,1957,"dps",1957,0,0
"ni","Heinrich Hellwege","dp","Hellwege I",1955,1957,"fdp",1957,1,0
"ni","Heinrich Hellwege","dp","Hellwege I",1955,1957,"fw",1957,0,0
"ni","Heinrich Hellwege","dp","Hellwege I",1955,1957,"gb/bhe",1957,1,0
"ni","Heinrich Hellwege","dp","Hellwege I",1955,1957,"gru",1957,0,0
"ni","Heinrich Hellwege","dp","Hellwege I",1955,1957,"kpd",1957,0,0
"ni","Heinrich Hellwege","dp","Hellwege I",1955,1957,"lin",1957,0,0
"ni","Heinrich Hellwege","dp","Hellwege I",1955,1957,"lpd",1957,0,0
"ni","Heinrich Hellwege","dp","Hellwege I",1955,1957,"nlp",1957,0,0
"ni","Heinrich Hellwege","dp","Hellwege I",1955,1957,"pro",1957,0,0
"ni","Heinrich Hellwege","dp","Hellwege I",1955,1957,"spd",1957,0,0
"ni","Heinrich Hellwege","dp","Hellwege I",1955,1957,"sps",1957,0,0
"ni","Heinrich Hellwege","dp","Hellwege I",1955,1957,"ssw",1957,0,0
"ni","Heinrich Hellwege","dp","Hellwege I",1955,1957,"statt",1957,0,0
"ni","Heinrich Hellwege","dp","Hellwege I",1955,1957,"wav",1957,0,0
"ni","Heinrich Hellwege","dp","Hellwege I",1955,1957,"zentrum",1957,0,0
"rp","Peter Altmeier","cdu","Altmeier III",1955,1959,"bdv",1959,0,0
"rp","Peter Altmeier","cdu","Altmeier III",1955,1959,"bhe",1959,0,0
"rp","Peter Altmeier","cdu","Altmeier III",1955,1959,"bp",1959,0,0
"rp","Peter Altmeier","cdu","Altmeier III",1955,1959,"bsw",1959,0,0
"rp","Peter Altmeier","cdu","Altmeier III",1955,1959,"cdu",1959,1,1
"rp","Peter Altmeier","cdu","Altmeier III",1955,1959,"cvp",1959,0,0
"rp","Peter Altmeier","cdu","Altmeier III",1955,1959,"dp",1959,0,0
"rp","Peter Altmeier","cdu","Altmeier III",1955,1959,"dps",1959,0,0
"rp","Peter Altmeier","cdu","Altmeier III",1955,1959,"fdp",1959,1,0
"rp","Peter Altmeier","cdu","Altmeier III",1955,1959,"fw",1959,0,0
"rp","Peter Altmeier","cdu","Altmeier III",1955,1959,"gb/bhe",1959,0,0
"rp","Peter Altmeier","cdu","Altmeier III",1955,1959,"gru",1959,0,0
"rp","Peter Altmeier","cdu","Altmeier III",1955,1959,"kpd",1959,0,0
"rp","Peter Altmeier","cdu","Altmeier III",1955,1959,"lin",1959,0,0
"rp","Peter Altmeier","cdu","Altmeier III",1955,1959,"lpd",1959,0,0
"rp","Peter Altmeier","cdu","Altmeier III",1955,1959,"nlp",1959,0,0
"rp","Peter Altmeier","cdu","Altmeier III",1955,1959,"pro",1959,0,0
"rp","Peter Altmeier","cdu","Altmeier III",1955,1959,"spd",1959,0,0
"rp","Peter Altmeier","cdu","Altmeier III",1955,1959,"sps",1959,0,0
"rp","Peter Altmeier","cdu","Altmeier III",1955,1959,"ssw",1959,0,0
"rp","Peter Altmeier","cdu","Altmeier III",1955,1959,"statt",1959,0,0
"rp","Peter Altmeier","cdu","Altmeier III",1955,1959,"wav",1959,0,0
"rp","Peter Altmeier","cdu","Altmeier III",1955,1959,"zentrum",1959,0,0
"sl","Heinrich Welsch","parteilos","Kabinett Welsch",1955,1956,"bdv",1956,0,0
"sl","Heinrich Welsch","parteilos","Kabinett Welsch",1955,1956,"bhe",1956,0,0
"sl","Heinrich Welsch","parteilos","Kabinett Welsch",1955,1956,"bp",1956,0,0
"sl","Heinrich Welsch","parteilos","Kabinett Welsch",1955,1956,"bsw",1956,0,0
"sl","Heinrich Welsch","parteilos","Kabinett Welsch",1955,1956,"cdu",1956,0,0
"sl","Heinrich Welsch","parteilos","Kabinett Welsch",1955,1956,"cvp",1956,0,0
"sl","Heinrich Welsch","parteilos","Kabinett Welsch",1955,1956,"dp",1956,0,0
"sl","Heinrich Welsch","parteilos","Kabinett Welsch",1955,1956,"dps",1956,0,0
"sl","Heinrich Welsch","parteilos","Kabinett Welsch",1955,1956,"fdp",1956,0,0
"sl","Heinrich Welsch","parteilos","Kabinett Welsch",1955,1956,"fw",1956,0,0
"sl","Heinrich Welsch","parteilos","Kabinett Welsch",1955,1956,"gb/bhe",1956,0,0
"sl","Heinrich Welsch","parteilos","Kabinett Welsch",1955,1956,"gru",1956,0,0
"sl","Heinrich Welsch","parteilos","Kabinett Welsch",1955,1956,"kpd",1956,0,0
"sl","Heinrich Welsch","parteilos","Kabinett Welsch",1955,1956,"lin",1956,0,0
"sl","Heinrich Welsch","parteilos","Kabinett Welsch",1955,1956,"lpd",1956,0,0
"sl","Heinrich Welsch","parteilos","Kabinett Welsch",1955,1956,"nlp",1956,0,0
"sl","Heinrich Welsch","parteilos","Kabinett Welsch",1955,1956,"pro",1956,0,0
"sl","Heinrich Welsch","parteilos","Kabinett Welsch",1955,1956,"spd",1956,0,0
"sl","Heinrich Welsch","parteilos","Kabinett Welsch",1955,1956,"sps",1956,0,0
"sl","Heinrich Welsch","parteilos","Kabinett Welsch",1955,1956,"ssw",1956,0,0
"sl","Heinrich Welsch","parteilos","Kabinett Welsch",1955,1956,"statt",1956,0,0
"sl","Heinrich Welsch","parteilos","Kabinett Welsch",1955,1956,"wav",1956,0,0
"sl","Heinrich Welsch","parteilos","Kabinett Welsch",1955,1956,"zentrum",1956,0,0
"bw","Gebhard Müller ","cdu","Kabinett Müller II",1956,1958,"bdv",1958,0,0
"bw","Gebhard Müller ","cdu","Kabinett Müller II",1956,1958,"bhe",1958,0,0
"bw","Gebhard Müller ","cdu","Kabinett Müller II",1956,1958,"bp",1958,0,0
"bw","Gebhard Müller ","cdu","Kabinett Müller II",1956,1958,"bsw",1958,0,0
"bw","Gebhard Müller ","cdu","Kabinett Müller II",1956,1958,"cdu",1958,1,1
"bw","Gebhard Müller ","cdu","Kabinett Müller II",1956,1958,"cvp",1958,0,0
"bw","Gebhard Müller ","cdu","Kabinett Müller II",1956,1958,"dp",1958,0,0
"bw","Gebhard Müller ","cdu","Kabinett Müller II",1956,1958,"dps",1958,0,0
"bw","Gebhard Müller ","cdu","Kabinett Müller II",1956,1958,"fdp",1958,1,0
"bw","Gebhard Müller ","cdu","Kabinett Müller II",1956,1958,"fw",1958,0,0
"bw","Gebhard Müller ","cdu","Kabinett Müller II",1956,1958,"gb/bhe",1958,0,0
"bw","Gebhard Müller ","cdu","Kabinett Müller II",1956,1958,"gru",1958,0,0
"bw","Gebhard Müller ","cdu","Kabinett Müller II",1956,1958,"kpd",1958,0,0
"bw","Gebhard Müller ","cdu","Kabinett Müller II",1956,1958,"lin",1958,0,0
"bw","Gebhard Müller ","cdu","Kabinett Müller II",1956,1958,"lpd",1958,0,0
"bw","Gebhard Müller ","cdu","Kabinett Müller II",1956,1958,"nlp",1958,0,0
"bw","Gebhard Müller ","cdu","Kabinett Müller II",1956,1958,"pro",1958,0,0
"bw","Gebhard Müller ","cdu","Kabinett Müller II",1956,1958,"spd",1958,1,0
"bw","Gebhard Müller ","cdu","Kabinett Müller II",1956,1958,"sps",1958,0,0
"bw","Gebhard Müller ","cdu","Kabinett Müller II",1956,1958,"ssw",1958,0,0
"bw","Gebhard Müller ","cdu","Kabinett Müller II",1956,1958,"statt",1958,0,0
"bw","Gebhard Müller ","cdu","Kabinett Müller II",1956,1958,"wav",1958,0,0
"bw","Gebhard Müller ","cdu","Kabinett Müller II",1956,1958,"zentrum",1958,0,0
"nw","Fritz Steinhoff","spd","Kabinett Steinhoff",1956,1958,"bdv",1958,0,0
"nw","Fritz Steinhoff","spd","Kabinett Steinhoff",1956,1958,"bhe",1958,0,0
"nw","Fritz Steinhoff","spd","Kabinett Steinhoff",1956,1958,"bp",1958,0,0
"nw","Fritz Steinhoff","spd","Kabinett Steinhoff",1956,1958,"bsw",1958,0,0
"nw","Fritz Steinhoff","spd","Kabinett Steinhoff",1956,1958,"cdu",1958,0,0
"nw","Fritz Steinhoff","spd","Kabinett Steinhoff",1956,1958,"cvp",1958,0,0
"nw","Fritz Steinhoff","spd","Kabinett Steinhoff",1956,1958,"dp",1958,0,0
"nw","Fritz Steinhoff","spd","Kabinett Steinhoff",1956,1958,"dps",1958,0,0
"nw","Fritz Steinhoff","spd","Kabinett Steinhoff",1956,1958,"fdp",1958,1,0
"nw","Fritz Steinhoff","spd","Kabinett Steinhoff",1956,1958,"fw",1958,0,0
"nw","Fritz Steinhoff","spd","Kabinett Steinhoff",1956,1958,"gb/bhe",1958,0,0
"nw","Fritz Steinhoff","spd","Kabinett Steinhoff",1956,1958,"gru",1958,0,0
"nw","Fritz Steinhoff","spd","Kabinett Steinhoff",1956,1958,"kpd",1958,0,0
"nw","Fritz Steinhoff","spd","Kabinett Steinhoff",1956,1958,"lin",1958,0,0
"nw","Fritz Steinhoff","spd","Kabinett Steinhoff",1956,1958,"lpd",1958,0,0
"nw","Fritz Steinhoff","spd","Kabinett Steinhoff",1956,1958,"nlp",1958,0,0
"nw","Fritz Steinhoff","spd","Kabinett Steinhoff",1956,1958,"pro",1958,0,0
"nw","Fritz Steinhoff","spd","Kabinett Steinhoff",1956,1958,"spd",1958,1,1
"nw","Fritz Steinhoff","spd","Kabinett Steinhoff",1956,1958,"sps",1958,0,0
"nw","Fritz Steinhoff","spd","Kabinett Steinhoff",1956,1958,"ssw",1958,0,0
"nw","Fritz Steinhoff","spd","Kabinett Steinhoff",1956,1958,"statt",1958,0,0
"nw","Fritz Steinhoff","spd","Kabinett Steinhoff",1956,1958,"wav",1958,0,0
"nw","Fritz Steinhoff","spd","Kabinett Steinhoff",1956,1958,"zentrum",1958,1,0
"sl","Hubert Ney","cdu","Kabinett Ney",1956,1957,"bdv",1957,0,0
"sl","Hubert Ney","cdu","Kabinett Ney",1956,1957,"bhe",1957,0,0
"sl","Hubert Ney","cdu","Kabinett Ney",1956,1957,"bp",1957,0,0
"sl","Hubert Ney","cdu","Kabinett Ney",1956,1957,"bsw",1957,0,0
"sl","Hubert Ney","cdu","Kabinett Ney",1956,1957,"cdu",1957,1,1
"sl","Hubert Ney","cdu","Kabinett Ney",1956,1957,"cvp",1957,0,0
"sl","Hubert Ney","cdu","Kabinett Ney",1956,1957,"dp",1957,0,0
"sl","Hubert Ney","cdu","Kabinett Ney",1956,1957,"dps",1957,0,0
"sl","Hubert Ney","cdu","Kabinett Ney",1956,1957,"fdp",1957,0,0
"sl","Hubert Ney","cdu","Kabinett Ney",1956,1957,"fw",1957,0,0
"sl","Hubert Ney","cdu","Kabinett Ney",1956,1957,"gb/bhe",1957,0,0
"sl","Hubert Ney","cdu","Kabinett Ney",1956,1957,"gru",1957,0,0
"sl","Hubert Ney","cdu","Kabinett Ney",1956,1957,"kpd",1957,0,0
"sl","Hubert Ney","cdu","Kabinett Ney",1956,1957,"lin",1957,0,0
"sl","Hubert Ney","cdu","Kabinett Ney",1956,1957,"lpd",1957,0,0
"sl","Hubert Ney","cdu","Kabinett Ney",1956,1957,"nlp",1957,0,0
"sl","Hubert Ney","cdu","Kabinett Ney",1956,1957,"pro",1957,0,0
"sl","Hubert Ney","cdu","Kabinett Ney",1956,1957,"spd",1957,1,0
"sl","Hubert Ney","cdu","Kabinett Ney",1956,1957,"sps",1957,1,0
"sl","Hubert Ney","cdu","Kabinett Ney",1956,1957,"ssw",1957,0,0
"sl","Hubert Ney","cdu","Kabinett Ney",1956,1957,"statt",1957,0,0
"sl","Hubert Ney","cdu","Kabinett Ney",1956,1957,"wav",1957,0,0
"sl","Hubert Ney","cdu","Kabinett Ney",1956,1957,"zentrum",1957,0,0
"by","Hanns Seidel","cdu","Kabinett Seidel I",1957,1958,"bdv",1958,0,0
"by","Hanns Seidel","cdu","Kabinett Seidel I",1957,1958,"bhe",1958,1,0
"by","Hanns Seidel","cdu","Kabinett Seidel I",1957,1958,"bp",1958,0,0
"by","Hanns Seidel","cdu","Kabinett Seidel I",1957,1958,"bsw",1958,0,0
"by","Hanns Seidel","cdu","Kabinett Seidel I",1957,1958,"cdu",1958,1,1
"by","Hanns Seidel","cdu","Kabinett Seidel I",1957,1958,"cvp",1958,0,0
"by","Hanns Seidel","cdu","Kabinett Seidel I",1957,1958,"dp",1958,0,0
"by","Hanns Seidel","cdu","Kabinett Seidel I",1957,1958,"dps",1958,0,0
"by","Hanns Seidel","cdu","Kabinett Seidel I",1957,1958,"fdp",1958,1,0
"by","Hanns Seidel","cdu","Kabinett Seidel I",1957,1958,"fw",1958,0,0
"by","Hanns Seidel","cdu","Kabinett Seidel I",1957,1958,"gb/bhe",1958,0,0
"by","Hanns Seidel","cdu","Kabinett Seidel I",1957,1958,"gru",1958,0,0
"by","Hanns Seidel","cdu","Kabinett Seidel I",1957,1958,"kpd",1958,0,0
"by","Hanns Seidel","cdu","Kabinett Seidel I",1957,1958,"lin",1958,0,0
"by","Hanns Seidel","cdu","Kabinett Seidel I",1957,1958,"lpd",1958,0,0
"by","Hanns Seidel","cdu","Kabinett Seidel I",1957,1958,"nlp",1958,0,0
"by","Hanns Seidel","cdu","Kabinett Seidel I",1957,1958,"pro",1958,0,0
"by","Hanns Seidel","cdu","Kabinett Seidel I",1957,1958,"spd",1958,0,0
"by","Hanns Seidel","cdu","Kabinett Seidel I",1957,1958,"sps",1958,0,0
"by","Hanns Seidel","cdu","Kabinett Seidel I",1957,1958,"ssw",1958,0,0
"by","Hanns Seidel","cdu","Kabinett Seidel I",1957,1958,"statt",1958,0,0
"by","Hanns Seidel","cdu","Kabinett Seidel I",1957,1958,"wav",1958,0,0
"by","Hanns Seidel","cdu","Kabinett Seidel I",1957,1958,"zentrum",1958,0,0
"ni","Heinrich Hellwege","dp","Hellwege II",1957,1959,"bdv",1959,0,0
"ni","Heinrich Hellwege","dp","Hellwege II",1957,1959,"bhe",1959,0,0
"ni","Heinrich Hellwege","dp","Hellwege II",1957,1959,"bp",1959,0,0
"ni","Heinrich Hellwege","dp","Hellwege II",1957,1959,"bsw",1959,0,0
"ni","Heinrich Hellwege","dp","Hellwege II",1957,1959,"cdu",1959,1,0
"ni","Heinrich Hellwege","dp","Hellwege II",1957,1959,"cvp",1959,0,0
"ni","Heinrich Hellwege","dp","Hellwege II",1957,1959,"dp",1959,1,1
"ni","Heinrich Hellwege","dp","Hellwege II",1957,1959,"dps",1959,0,0
"ni","Heinrich Hellwege","dp","Hellwege II",1957,1959,"fdp",1959,0,0
"ni","Heinrich Hellwege","dp","Hellwege II",1957,1959,"fw",1959,0,0
"ni","Heinrich Hellwege","dp","Hellwege II",1957,1959,"gb/bhe",1959,0,0
"ni","Heinrich Hellwege","dp","Hellwege II",1957,1959,"gru",1959,0,0
"ni","Heinrich Hellwege","dp","Hellwege II",1957,1959,"kpd",1959,0,0
"ni","Heinrich Hellwege","dp","Hellwege II",1957,1959,"lin",1959,0,0
"ni","Heinrich Hellwege","dp","Hellwege II",1957,1959,"lpd",1959,0,0
"ni","Heinrich Hellwege","dp","Hellwege II",1957,1959,"nlp",1959,0,0
"ni","Heinrich Hellwege","dp","Hellwege II",1957,1959,"pro",1959,0,0
"ni","Heinrich Hellwege","dp","Hellwege II",1957,1959,"spd",1959,1,0
"ni","Heinrich Hellwege","dp","Hellwege II",1957,1959,"sps",1959,0,0
"ni","Heinrich Hellwege","dp","Hellwege II",1957,1959,"ssw",1959,0,0
"ni","Heinrich Hellwege","dp","Hellwege II",1957,1959,"statt",1959,0,0
"ni","Heinrich Hellwege","dp","Hellwege II",1957,1959,"wav",1959,0,0
"ni","Heinrich Hellwege","dp","Hellwege II",1957,1959,"zentrum",1959,0,0
"sl","Egon Reinert","cdu","Kabinett Reinert I",1957,1959,"bdv",1959,0,0
"sl","Egon Reinert","cdu","Kabinett Reinert I",1957,1959,"bhe",1959,0,0
"sl","Egon Reinert","cdu","Kabinett Reinert I",1957,1959,"bp",1959,0,0
"sl","Egon Reinert","cdu","Kabinett Reinert I",1957,1959,"bsw",1959,0,0
"sl","Egon Reinert","cdu","Kabinett Reinert I",1957,1959,"cdu",1959,1,1
"sl","Egon Reinert","cdu","Kabinett Reinert I",1957,1959,"cvp",1959,0,0
"sl","Egon Reinert","cdu","Kabinett Reinert I",1957,1959,"dp",1959,0,0
"sl","Egon Reinert","cdu","Kabinett Reinert I",1957,1959,"dps",1959,0,0
"sl","Egon Reinert","cdu","Kabinett Reinert I",1957,1959,"fdp",1959,0,0
"sl","Egon Reinert","cdu","Kabinett Reinert I",1957,1959,"fw",1959,0,0
"sl","Egon Reinert","cdu","Kabinett Reinert I",1957,1959,"gb/bhe",1959,0,0
"sl","Egon Reinert","cdu","Kabinett Reinert I",1957,1959,"gru",1959,0,0
"sl","Egon Reinert","cdu","Kabinett Reinert I",1957,1959,"kpd",1959,0,0
"sl","Egon Reinert","cdu","Kabinett Reinert I",1957,1959,"lin",1959,0,0
"sl","Egon Reinert","cdu","Kabinett Reinert I",1957,1959,"lpd",1959,0,0
"sl","Egon Reinert","cdu","Kabinett Reinert I",1957,1959,"nlp",1959,0,0
"sl","Egon Reinert","cdu","Kabinett Reinert I",1957,1959,"pro",1959,0,0
"sl","Egon Reinert","cdu","Kabinett Reinert I",1957,1959,"spd",1959,1,0
"sl","Egon Reinert","cdu","Kabinett Reinert I",1957,1959,"sps",1959,1,0
"sl","Egon Reinert","cdu","Kabinett Reinert I",1957,1959,"ssw",1959,0,0
"sl","Egon Reinert","cdu","Kabinett Reinert I",1957,1959,"statt",1959,0,0
"sl","Egon Reinert","cdu","Kabinett Reinert I",1957,1959,"wav",1959,0,0
"sl","Egon Reinert","cdu","Kabinett Reinert I",1957,1959,"zentrum",1959,0,0
"bw","Kurt Georg Kiesinger","cdu","Kabinett Kiesinger I",1958,1960,"bdv",1960,0,0
"bw","Kurt Georg Kiesinger","cdu","Kabinett Kiesinger I",1958,1960,"bhe",1960,0,0
"bw","Kurt Georg Kiesinger","cdu","Kabinett Kiesinger I",1958,1960,"bp",1960,0,0
"bw","Kurt Georg Kiesinger","cdu","Kabinett Kiesinger I",1958,1960,"bsw",1960,0,0
"bw","Kurt Georg Kiesinger","cdu","Kabinett Kiesinger I",1958,1960,"cdu",1960,1,1
"bw","Kurt Georg Kiesinger","cdu","Kabinett Kiesinger I",1958,1960,"cvp",1960,0,0
"bw","Kurt Georg Kiesinger","cdu","Kabinett Kiesinger I",1958,1960,"dp",1960,0,0
"bw","Kurt Georg Kiesinger","cdu","Kabinett Kiesinger I",1958,1960,"dps",1960,0,0
"bw","Kurt Georg Kiesinger","cdu","Kabinett Kiesinger I",1958,1960,"fdp",1960,1,0
"bw","Kurt Georg Kiesinger","cdu","Kabinett Kiesinger I",1958,1960,"fw",1960,0,0
"bw","Kurt Georg Kiesinger","cdu","Kabinett Kiesinger I",1958,1960,"gb/bhe",1960,0,0
"bw","Kurt Georg Kiesinger","cdu","Kabinett Kiesinger I",1958,1960,"gru",1960,0,0
"bw","Kurt Georg Kiesinger","cdu","Kabinett Kiesinger I",1958,1960,"kpd",1960,0,0
"bw","Kurt Georg Kiesinger","cdu","Kabinett Kiesinger I",1958,1960,"lin",1960,0,0
"bw","Kurt Georg Kiesinger","cdu","Kabinett Kiesinger I",1958,1960,"lpd",1960,0,0
"bw","Kurt Georg Kiesinger","cdu","Kabinett Kiesinger I",1958,1960,"nlp",1960,0,0
"bw","Kurt Georg Kiesinger","cdu","Kabinett Kiesinger I",1958,1960,"pro",1960,0,0
"bw","Kurt Georg Kiesinger","cdu","Kabinett Kiesinger I",1958,1960,"spd",1960,1,0
"bw","Kurt Georg Kiesinger","cdu","Kabinett Kiesinger I",1958,1960,"sps",1960,0,0
"bw","Kurt Georg Kiesinger","cdu","Kabinett Kiesinger I",1958,1960,"ssw",1960,0,0
"bw","Kurt Georg Kiesinger","cdu","Kabinett Kiesinger I",1958,1960,"statt",1960,0,0
"bw","Kurt Georg Kiesinger","cdu","Kabinett Kiesinger I",1958,1960,"wav",1960,0,0
"bw","Kurt Georg Kiesinger","cdu","Kabinett Kiesinger I",1958,1960,"zentrum",1960,0,0
"by","Hanns Seidel","cdu","Kabinett Seidel II",1958,1960,"bdv",1960,0,0
"by","Hanns Seidel","cdu","Kabinett Seidel II",1958,1960,"bhe",1960,0,0
"by","Hanns Seidel","cdu","Kabinett Seidel II",1958,1960,"bp",1960,0,0
"by","Hanns Seidel","cdu","Kabinett Seidel II",1958,1960,"bsw",1960,0,0
"by","Hanns Seidel","cdu","Kabinett Seidel II",1958,1960,"cdu",1960,1,1
"by","Hanns Seidel","cdu","Kabinett Seidel II",1958,1960,"cvp",1960,0,0
"by","Hanns Seidel","cdu","Kabinett Seidel II",1958,1960,"dp",1960,0,0
"by","Hanns Seidel","cdu","Kabinett Seidel II",1958,1960,"dps",1960,0,0
"by","Hanns Seidel","cdu","Kabinett Seidel II",1958,1960,"fdp",1960,1,0
"by","Hanns Seidel","cdu","Kabinett Seidel II",1958,1960,"fw",1960,0,0
"by","Hanns Seidel","cdu","Kabinett Seidel II",1958,1960,"gb/bhe",1960,1,0
"by","Hanns Seidel","cdu","Kabinett Seidel II",1958,1960,"gru",1960,0,0
"by","Hanns Seidel","cdu","Kabinett Seidel II",1958,1960,"kpd",1960,0,0
"by","Hanns Seidel","cdu","Kabinett Seidel II",1958,1960,"lin",1960,0,0
"by","Hanns Seidel","cdu","Kabinett Seidel II",1958,1960,"lpd",1960,0,0
"by","Hanns Seidel","cdu","Kabinett Seidel II",1958,1960,"nlp",1960,0,0
"by","Hanns Seidel","cdu","Kabinett Seidel II",1958,1960,"pro",1960,0,0
"by","Hanns Seidel","cdu","Kabinett Seidel II",1958,1960,"spd",1960,0,0
"by","Hanns Seidel","cdu","Kabinett Seidel II",1958,1960,"sps",1960,0,0
"by","Hanns Seidel","cdu","Kabinett Seidel II",1958,1960,"ssw",1960,0,0
"by","Hanns Seidel","cdu","Kabinett Seidel II",1958,1960,"statt",1960,0,0
"by","Hanns Seidel","cdu","Kabinett Seidel II",1958,1960,"wav",1960,0,0
"by","Hanns Seidel","cdu","Kabinett Seidel II",1958,1960,"zentrum",1960,0,0
"nw","Franz Meyers","cdu","Kabinett Meyers I",1958,1962,"bdv",1962,0,0
"nw","Franz Meyers","cdu","Kabinett Meyers I",1958,1962,"bhe",1962,0,0
"nw","Franz Meyers","cdu","Kabinett Meyers I",1958,1962,"bp",1962,0,0
"nw","Franz Meyers","cdu","Kabinett Meyers I",1958,1962,"bsw",1962,0,0
"nw","Franz Meyers","cdu","Kabinett Meyers I",1958,1962,"cdu",1962,1,1
"nw","Franz Meyers","cdu","Kabinett Meyers I",1958,1962,"cvp",1962,0,0
"nw","Franz Meyers","cdu","Kabinett Meyers I",1958,1962,"dp",1962,0,0
"nw","Franz Meyers","cdu","Kabinett Meyers I",1958,1962,"dps",1962,0,0
"nw","Franz Meyers","cdu","Kabinett Meyers I",1958,1962,"fdp",1962,0,0
"nw","Franz Meyers","cdu","Kabinett Meyers I",1958,1962,"fw",1962,0,0
"nw","Franz Meyers","cdu","Kabinett Meyers I",1958,1962,"gb/bhe",1962,0,0
"nw","Franz Meyers","cdu","Kabinett Meyers I",1958,1962,"gru",1962,0,0
"nw","Franz Meyers","cdu","Kabinett Meyers I",1958,1962,"kpd",1962,0,0
"nw","Franz Meyers","cdu","Kabinett Meyers I",1958,1962,"lin",1962,0,0
"nw","Franz Meyers","cdu","Kabinett Meyers I",1958,1962,"lpd",1962,0,0
"nw","Franz Meyers","cdu","Kabinett Meyers I",1958,1962,"nlp",1962,0,0
"nw","Franz Meyers","cdu","Kabinett Meyers I",1958,1962,"pro",1962,0,0
"nw","Franz Meyers","cdu","Kabinett Meyers I",1958,1962,"spd",1962,0,0
"nw","Franz Meyers","cdu","Kabinett Meyers I",1958,1962,"sps",1962,0,0
"nw","Franz Meyers","cdu","Kabinett Meyers I",1958,1962,"ssw",1962,0,0
"nw","Franz Meyers","cdu","Kabinett Meyers I",1958,1962,"statt",1962,0,0
"nw","Franz Meyers","cdu","Kabinett Meyers I",1958,1962,"wav",1962,0,0
"nw","Franz Meyers","cdu","Kabinett Meyers I",1958,1962,"zentrum",1962,0,0
"sh","Kai-Uwe von Hassel ","cdu","Kabinett von Hassel II",1958,1963,"bdv",1962,0,0
"sh","Kai-Uwe von Hassel ","cdu","Kabinett von Hassel II",1958,1963,"bhe",1962,0,0
"sh","Kai-Uwe von Hassel ","cdu","Kabinett von Hassel II",1958,1963,"bp",1962,0,0
"sh","Kai-Uwe von Hassel ","cdu","Kabinett von Hassel II",1958,1963,"bsw",1962,0,0
"sh","Kai-Uwe von Hassel ","cdu","Kabinett von Hassel II",1958,1963,"cdu",1962,1,1
"sh","Kai-Uwe von Hassel ","cdu","Kabinett von Hassel II",1958,1963,"cvp",1962,0,0
"sh","Kai-Uwe von Hassel ","cdu","Kabinett von Hassel II",1958,1963,"dp",1962,0,0
"sh","Kai-Uwe von Hassel ","cdu","Kabinett von Hassel II",1958,1963,"dps",1962,0,0
"sh","Kai-Uwe von Hassel ","cdu","Kabinett von Hassel II",1958,1963,"fdp",1962,1,0
"sh","Kai-Uwe von Hassel ","cdu","Kabinett von Hassel II",1958,1963,"fw",1962,0,0
"sh","Kai-Uwe von Hassel ","cdu","Kabinett von Hassel II",1958,1963,"gb/bhe",1962,1,0
"sh","Kai-Uwe von Hassel ","cdu","Kabinett von Hassel II",1958,1963,"gru",1962,0,0
"sh","Kai-Uwe von Hassel ","cdu","Kabinett von Hassel II",1958,1963,"kpd",1962,0,0
"sh","Kai-Uwe von Hassel ","cdu","Kabinett von Hassel II",1958,1963,"lin",1962,0,0
"sh","Kai-Uwe von Hassel ","cdu","Kabinett von Hassel II",1958,1963,"lpd",1962,0,0
"sh","Kai-Uwe von Hassel ","cdu","Kabinett von Hassel II",1958,1963,"nlp",1962,0,0
"sh","Kai-Uwe von Hassel ","cdu","Kabinett von Hassel II",1958,1963,"pro",1962,0,0
"sh","Kai-Uwe von Hassel ","cdu","Kabinett von Hassel II",1958,1963,"spd",1962,0,0
"sh","Kai-Uwe von Hassel ","cdu","Kabinett von Hassel II",1958,1963,"sps",1962,0,0
"sh","Kai-Uwe von Hassel ","cdu","Kabinett von Hassel II",1958,1963,"ssw",1962,0,0
"sh","Kai-Uwe von Hassel ","cdu","Kabinett von Hassel II",1958,1963,"statt",1962,0,0
"sh","Kai-Uwe von Hassel ","cdu","Kabinett von Hassel II",1958,1963,"wav",1962,0,0
"sh","Kai-Uwe von Hassel ","cdu","Kabinett von Hassel II",1958,1963,"zentrum",1962,0,0
"hb","Wilhelm Kaisen","spd","Kaisen VI",1959,1963,"bdv",1963,0,0
"hb","Wilhelm Kaisen","spd","Kaisen VI",1959,1963,"bhe",1963,0,0
"hb","Wilhelm Kaisen","spd","Kaisen VI",1959,1963,"bp",1963,0,0
"hb","Wilhelm Kaisen","spd","Kaisen VI",1959,1963,"bsw",1963,0,0
"hb","Wilhelm Kaisen","spd","Kaisen VI",1959,1963,"cdu",1963,0,0
"hb","Wilhelm Kaisen","spd","Kaisen VI",1959,1963,"cvp",1963,0,0
"hb","Wilhelm Kaisen","spd","Kaisen VI",1959,1963,"dp",1963,0,0
"hb","Wilhelm Kaisen","spd","Kaisen VI",1959,1963,"dps",1963,0,0
"hb","Wilhelm Kaisen","spd","Kaisen VI",1959,1963,"fdp",1963,1,0
"hb","Wilhelm Kaisen","spd","Kaisen VI",1959,1963,"fw",1963,0,0
"hb","Wilhelm Kaisen","spd","Kaisen VI",1959,1963,"gb/bhe",1963,0,0
"hb","Wilhelm Kaisen","spd","Kaisen VI",1959,1963,"gru",1963,0,0
"hb","Wilhelm Kaisen","spd","Kaisen VI",1959,1963,"kpd",1963,0,0
"hb","Wilhelm Kaisen","spd","Kaisen VI",1959,1963,"lin",1963,0,0
"hb","Wilhelm Kaisen","spd","Kaisen VI",1959,1963,"lpd",1963,0,0
"hb","Wilhelm Kaisen","spd","Kaisen VI",1959,1963,"nlp",1963,0,0
"hb","Wilhelm Kaisen","spd","Kaisen VI",1959,1963,"pro",1963,0,0
"hb","Wilhelm Kaisen","spd","Kaisen VI",1959,1963,"spd",1963,1,1
"hb","Wilhelm Kaisen","spd","Kaisen VI",1959,1963,"sps",1963,0,0
"hb","Wilhelm Kaisen","spd","Kaisen VI",1959,1963,"ssw",1963,0,0
"hb","Wilhelm Kaisen","spd","Kaisen VI",1959,1963,"statt",1963,0,0
"hb","Wilhelm Kaisen","spd","Kaisen VI",1959,1963,"wav",1963,0,0
"hb","Wilhelm Kaisen","spd","Kaisen VI",1959,1963,"zentrum",1963,0,0
"he","Georg-August Zinn","spd","Kabinett Zinn III",1959,1963,"bdv",1962,0,0
"he","Georg-August Zinn","spd","Kabinett Zinn III",1959,1963,"bhe",1962,0,0
"he","Georg-August Zinn","spd","Kabinett Zinn III",1959,1963,"bp",1962,0,0
"he","Georg-August Zinn","spd","Kabinett Zinn III",1959,1963,"bsw",1962,0,0
"he","Georg-August Zinn","spd","Kabinett Zinn III",1959,1963,"cdu",1962,0,0
"he","Georg-August Zinn","spd","Kabinett Zinn III",1959,1963,"cvp",1962,0,0
"he","Georg-August Zinn","spd","Kabinett Zinn III",1959,1963,"dp",1962,0,0
"he","Georg-August Zinn","spd","Kabinett Zinn III",1959,1963,"dps",1962,0,0
"he","Georg-August Zinn","spd","Kabinett Zinn III",1959,1963,"fdp",1962,0,0
"he","Georg-August Zinn","spd","Kabinett Zinn III",1959,1963,"fw",1962,0,0
"he","Georg-August Zinn","spd","Kabinett Zinn III",1959,1963,"gb/bhe",1962,1,0
"he","Georg-August Zinn","spd","Kabinett Zinn III",1959,1963,"gru",1962,0,0
"he","Georg-August Zinn","spd","Kabinett Zinn III",1959,1963,"kpd",1962,0,0
"he","Georg-August Zinn","spd","Kabinett Zinn III",1959,1963,"lin",1962,0,0
"he","Georg-August Zinn","spd","Kabinett Zinn III",1959,1963,"lpd",1962,0,0
"he","Georg-August Zinn","spd","Kabinett Zinn III",1959,1963,"nlp",1962,0,0
"he","Georg-August Zinn","spd","Kabinett Zinn III",1959,1963,"pro",1962,0,0
"he","Georg-August Zinn","spd","Kabinett Zinn III",1959,1963,"spd",1962,1,1
"he","Georg-August Zinn","spd","Kabinett Zinn III",1959,1963,"sps",1962,0,0
"he","Georg-August Zinn","spd","Kabinett Zinn III",1959,1963,"ssw",1962,0,0
"he","Georg-August Zinn","spd","Kabinett Zinn III",1959,1963,"statt",1962,0,0
"he","Georg-August Zinn","spd","Kabinett Zinn III",1959,1963,"wav",1962,0,0
"he","Georg-August Zinn","spd","Kabinett Zinn III",1959,1963,"zentrum",1962,0,0
"ni","Hinrich Wilhelm Kopf","spd","Kopf V",1959,1961,"bdv",1961,0,0
"ni","Hinrich Wilhelm Kopf","spd","Kopf V",1959,1961,"bhe",1961,0,0
"ni","Hinrich Wilhelm Kopf","spd","Kopf V",1959,1961,"bp",1961,0,0
"ni","Hinrich Wilhelm Kopf","spd","Kopf V",1959,1961,"bsw",1961,0,0
"ni","Hinrich Wilhelm Kopf","spd","Kopf V",1959,1961,"cdu",1961,0,0
"ni","Hinrich Wilhelm Kopf","spd","Kopf V",1959,1961,"cvp",1961,0,0
"ni","Hinrich Wilhelm Kopf","spd","Kopf V",1959,1961,"dp",1961,0,0
"ni","Hinrich Wilhelm Kopf","spd","Kopf V",1959,1961,"dps",1961,0,0
"ni","Hinrich Wilhelm Kopf","spd","Kopf V",1959,1961,"fdp",1961,1,0
"ni","Hinrich Wilhelm Kopf","spd","Kopf V",1959,1961,"fw",1961,0,0
"ni","Hinrich Wilhelm Kopf","spd","Kopf V",1959,1961,"gb/bhe",1961,1,0
"ni","Hinrich Wilhelm Kopf","spd","Kopf V",1959,1961,"gru",1961,0,0
"ni","Hinrich Wilhelm Kopf","spd","Kopf V",1959,1961,"kpd",1961,0,0
"ni","Hinrich Wilhelm Kopf","spd","Kopf V",1959,1961,"lin",1961,0,0
"ni","Hinrich Wilhelm Kopf","spd","Kopf V",1959,1961,"lpd",1961,0,0
"ni","Hinrich Wilhelm Kopf","spd","Kopf V",1959,1961,"nlp",1961,0,0
"ni","Hinrich Wilhelm Kopf","spd","Kopf V",1959,1961,"pro",1961,0,0
"ni","Hinrich Wilhelm Kopf","spd","Kopf V",1959,1961,"spd",1961,1,1
"ni","Hinrich Wilhelm Kopf","spd","Kopf V",1959,1961,"sps",1961,0,0
"ni","Hinrich Wilhelm Kopf","spd","Kopf V",1959,1961,"ssw",1961,0,0
"ni","Hinrich Wilhelm Kopf","spd","Kopf V",1959,1961,"statt",1961,0,0
"ni","Hinrich Wilhelm Kopf","spd","Kopf V",1959,1961,"wav",1961,0,0
"ni","Hinrich Wilhelm Kopf","spd","Kopf V",1959,1961,"zentrum",1961,0,0
"rp","Peter Altmeier","cdu","Altmeier IV",1959,1963,"bdv",1963,0,0
"rp","Peter Altmeier","cdu","Altmeier IV",1959,1963,"bhe",1963,0,0
"rp","Peter Altmeier","cdu","Altmeier IV",1959,1963,"bp",1963,0,0
"rp","Peter Altmeier","cdu","Altmeier IV",1959,1963,"bsw",1963,0,0
"rp","Peter Altmeier","cdu","Altmeier IV",1959,1963,"cdu",1963,1,1
"rp","Peter Altmeier","cdu","Altmeier IV",1959,1963,"cvp",1963,0,0
"rp","Peter Altmeier","cdu","Altmeier IV",1959,1963,"dp",1963,0,0
"rp","Peter Altmeier","cdu","Altmeier IV",1959,1963,"dps",1963,0,0
"rp","Peter Altmeier","cdu","Altmeier IV",1959,1963,"fdp",1963,1,0
"rp","Peter Altmeier","cdu","Altmeier IV",1959,1963,"fw",1963,0,0
"rp","Peter Altmeier","cdu","Altmeier IV",1959,1963,"gb/bhe",1963,0,0
"rp","Peter Altmeier","cdu","Altmeier IV",1959,1963,"gru",1963,0,0
"rp","Peter Altmeier","cdu","Altmeier IV",1959,1963,"kpd",1963,0,0
"rp","Peter Altmeier","cdu","Altmeier IV",1959,1963,"lin",1963,0,0
"rp","Peter Altmeier","cdu","Altmeier IV",1959,1963,"lpd",1963,0,0
"rp","Peter Altmeier","cdu","Altmeier IV",1959,1963,"nlp",1963,0,0
"rp","Peter Altmeier","cdu","Altmeier IV",1959,1963,"pro",1963,0,0
"rp","Peter Altmeier","cdu","Altmeier IV",1959,1963,"spd",1963,0,0
"rp","Peter Altmeier","cdu","Altmeier IV",1959,1963,"sps",1963,0,0
"rp","Peter Altmeier","cdu","Altmeier IV",1959,1963,"ssw",1963,0,0
"rp","Peter Altmeier","cdu","Altmeier IV",1959,1963,"statt",1963,0,0
"rp","Peter Altmeier","cdu","Altmeier IV",1959,1963,"wav",1963,0,0
"rp","Peter Altmeier","cdu","Altmeier IV",1959,1963,"zentrum",1963,0,0
"sl","Egon Reinert","cdu","Kabinett Reinert II",1959,1959,"bdv",1959,0,0
"sl","Egon Reinert","cdu","Kabinett Reinert II",1959,1959,"bhe",1959,0,0
"sl","Egon Reinert","cdu","Kabinett Reinert II",1959,1959,"bp",1959,0,0
"sl","Egon Reinert","cdu","Kabinett Reinert II",1959,1959,"bsw",1959,0,0
"sl","Egon Reinert","cdu","Kabinett Reinert II",1959,1959,"cdu",1959,1,1
"sl","Egon Reinert","cdu","Kabinett Reinert II",1959,1959,"cvp",1959,1,0
"sl","Egon Reinert","cdu","Kabinett Reinert II",1959,1959,"dp",1959,0,0
"sl","Egon Reinert","cdu","Kabinett Reinert II",1959,1959,"dps",1959,0,0
"sl","Egon Reinert","cdu","Kabinett Reinert II",1959,1959,"fdp",1959,0,0
"sl","Egon Reinert","cdu","Kabinett Reinert II",1959,1959,"fw",1959,0,0
"sl","Egon Reinert","cdu","Kabinett Reinert II",1959,1959,"gb/bhe",1959,0,0
"sl","Egon Reinert","cdu","Kabinett Reinert II",1959,1959,"gru",1959,0,0
"sl","Egon Reinert","cdu","Kabinett Reinert II",1959,1959,"kpd",1959,0,0
"sl","Egon Reinert","cdu","Kabinett Reinert II",1959,1959,"lin",1959,0,0
"sl","Egon Reinert","cdu","Kabinett Reinert II",1959,1959,"lpd",1959,0,0
"sl","Egon Reinert","cdu","Kabinett Reinert II",1959,1959,"nlp",1959,0,0
"sl","Egon Reinert","cdu","Kabinett Reinert II",1959,1959,"pro",1959,0,0
"sl","Egon Reinert","cdu","Kabinett Reinert II",1959,1959,"spd",1959,1,0
"sl","Egon Reinert","cdu","Kabinett Reinert II",1959,1959,"sps",1959,0,0
"sl","Egon Reinert","cdu","Kabinett Reinert II",1959,1959,"ssw",1959,0,0
"sl","Egon Reinert","cdu","Kabinett Reinert II",1959,1959,"statt",1959,0,0
"sl","Egon Reinert","cdu","Kabinett Reinert II",1959,1959,"wav",1959,0,0
"sl","Egon Reinert","cdu","Kabinett Reinert II",1959,1959,"zentrum",1959,0,0
"sl","Franz-Josef Röder","cdu","Kabinett Röder I",1959,1961,"bdv",1960,0,0
"sl","Franz-Josef Röder","cdu","Kabinett Röder I",1959,1961,"bhe",1960,0,0
"sl","Franz-Josef Röder","cdu","Kabinett Röder I",1959,1961,"bp",1960,0,0
"sl","Franz-Josef Röder","cdu","Kabinett Röder I",1959,1961,"bsw",1960,0,0
"sl","Franz-Josef Röder","cdu","Kabinett Röder I",1959,1961,"cdu",1960,1,1
"sl","Franz-Josef Röder","cdu","Kabinett Röder I",1959,1961,"cvp",1960,0,0
"sl","Franz-Josef Röder","cdu","Kabinett Röder I",1959,1961,"dp",1960,0,0
"sl","Franz-Josef Röder","cdu","Kabinett Röder I",1959,1961,"dps",1960,0,0
"sl","Franz-Josef Röder","cdu","Kabinett Röder I",1959,1961,"fdp",1960,0,0
"sl","Franz-Josef Röder","cdu","Kabinett Röder I",1959,1961,"fw",1960,0,0
"sl","Franz-Josef Röder","cdu","Kabinett Röder I",1959,1961,"gb/bhe",1960,0,0
"sl","Franz-Josef Röder","cdu","Kabinett Röder I",1959,1961,"gru",1960,0,0
"sl","Franz-Josef Röder","cdu","Kabinett Röder I",1959,1961,"kpd",1960,0,0
"sl","Franz-Josef Röder","cdu","Kabinett Röder I",1959,1961,"lin",1960,0,0
"sl","Franz-Josef Röder","cdu","Kabinett Röder I",1959,1961,"lpd",1960,0,0
"sl","Franz-Josef Röder","cdu","Kabinett Röder I",1959,1961,"nlp",1960,0,0
"sl","Franz-Josef Röder","cdu","Kabinett Röder I",1959,1961,"pro",1960,0,0
"sl","Franz-Josef Röder","cdu","Kabinett Röder I",1959,1961,"spd",1960,1,0
"sl","Franz-Josef Röder","cdu","Kabinett Röder I",1959,1961,"sps",1960,0,0
"sl","Franz-Josef Röder","cdu","Kabinett Röder I",1959,1961,"ssw",1960,0,0
"sl","Franz-Josef Röder","cdu","Kabinett Röder I",1959,1961,"statt",1960,0,0
"sl","Franz-Josef Röder","cdu","Kabinett Röder I",1959,1961,"wav",1960,0,0
"sl","Franz-Josef Röder","cdu","Kabinett Röder I",1959,1961,"zentrum",1960,0,0
"bw","Kurt Georg Kiesinger","cdu","Kabinett Kiesinger II",1960,1964,"bdv",1964,0,0
"bw","Kurt Georg Kiesinger","cdu","Kabinett Kiesinger II",1960,1964,"bhe",1964,0,0
"bw","Kurt Georg Kiesinger","cdu","Kabinett Kiesinger II",1960,1964,"bp",1964,0,0
"bw","Kurt Georg Kiesinger","cdu","Kabinett Kiesinger II",1960,1964,"bsw",1964,0,0
"bw","Kurt Georg Kiesinger","cdu","Kabinett Kiesinger II",1960,1964,"cdu",1964,1,1
"bw","Kurt Georg Kiesinger","cdu","Kabinett Kiesinger II",1960,1964,"cvp",1964,0,0
"bw","Kurt Georg Kiesinger","cdu","Kabinett Kiesinger II",1960,1964,"dp",1964,0,0
"bw","Kurt Georg Kiesinger","cdu","Kabinett Kiesinger II",1960,1964,"dps",1964,0,0
"bw","Kurt Georg Kiesinger","cdu","Kabinett Kiesinger II",1960,1964,"fdp",1964,1,0
"bw","Kurt Georg Kiesinger","cdu","Kabinett Kiesinger II",1960,1964,"fw",1964,0,0
"bw","Kurt Georg Kiesinger","cdu","Kabinett Kiesinger II",1960,1964,"gb/bhe",1964,1,0
"bw","Kurt Georg Kiesinger","cdu","Kabinett Kiesinger II",1960,1964,"gru",1964,0,0
"bw","Kurt Georg Kiesinger","cdu","Kabinett Kiesinger II",1960,1964,"kpd",1964,0,0
"bw","Kurt Georg Kiesinger","cdu","Kabinett Kiesinger II",1960,1964,"lin",1964,0,0
"bw","Kurt Georg Kiesinger","cdu","Kabinett Kiesinger II",1960,1964,"lpd",1964,0,0
"bw","Kurt Georg Kiesinger","cdu","Kabinett Kiesinger II",1960,1964,"nlp",1964,0,0
"bw","Kurt Georg Kiesinger","cdu","Kabinett Kiesinger II",1960,1964,"pro",1964,0,0
"bw","Kurt Georg Kiesinger","cdu","Kabinett Kiesinger II",1960,1964,"spd",1964,1,0
"bw","Kurt Georg Kiesinger","cdu","Kabinett Kiesinger II",1960,1964,"sps",1964,0,0
"bw","Kurt Georg Kiesinger","cdu","Kabinett Kiesinger II",1960,1964,"ssw",1964,0,0
"bw","Kurt Georg Kiesinger","cdu","Kabinett Kiesinger II",1960,1964,"statt",1964,0,0
"bw","Kurt Georg Kiesinger","cdu","Kabinett Kiesinger II",1960,1964,"wav",1964,0,0
"bw","Kurt Georg Kiesinger","cdu","Kabinett Kiesinger II",1960,1964,"zentrum",1964,0,0
"by","Hans Ehard","cdu","Kabinett Ehard IV",1960,1962,"bdv",1962,0,0
"by","Hans Ehard","cdu","Kabinett Ehard IV",1960,1962,"bhe",1962,0,0
"by","Hans Ehard","cdu","Kabinett Ehard IV",1960,1962,"bp",1962,0,0
"by","Hans Ehard","cdu","Kabinett Ehard IV",1960,1962,"bsw",1962,0,0
"by","Hans Ehard","cdu","Kabinett Ehard IV",1960,1962,"cdu",1962,1,1
"by","Hans Ehard","cdu","Kabinett Ehard IV",1960,1962,"cvp",1962,0,0
"by","Hans Ehard","cdu","Kabinett Ehard IV",1960,1962,"dp",1962,0,0
"by","Hans Ehard","cdu","Kabinett Ehard IV",1960,1962,"dps",1962,0,0
"by","Hans Ehard","cdu","Kabinett Ehard IV",1960,1962,"fdp",1962,1,0
"by","Hans Ehard","cdu","Kabinett Ehard IV",1960,1962,"fw",1962,0,0
"by","Hans Ehard","cdu","Kabinett Ehard IV",1960,1962,"gb/bhe",1962,1,0
"by","Hans Ehard","cdu","Kabinett Ehard IV",1960,1962,"gru",1962,0,0
"by","Hans Ehard","cdu","Kabinett Ehard IV",1960,1962,"kpd",1962,0,0
"by","Hans Ehard","cdu","Kabinett Ehard IV",1960,1962,"lin",1962,0,0
"by","Hans Ehard","cdu","Kabinett Ehard IV",1960,1962,"lpd",1962,0,0
"by","Hans Ehard","cdu","Kabinett Ehard IV",1960,1962,"nlp",1962,0,0
"by","Hans Ehard","cdu","Kabinett Ehard IV",1960,1962,"pro",1962,0,0
"by","Hans Ehard","cdu","Kabinett Ehard IV",1960,1962,"spd",1962,0,0
"by","Hans Ehard","cdu","Kabinett Ehard IV",1960,1962,"sps",1962,0,0
"by","Hans Ehard","cdu","Kabinett Ehard IV",1960,1962,"ssw",1962,0,0
"by","Hans Ehard","cdu","Kabinett Ehard IV",1960,1962,"statt",1962,0,0
"by","Hans Ehard","cdu","Kabinett Ehard IV",1960,1962,"wav",1962,0,0
"by","Hans Ehard","cdu","Kabinett Ehard IV",1960,1962,"zentrum",1962,0,0
"hh","Paul Nevermann","spd","Kabinett Nevermann I",1961,1961,"bdv",1961,0,0
"hh","Paul Nevermann","spd","Kabinett Nevermann I",1961,1961,"bhe",1961,0,0
"hh","Paul Nevermann","spd","Kabinett Nevermann I",1961,1961,"bp",1961,0,0
"hh","Paul Nevermann","spd","Kabinett Nevermann I",1961,1961,"bsw",1961,0,0
"hh","Paul Nevermann","spd","Kabinett Nevermann I",1961,1961,"cdu",1961,0,0
"hh","Paul Nevermann","spd","Kabinett Nevermann I",1961,1961,"cvp",1961,0,0
"hh","Paul Nevermann","spd","Kabinett Nevermann I",1961,1961,"dp",1961,0,0
"hh","Paul Nevermann","spd","Kabinett Nevermann I",1961,1961,"dps",1961,0,0
"hh","Paul Nevermann","spd","Kabinett Nevermann I",1961,1961,"fdp",1961,1,0
"hh","Paul Nevermann","spd","Kabinett Nevermann I",1961,1961,"fw",1961,0,0
"hh","Paul Nevermann","spd","Kabinett Nevermann I",1961,1961,"gb/bhe",1961,0,0
"hh","Paul Nevermann","spd","Kabinett Nevermann I",1961,1961,"gru",1961,0,0
"hh","Paul Nevermann","spd","Kabinett Nevermann I",1961,1961,"kpd",1961,0,0
"hh","Paul Nevermann","spd","Kabinett Nevermann I",1961,1961,"lin",1961,0,0
"hh","Paul Nevermann","spd","Kabinett Nevermann I",1961,1961,"lpd",1961,0,0
"hh","Paul Nevermann","spd","Kabinett Nevermann I",1961,1961,"nlp",1961,0,0
"hh","Paul Nevermann","spd","Kabinett Nevermann I",1961,1961,"pro",1961,0,0
"hh","Paul Nevermann","spd","Kabinett Nevermann I",1961,1961,"spd",1961,1,1
"hh","Paul Nevermann","spd","Kabinett Nevermann I",1961,1961,"sps",1961,0,0
"hh","Paul Nevermann","spd","Kabinett Nevermann I",1961,1961,"ssw",1961,0,0
"hh","Paul Nevermann","spd","Kabinett Nevermann I",1961,1961,"statt",1961,0,0
"hh","Paul Nevermann","spd","Kabinett Nevermann I",1961,1961,"wav",1961,0,0
"hh","Paul Nevermann","spd","Kabinett Nevermann I",1961,1961,"zentrum",1961,0,0
"hh","Paul Nevermann","spd","Kabinett Nevermann II",1961,1965,"bdv",1965,0,0
"hh","Paul Nevermann","spd","Kabinett Nevermann II",1961,1965,"bhe",1965,0,0
"hh","Paul Nevermann","spd","Kabinett Nevermann II",1961,1965,"bp",1965,0,0
"hh","Paul Nevermann","spd","Kabinett Nevermann II",1961,1965,"bsw",1965,0,0
"hh","Paul Nevermann","spd","Kabinett Nevermann II",1961,1965,"cdu",1965,0,0
"hh","Paul Nevermann","spd","Kabinett Nevermann II",1961,1965,"cvp",1965,0,0
"hh","Paul Nevermann","spd","Kabinett Nevermann II",1961,1965,"dp",1965,0,0
"hh","Paul Nevermann","spd","Kabinett Nevermann II",1961,1965,"dps",1965,0,0
"hh","Paul Nevermann","spd","Kabinett Nevermann II",1961,1965,"fdp",1965,1,0
"hh","Paul Nevermann","spd","Kabinett Nevermann II",1961,1965,"fw",1965,0,0
"hh","Paul Nevermann","spd","Kabinett Nevermann II",1961,1965,"gb/bhe",1965,0,0
"hh","Paul Nevermann","spd","Kabinett Nevermann II",1961,1965,"gru",1965,0,0
"hh","Paul Nevermann","spd","Kabinett Nevermann II",1961,1965,"kpd",1965,0,0
"hh","Paul Nevermann","spd","Kabinett Nevermann II",1961,1965,"lin",1965,0,0
"hh","Paul Nevermann","spd","Kabinett Nevermann II",1961,1965,"lpd",1965,0,0
"hh","Paul Nevermann","spd","Kabinett Nevermann II",1961,1965,"nlp",1965,0,0
"hh","Paul Nevermann","spd","Kabinett Nevermann II",1961,1965,"pro",1965,0,0
"hh","Paul Nevermann","spd","Kabinett Nevermann II",1961,1965,"spd",1965,1,1
"hh","Paul Nevermann","spd","Kabinett Nevermann II",1961,1965,"sps",1965,0,0
"hh","Paul Nevermann","spd","Kabinett Nevermann II",1961,1965,"ssw",1965,0,0
"hh","Paul Nevermann","spd","Kabinett Nevermann II",1961,1965,"statt",1965,0,0
"hh","Paul Nevermann","spd","Kabinett Nevermann II",1961,1965,"wav",1965,0,0
"hh","Paul Nevermann","spd","Kabinett Nevermann II",1961,1965,"zentrum",1965,0,0
"ni","Georg Diederichs","spd","Diederichs I",1961,1963,"bdv",1963,0,0
"ni","Georg Diederichs","spd","Diederichs I",1961,1963,"bhe",1963,0,0
"ni","Georg Diederichs","spd","Diederichs I",1961,1963,"bp",1963,0,0
"ni","Georg Diederichs","spd","Diederichs I",1961,1963,"bsw",1963,0,0
"ni","Georg Diederichs","spd","Diederichs I",1961,1963,"cdu",1963,0,0
"ni","Georg Diederichs","spd","Diederichs I",1961,1963,"cvp",1963,0,0
"ni","Georg Diederichs","spd","Diederichs I",1961,1963,"dp",1963,0,0
"ni","Georg Diederichs","spd","Diederichs I",1961,1963,"dps",1963,0,0
"ni","Georg Diederichs","spd","Diederichs I",1961,1963,"fdp",1963,1,0
"ni","Georg Diederichs","spd","Diederichs I",1961,1963,"fw",1963,0,0
"ni","Georg Diederichs","spd","Diederichs I",1961,1963,"gb/bhe",1963,1,0
"ni","Georg Diederichs","spd","Diederichs I",1961,1963,"gru",1963,0,0
"ni","Georg Diederichs","spd","Diederichs I",1961,1963,"kpd",1963,0,0
"ni","Georg Diederichs","spd","Diederichs I",1961,1963,"lin",1963,0,0
"ni","Georg Diederichs","spd","Diederichs I",1961,1963,"lpd",1963,0,0
"ni","Georg Diederichs","spd","Diederichs I",1961,1963,"nlp",1963,0,0
"ni","Georg Diederichs","spd","Diederichs I",1961,1963,"pro",1963,0,0
"ni","Georg Diederichs","spd","Diederichs I",1961,1963,"spd",1963,1,1
"ni","Georg Diederichs","spd","Diederichs I",1961,1963,"sps",1963,0,0
"ni","Georg Diederichs","spd","Diederichs I",1961,1963,"ssw",1963,0,0
"ni","Georg Diederichs","spd","Diederichs I",1961,1963,"statt",1963,0,0
"ni","Georg Diederichs","spd","Diederichs I",1961,1963,"wav",1963,0,0
"ni","Georg Diederichs","spd","Diederichs I",1961,1963,"zentrum",1963,0,0
"sl","Franz-Josef Röder ","cdu","Kabinett Röder II",1961,1965,"bdv",1965,0,0
"sl","Franz-Josef Röder ","cdu","Kabinett Röder II",1961,1965,"bhe",1965,0,0
"sl","Franz-Josef Röder ","cdu","Kabinett Röder II",1961,1965,"bp",1965,0,0
"sl","Franz-Josef Röder ","cdu","Kabinett Röder II",1961,1965,"bsw",1965,0,0
"sl","Franz-Josef Röder ","cdu","Kabinett Röder II",1961,1965,"cdu",1965,1,1
"sl","Franz-Josef Röder ","cdu","Kabinett Röder II",1961,1965,"cvp",1965,0,0
"sl","Franz-Josef Röder ","cdu","Kabinett Röder II",1961,1965,"dp",1965,0,0
"sl","Franz-Josef Röder ","cdu","Kabinett Röder II",1961,1965,"dps",1965,1,0
"sl","Franz-Josef Röder ","cdu","Kabinett Röder II",1961,1965,"fdp",1965,1,0
"sl","Franz-Josef Röder ","cdu","Kabinett Röder II",1961,1965,"fw",1965,0,0
"sl","Franz-Josef Röder ","cdu","Kabinett Röder II",1961,1965,"gb/bhe",1965,0,0
"sl","Franz-Josef Röder ","cdu","Kabinett Röder II",1961,1965,"gru",1965,0,0
"sl","Franz-Josef Röder ","cdu","Kabinett Röder II",1961,1965,"kpd",1965,0,0
"sl","Franz-Josef Röder ","cdu","Kabinett Röder II",1961,1965,"lin",1965,0,0
"sl","Franz-Josef Röder ","cdu","Kabinett Röder II",1961,1965,"lpd",1965,0,0
"sl","Franz-Josef Röder ","cdu","Kabinett Röder II",1961,1965,"nlp",1965,0,0
"sl","Franz-Josef Röder ","cdu","Kabinett Röder II",1961,1965,"pro",1965,0,0
"sl","Franz-Josef Röder ","cdu","Kabinett Röder II",1961,1965,"spd",1965,0,0
"sl","Franz-Josef Röder ","cdu","Kabinett Röder II",1961,1965,"sps",1965,0,0
"sl","Franz-Josef Röder ","cdu","Kabinett Röder II",1961,1965,"ssw",1965,0,0
"sl","Franz-Josef Röder ","cdu","Kabinett Röder II",1961,1965,"statt",1965,0,0
"sl","Franz-Josef Röder ","cdu","Kabinett Röder II",1961,1965,"wav",1965,0,0
"sl","Franz-Josef Röder ","cdu","Kabinett Röder II",1961,1965,"zentrum",1965,0,0
"by","Alfons Goppel","cdu","Kabinett Goppel I",1962,1966,"bdv",1966,0,0
"by","Alfons Goppel","cdu","Kabinett Goppel I",1962,1966,"bhe",1966,0,0
"by","Alfons Goppel","cdu","Kabinett Goppel I",1962,1966,"bp",1966,0,0
"by","Alfons Goppel","cdu","Kabinett Goppel I",1962,1966,"bsw",1966,0,0
"by","Alfons Goppel","cdu","Kabinett Goppel I",1962,1966,"cdu",1966,1,1
"by","Alfons Goppel","cdu","Kabinett Goppel I",1962,1966,"cvp",1966,0,0
"by","Alfons Goppel","cdu","Kabinett Goppel I",1962,1966,"dp",1966,0,0
"by","Alfons Goppel","cdu","Kabinett Goppel I",1962,1966,"dps",1966,0,0
"by","Alfons Goppel","cdu","Kabinett Goppel I",1962,1966,"fdp",1966,0,0
"by","Alfons Goppel","cdu","Kabinett Goppel I",1962,1966,"fw",1966,0,0
"by","Alfons Goppel","cdu","Kabinett Goppel I",1962,1966,"gb/bhe",1966,0,0
"by","Alfons Goppel","cdu","Kabinett Goppel I",1962,1966,"gru",1966,0,0
"by","Alfons Goppel","cdu","Kabinett Goppel I",1962,1966,"kpd",1966,0,0
"by","Alfons Goppel","cdu","Kabinett Goppel I",1962,1966,"lin",1966,0,0
"by","Alfons Goppel","cdu","Kabinett Goppel I",1962,1966,"lpd",1966,0,0
"by","Alfons Goppel","cdu","Kabinett Goppel I",1962,1966,"nlp",1966,0,0
"by","Alfons Goppel","cdu","Kabinett Goppel I",1962,1966,"pro",1966,0,0
"by","Alfons Goppel","cdu","Kabinett Goppel I",1962,1966,"spd",1966,0,0
"by","Alfons Goppel","cdu","Kabinett Goppel I",1962,1966,"sps",1966,0,0
"by","Alfons Goppel","cdu","Kabinett Goppel I",1962,1966,"ssw",1966,0,0
"by","Alfons Goppel","cdu","Kabinett Goppel I",1962,1966,"statt",1966,0,0
"by","Alfons Goppel","cdu","Kabinett Goppel I",1962,1966,"wav",1966,0,0
"by","Alfons Goppel","cdu","Kabinett Goppel I",1962,1966,"zentrum",1966,0,0
"hb","Wilhelm Kaisen","spd","Kaisen VII",1963,1965,"bdv",1965,0,0
"hb","Wilhelm Kaisen","spd","Kaisen VII",1963,1965,"bhe",1965,0,0
"hb","Wilhelm Kaisen","spd","Kaisen VII",1963,1965,"bp",1965,0,0
"hb","Wilhelm Kaisen","spd","Kaisen VII",1963,1965,"bsw",1965,0,0
"hb","Wilhelm Kaisen","spd","Kaisen VII",1963,1965,"cdu",1965,0,0
"hb","Wilhelm Kaisen","spd","Kaisen VII",1963,1965,"cvp",1965,0,0
"hb","Wilhelm Kaisen","spd","Kaisen VII",1963,1965,"dp",1965,0,0
"hb","Wilhelm Kaisen","spd","Kaisen VII",1963,1965,"dps",1965,0,0
"hb","Wilhelm Kaisen","spd","Kaisen VII",1963,1965,"fdp",1965,1,0
"hb","Wilhelm Kaisen","spd","Kaisen VII",1963,1965,"fw",1965,0,0
"hb","Wilhelm Kaisen","spd","Kaisen VII",1963,1965,"gb/bhe",1965,0,0
"hb","Wilhelm Kaisen","spd","Kaisen VII",1963,1965,"gru",1965,0,0
"hb","Wilhelm Kaisen","spd","Kaisen VII",1963,1965,"kpd",1965,0,0
"hb","Wilhelm Kaisen","spd","Kaisen VII",1963,1965,"lin",1965,0,0
"hb","Wilhelm Kaisen","spd","Kaisen VII",1963,1965,"lpd",1965,0,0
"hb","Wilhelm Kaisen","spd","Kaisen VII",1963,1965,"nlp",1965,0,0
"hb","Wilhelm Kaisen","spd","Kaisen VII",1963,1965,"pro",1965,0,0
"hb","Wilhelm Kaisen","spd","Kaisen VII",1963,1965,"spd",1965,1,1
"hb","Wilhelm Kaisen","spd","Kaisen VII",1963,1965,"sps",1965,0,0
"hb","Wilhelm Kaisen","spd","Kaisen VII",1963,1965,"ssw",1965,0,0
"hb","Wilhelm Kaisen","spd","Kaisen VII",1963,1965,"statt",1965,0,0
"hb","Wilhelm Kaisen","spd","Kaisen VII",1963,1965,"wav",1965,0,0
"hb","Wilhelm Kaisen","spd","Kaisen VII",1963,1965,"zentrum",1965,0,0
"he","Georg-August Zinn","spd","Kabinett Zinn IV",1963,1967,"bdv",1966,0,0
"he","Georg-August Zinn","spd","Kabinett Zinn IV",1963,1967,"bhe",1966,0,0
"he","Georg-August Zinn","spd","Kabinett Zinn IV",1963,1967,"bp",1966,0,0
"he","Georg-August Zinn","spd","Kabinett Zinn IV",1963,1967,"bsw",1966,0,0
"he","Georg-August Zinn","spd","Kabinett Zinn IV",1963,1967,"cdu",1966,0,0
"he","Georg-August Zinn","spd","Kabinett Zinn IV",1963,1967,"cvp",1966,0,0
"he","Georg-August Zinn","spd","Kabinett Zinn IV",1963,1967,"dp",1966,0,0
"he","Georg-August Zinn","spd","Kabinett Zinn IV",1963,1967,"dps",1966,0,0
"he","Georg-August Zinn","spd","Kabinett Zinn IV",1963,1967,"fdp",1966,0,0
"he","Georg-August Zinn","spd","Kabinett Zinn IV",1963,1967,"fw",1966,0,0
"he","Georg-August Zinn","spd","Kabinett Zinn IV",1963,1967,"gb/bhe",1966,1,0
"he","Georg-August Zinn","spd","Kabinett Zinn IV",1963,1967,"gru",1966,0,0
"he","Georg-August Zinn","spd","Kabinett Zinn IV",1963,1967,"kpd",1966,0,0
"he","Georg-August Zinn","spd","Kabinett Zinn IV",1963,1967,"lin",1966,0,0
"he","Georg-August Zinn","spd","Kabinett Zinn IV",1963,1967,"lpd",1966,0,0
"he","Georg-August Zinn","spd","Kabinett Zinn IV",1963,1967,"nlp",1966,0,0
"he","Georg-August Zinn","spd","Kabinett Zinn IV",1963,1967,"pro",1966,0,0
"he","Georg-August Zinn","spd","Kabinett Zinn IV",1963,1967,"spd",1966,1,1
"he","Georg-August Zinn","spd","Kabinett Zinn IV",1963,1967,"sps",1966,0,0
"he","Georg-August Zinn","spd","Kabinett Zinn IV",1963,1967,"ssw",1966,0,0
"he","Georg-August Zinn","spd","Kabinett Zinn IV",1963,1967,"statt",1966,0,0
"he","Georg-August Zinn","spd","Kabinett Zinn IV",1963,1967,"wav",1966,0,0
"he","Georg-August Zinn","spd","Kabinett Zinn IV",1963,1967,"zentrum",1966,0,0
"ni","Georg Diederichs","spd","Diederichs II",1963,1965,"bdv",1965,0,0
"ni","Georg Diederichs","spd","Diederichs II",1963,1965,"bhe",1965,0,0
"ni","Georg Diederichs","spd","Diederichs II",1963,1965,"bp",1965,0,0
"ni","Georg Diederichs","spd","Diederichs II",1963,1965,"bsw",1965,0,0
"ni","Georg Diederichs","spd","Diederichs II",1963,1965,"cdu",1965,0,0
"ni","Georg Diederichs","spd","Diederichs II",1963,1965,"cvp",1965,0,0
"ni","Georg Diederichs","spd","Diederichs II",1963,1965,"dp",1965,0,0
"ni","Georg Diederichs","spd","Diederichs II",1963,1965,"dps",1965,0,0
"ni","Georg Diederichs","spd","Diederichs II",1963,1965,"fdp",1965,1,0
"ni","Georg Diederichs","spd","Diederichs II",1963,1965,"fw",1965,0,0
"ni","Georg Diederichs","spd","Diederichs II",1963,1965,"gb/bhe",1965,0,0
"ni","Georg Diederichs","spd","Diederichs II",1963,1965,"gru",1965,0,0
"ni","Georg Diederichs","spd","Diederichs II",1963,1965,"kpd",1965,0,0
"ni","Georg Diederichs","spd","Diederichs II",1963,1965,"lin",1965,0,0
"ni","Georg Diederichs","spd","Diederichs II",1963,1965,"lpd",1965,0,0
"ni","Georg Diederichs","spd","Diederichs II",1963,1965,"nlp",1965,0,0
"ni","Georg Diederichs","spd","Diederichs II",1963,1965,"pro",1965,0,0
"ni","Georg Diederichs","spd","Diederichs II",1963,1965,"spd",1965,1,1
"ni","Georg Diederichs","spd","Diederichs II",1963,1965,"sps",1965,0,0
"ni","Georg Diederichs","spd","Diederichs II",1963,1965,"ssw",1965,0,0
"ni","Georg Diederichs","spd","Diederichs II",1963,1965,"statt",1965,0,0
"ni","Georg Diederichs","spd","Diederichs II",1963,1965,"wav",1965,0,0
"ni","Georg Diederichs","spd","Diederichs II",1963,1965,"zentrum",1965,0,0
"rp","Peter Altmeier","cdu","Altmeier V",1963,1967,"bdv",1967,0,0
"rp","Peter Altmeier","cdu","Altmeier V",1963,1967,"bhe",1967,0,0
"rp","Peter Altmeier","cdu","Altmeier V",1963,1967,"bp",1967,0,0
"rp","Peter Altmeier","cdu","Altmeier V",1963,1967,"bsw",1967,0,0
"rp","Peter Altmeier","cdu","Altmeier V",1963,1967,"cdu",1967,1,1
"rp","Peter Altmeier","cdu","Altmeier V",1963,1967,"cvp",1967,0,0
"rp","Peter Altmeier","cdu","Altmeier V",1963,1967,"dp",1967,0,0
"rp","Peter Altmeier","cdu","Altmeier V",1963,1967,"dps",1967,0,0
"rp","Peter Altmeier","cdu","Altmeier V",1963,1967,"fdp",1967,1,0
"rp","Peter Altmeier","cdu","Altmeier V",1963,1967,"fw",1967,0,0
"rp","Peter Altmeier","cdu","Altmeier V",1963,1967,"gb/bhe",1967,0,0
"rp","Peter Altmeier","cdu","Altmeier V",1963,1967,"gru",1967,0,0
"rp","Peter Altmeier","cdu","Altmeier V",1963,1967,"kpd",1967,0,0
"rp","Peter Altmeier","cdu","Altmeier V",1963,1967,"lin",1967,0,0
"rp","Peter Altmeier","cdu","Altmeier V",1963,1967,"lpd",1967,0,0
"rp","Peter Altmeier","cdu","Altmeier V",1963,1967,"nlp",1967,0,0
"rp","Peter Altmeier","cdu","Altmeier V",1963,1967,"pro",1967,0,0
"rp","Peter Altmeier","cdu","Altmeier V",1963,1967,"spd",1967,0,0
"rp","Peter Altmeier","cdu","Altmeier V",1963,1967,"sps",1967,0,0
"rp","Peter Altmeier","cdu","Altmeier V",1963,1967,"ssw",1967,0,0
"rp","Peter Altmeier","cdu","Altmeier V",1963,1967,"statt",1967,0,0
"rp","Peter Altmeier","cdu","Altmeier V",1963,1967,"wav",1967,0,0
"rp","Peter Altmeier","cdu","Altmeier V",1963,1967,"zentrum",1967,0,0
"sh","Helmut Lemke","cdu","Kabinett Lemke I",1963,1967,"bdv",1967,0,0
"sh","Helmut Lemke","cdu","Kabinett Lemke I",1963,1967,"bhe",1967,0,0
"sh","Helmut Lemke","cdu","Kabinett Lemke I",1963,1967,"bp",1967,0,0
"sh","Helmut Lemke","cdu","Kabinett Lemke I",1963,1967,"bsw",1967,0,0
"sh","Helmut Lemke","cdu","Kabinett Lemke I",1963,1967,"cdu",1967,1,1
"sh","Helmut Lemke","cdu","Kabinett Lemke I",1963,1967,"cvp",1967,0,0
"sh","Helmut Lemke","cdu","Kabinett Lemke I",1963,1967,"dp",1967,0,0
"sh","Helmut Lemke","cdu","Kabinett Lemke I",1963,1967,"dps",1967,0,0
"sh","Helmut Lemke","cdu","Kabinett Lemke I",1963,1967,"fdp",1967,1,0
"sh","Helmut Lemke","cdu","Kabinett Lemke I",1963,1967,"fw",1967,0,0
"sh","Helmut Lemke","cdu","Kabinett Lemke I",1963,1967,"gb/bhe",1967,0,0
"sh","Helmut Lemke","cdu","Kabinett Lemke I",1963,1967,"gru",1967,0,0
"sh","Helmut Lemke","cdu","Kabinett Lemke I",1963,1967,"kpd",1967,0,0
"sh","Helmut Lemke","cdu","Kabinett Lemke I",1963,1967,"lin",1967,0,0
"sh","Helmut Lemke","cdu","Kabinett Lemke I",1963,1967,"lpd",1967,0,0
"sh","Helmut Lemke","cdu","Kabinett Lemke I",1963,1967,"nlp",1967,0,0
"sh","Helmut Lemke","cdu","Kabinett Lemke I",1963,1967,"pro",1967,0,0
"sh","Helmut Lemke","cdu","Kabinett Lemke I",1963,1967,"spd",1967,0,0
"sh","Helmut Lemke","cdu","Kabinett Lemke I",1963,1967,"sps",1967,0,0
"sh","Helmut Lemke","cdu","Kabinett Lemke I",1963,1967,"ssw",1967,0,0
"sh","Helmut Lemke","cdu","Kabinett Lemke I",1963,1967,"statt",1967,0,0
"sh","Helmut Lemke","cdu","Kabinett Lemke I",1963,1967,"wav",1967,0,0
"sh","Helmut Lemke","cdu","Kabinett Lemke I",1963,1967,"zentrum",1967,0,0
"bw","Kurt Georg Kiesinger","cdu","Kabinett Kiesinger III",1964,1966,"bdv",1966,0,0
"bw","Kurt Georg Kiesinger","cdu","Kabinett Kiesinger III",1964,1966,"bhe",1966,0,0
"bw","Kurt Georg Kiesinger","cdu","Kabinett Kiesinger III",1964,1966,"bp",1966,0,0
"bw","Kurt Georg Kiesinger","cdu","Kabinett Kiesinger III",1964,1966,"bsw",1966,0,0
"bw","Kurt Georg Kiesinger","cdu","Kabinett Kiesinger III",1964,1966,"cdu",1966,1,1
"bw","Kurt Georg Kiesinger","cdu","Kabinett Kiesinger III",1964,1966,"cvp",1966,0,0
"bw","Kurt Georg Kiesinger","cdu","Kabinett Kiesinger III",1964,1966,"dp",1966,0,0
"bw","Kurt Georg Kiesinger","cdu","Kabinett Kiesinger III",1964,1966,"dps",1966,0,0
"bw","Kurt Georg Kiesinger","cdu","Kabinett Kiesinger III",1964,1966,"fdp",1966,1,0
"bw","Kurt Georg Kiesinger","cdu","Kabinett Kiesinger III",1964,1966,"fw",1966,0,0
"bw","Kurt Georg Kiesinger","cdu","Kabinett Kiesinger III",1964,1966,"gb/bhe",1966,0,0
"bw","Kurt Georg Kiesinger","cdu","Kabinett Kiesinger III",1964,1966,"gru",1966,0,0
"bw","Kurt Georg Kiesinger","cdu","Kabinett Kiesinger III",1964,1966,"kpd",1966,0,0
"bw","Kurt Georg Kiesinger","cdu","Kabinett Kiesinger III",1964,1966,"lin",1966,0,0
"bw","Kurt Georg Kiesinger","cdu","Kabinett Kiesinger III",1964,1966,"lpd",1966,0,0
"bw","Kurt Georg Kiesinger","cdu","Kabinett Kiesinger III",1964,1966,"nlp",1966,0,0
"bw","Kurt Georg Kiesinger","cdu","Kabinett Kiesinger III",1964,1966,"pro",1966,0,0
"bw","Kurt Georg Kiesinger","cdu","Kabinett Kiesinger III",1964,1966,"spd",1966,0,0
"bw","Kurt Georg Kiesinger","cdu","Kabinett Kiesinger III",1964,1966,"sps",1966,0,0
"bw","Kurt Georg Kiesinger","cdu","Kabinett Kiesinger III",1964,1966,"ssw",1966,0,0
"bw","Kurt Georg Kiesinger","cdu","Kabinett Kiesinger III",1964,1966,"statt",1966,0,0
"bw","Kurt Georg Kiesinger","cdu","Kabinett Kiesinger III",1964,1966,"wav",1966,0,0
"bw","Kurt Georg Kiesinger","cdu","Kabinett Kiesinger III",1964,1966,"zentrum",1966,0,0
"hb","Willy Dehnkamp","spd","Dehnkamp",1965,1967,"bdv",1967,0,0
"hb","Willy Dehnkamp","spd","Dehnkamp",1965,1967,"bhe",1967,0,0
"hb","Willy Dehnkamp","spd","Dehnkamp",1965,1967,"bp",1967,0,0
"hb","Willy Dehnkamp","spd","Dehnkamp",1965,1967,"bsw",1967,0,0
"hb","Willy Dehnkamp","spd","Dehnkamp",1965,1967,"cdu",1967,0,0
"hb","Willy Dehnkamp","spd","Dehnkamp",1965,1967,"cvp",1967,0,0
"hb","Willy Dehnkamp","spd","Dehnkamp",1965,1967,"dp",1967,0,0
"hb","Willy Dehnkamp","spd","Dehnkamp",1965,1967,"dps",1967,0,0
"hb","Willy Dehnkamp","spd","Dehnkamp",1965,1967,"fdp",1967,1,0
"hb","Willy Dehnkamp","spd","Dehnkamp",1965,1967,"fw",1967,0,0
"hb","Willy Dehnkamp","spd","Dehnkamp",1965,1967,"gb/bhe",1967,0,0
"hb","Willy Dehnkamp","spd","Dehnkamp",1965,1967,"gru",1967,0,0
"hb","Willy Dehnkamp","spd","Dehnkamp",1965,1967,"kpd",1967,0,0
"hb","Willy Dehnkamp","spd","Dehnkamp",1965,1967,"lin",1967,0,0
"hb","Willy Dehnkamp","spd","Dehnkamp",1965,1967,"lpd",1967,0,0
"hb","Willy Dehnkamp","spd","Dehnkamp",1965,1967,"nlp",1967,0,0
"hb","Willy Dehnkamp","spd","Dehnkamp",1965,1967,"pro",1967,0,0
"hb","Willy Dehnkamp","spd","Dehnkamp",1965,1967,"spd",1967,1,1
"hb","Willy Dehnkamp","spd","Dehnkamp",1965,1967,"sps",1967,0,0
"hb","Willy Dehnkamp","spd","Dehnkamp",1965,1967,"ssw",1967,0,0
"hb","Willy Dehnkamp","spd","Dehnkamp",1965,1967,"statt",1967,0,0
"hb","Willy Dehnkamp","spd","Dehnkamp",1965,1967,"wav",1967,0,0
"hb","Willy Dehnkamp","spd","Dehnkamp",1965,1967,"zentrum",1967,0,0
"hh","Hebert Weichmann","spd","Kabinett Weichmann I",1965,1966,"bdv",1966,0,0
"hh","Hebert Weichmann","spd","Kabinett Weichmann I",1965,1966,"bhe",1966,0,0
"hh","Hebert Weichmann","spd","Kabinett Weichmann I",1965,1966,"bp",1966,0,0
"hh","Hebert Weichmann","spd","Kabinett Weichmann I",1965,1966,"bsw",1966,0,0
"hh","Hebert Weichmann","spd","Kabinett Weichmann I",1965,1966,"cdu",1966,0,0
"hh","Hebert Weichmann","spd","Kabinett Weichmann I",1965,1966,"cvp",1966,0,0
"hh","Hebert Weichmann","spd","Kabinett Weichmann I",1965,1966,"dp",1966,0,0
"hh","Hebert Weichmann","spd","Kabinett Weichmann I",1965,1966,"dps",1966,0,0
"hh","Hebert Weichmann","spd","Kabinett Weichmann I",1965,1966,"fdp",1966,1,0
"hh","Hebert Weichmann","spd","Kabinett Weichmann I",1965,1966,"fw",1966,0,0
"hh","Hebert Weichmann","spd","Kabinett Weichmann I",1965,1966,"gb/bhe",1966,0,0
"hh","Hebert Weichmann","spd","Kabinett Weichmann I",1965,1966,"gru",1966,0,0
"hh","Hebert Weichmann","spd","Kabinett Weichmann I",1965,1966,"kpd",1966,0,0
"hh","Hebert Weichmann","spd","Kabinett Weichmann I",1965,1966,"lin",1966,0,0
"hh","Hebert Weichmann","spd","Kabinett Weichmann I",1965,1966,"lpd",1966,0,0
"hh","Hebert Weichmann","spd","Kabinett Weichmann I",1965,1966,"nlp",1966,0,0
"hh","Hebert Weichmann","spd","Kabinett Weichmann I",1965,1966,"pro",1966,0,0
"hh","Hebert Weichmann","spd","Kabinett Weichmann I",1965,1966,"spd",1966,1,1
"hh","Hebert Weichmann","spd","Kabinett Weichmann I",1965,1966,"sps",1966,0,0
"hh","Hebert Weichmann","spd","Kabinett Weichmann I",1965,1966,"ssw",1966,0,0
"hh","Hebert Weichmann","spd","Kabinett Weichmann I",1965,1966,"statt",1966,0,0
"hh","Hebert Weichmann","spd","Kabinett Weichmann I",1965,1966,"wav",1966,0,0
"hh","Hebert Weichmann","spd","Kabinett Weichmann I",1965,1966,"zentrum",1966,0,0
"ni","Georg Diederichs","spd","Diederichs III",1965,1967,"bdv",1967,0,0
"ni","Georg Diederichs","spd","Diederichs III",1965,1967,"bhe",1967,0,0
"ni","Georg Diederichs","spd","Diederichs III",1965,1967,"bp",1967,0,0
"ni","Georg Diederichs","spd","Diederichs III",1965,1967,"bsw",1967,0,0
"ni","Georg Diederichs","spd","Diederichs III",1965,1967,"cdu",1967,1,0
"ni","Georg Diederichs","spd","Diederichs III",1965,1967,"cvp",1967,0,0
"ni","Georg Diederichs","spd","Diederichs III",1965,1967,"dp",1967,0,0
"ni","Georg Diederichs","spd","Diederichs III",1965,1967,"dps",1967,0,0
"ni","Georg Diederichs","spd","Diederichs III",1965,1967,"fdp",1967,0,0
"ni","Georg Diederichs","spd","Diederichs III",1965,1967,"fw",1967,0,0
"ni","Georg Diederichs","spd","Diederichs III",1965,1967,"gb/bhe",1967,0,0
"ni","Georg Diederichs","spd","Diederichs III",1965,1967,"gru",1967,0,0
"ni","Georg Diederichs","spd","Diederichs III",1965,1967,"kpd",1967,0,0
"ni","Georg Diederichs","spd","Diederichs III",1965,1967,"lin",1967,0,0
"ni","Georg Diederichs","spd","Diederichs III",1965,1967,"lpd",1967,0,0
"ni","Georg Diederichs","spd","Diederichs III",1965,1967,"nlp",1967,0,0
"ni","Georg Diederichs","spd","Diederichs III",1965,1967,"pro",1967,0,0
"ni","Georg Diederichs","spd","Diederichs III",1965,1967,"spd",1967,1,1
"ni","Georg Diederichs","spd","Diederichs III",1965,1967,"sps",1967,0,0
"ni","Georg Diederichs","spd","Diederichs III",1965,1967,"ssw",1967,0,0
"ni","Georg Diederichs","spd","Diederichs III",1965,1967,"statt",1967,0,0
"ni","Georg Diederichs","spd","Diederichs III",1965,1967,"wav",1967,0,0
"ni","Georg Diederichs","spd","Diederichs III",1965,1967,"zentrum",1967,0,0
"sl","Franz-Josef Röder","cdu","Kabinett Röder III",1965,1970,"bdv",1970,0,0
"sl","Franz-Josef Röder","cdu","Kabinett Röder III",1965,1970,"bhe",1970,0,0
"sl","Franz-Josef Röder","cdu","Kabinett Röder III",1965,1970,"bp",1970,0,0
"sl","Franz-Josef Röder","cdu","Kabinett Röder III",1965,1970,"bsw",1970,0,0
"sl","Franz-Josef Röder","cdu","Kabinett Röder III",1965,1970,"cdu",1970,1,1
"sl","Franz-Josef Röder","cdu","Kabinett Röder III",1965,1970,"cvp",1970,0,0
"sl","Franz-Josef Röder","cdu","Kabinett Röder III",1965,1970,"dp",1970,0,0
"sl","Franz-Josef Röder","cdu","Kabinett Röder III",1965,1970,"dps",1970,1,0
"sl","Franz-Josef Röder","cdu","Kabinett Röder III",1965,1970,"fdp",1970,1,0
"sl","Franz-Josef Röder","cdu","Kabinett Röder III",1965,1970,"fw",1970,0,0
"sl","Franz-Josef Röder","cdu","Kabinett Röder III",1965,1970,"gb/bhe",1970,0,0
"sl","Franz-Josef Röder","cdu","Kabinett Röder III",1965,1970,"gru",1970,0,0
"sl","Franz-Josef Röder","cdu","Kabinett Röder III",1965,1970,"kpd",1970,0,0
"sl","Franz-Josef Röder","cdu","Kabinett Röder III",1965,1970,"lin",1970,0,0
"sl","Franz-Josef Röder","cdu","Kabinett Röder III",1965,1970,"lpd",1970,0,0
"sl","Franz-Josef Röder","cdu","Kabinett Röder III",1965,1970,"nlp",1970,0,0
"sl","Franz-Josef Röder","cdu","Kabinett Röder III",1965,1970,"pro",1970,0,0
"sl","Franz-Josef Röder","cdu","Kabinett Röder III",1965,1970,"spd",1970,0,0
"sl","Franz-Josef Röder","cdu","Kabinett Röder III",1965,1970,"sps",1970,0,0
"sl","Franz-Josef Röder","cdu","Kabinett Röder III",1965,1970,"ssw",1970,0,0
"sl","Franz-Josef Röder","cdu","Kabinett Röder III",1965,1970,"statt",1970,0,0
"sl","Franz-Josef Röder","cdu","Kabinett Röder III",1965,1970,"wav",1970,0,0
"sl","Franz-Josef Röder","cdu","Kabinett Röder III",1965,1970,"zentrum",1970,0,0
"bw","Hans Filbinger","cdu","Kabinett Filbinger I",1966,1968,"bdv",1968,0,0
"bw","Hans Filbinger","cdu","Kabinett Filbinger I",1966,1968,"bhe",1968,0,0
"bw","Hans Filbinger","cdu","Kabinett Filbinger I",1966,1968,"bp",1968,0,0
"bw","Hans Filbinger","cdu","Kabinett Filbinger I",1966,1968,"bsw",1968,0,0
"bw","Hans Filbinger","cdu","Kabinett Filbinger I",1966,1968,"cdu",1968,1,1
"bw","Hans Filbinger","cdu","Kabinett Filbinger I",1966,1968,"cvp",1968,0,0
"bw","Hans Filbinger","cdu","Kabinett Filbinger I",1966,1968,"dp",1968,0,0
"bw","Hans Filbinger","cdu","Kabinett Filbinger I",1966,1968,"dps",1968,0,0
"bw","Hans Filbinger","cdu","Kabinett Filbinger I",1966,1968,"fdp",1968,0,0
"bw","Hans Filbinger","cdu","Kabinett Filbinger I",1966,1968,"fw",1968,0,0
"bw","Hans Filbinger","cdu","Kabinett Filbinger I",1966,1968,"gb/bhe",1968,0,0
"bw","Hans Filbinger","cdu","Kabinett Filbinger I",1966,1968,"gru",1968,0,0
"bw","Hans Filbinger","cdu","Kabinett Filbinger I",1966,1968,"kpd",1968,0,0
"bw","Hans Filbinger","cdu","Kabinett Filbinger I",1966,1968,"lin",1968,0,0
"bw","Hans Filbinger","cdu","Kabinett Filbinger I",1966,1968,"lpd",1968,0,0
"bw","Hans Filbinger","cdu","Kabinett Filbinger I",1966,1968,"nlp",1968,0,0
"bw","Hans Filbinger","cdu","Kabinett Filbinger I",1966,1968,"pro",1968,0,0
"bw","Hans Filbinger","cdu","Kabinett Filbinger I",1966,1968,"spd",1968,1,0
"bw","Hans Filbinger","cdu","Kabinett Filbinger I",1966,1968,"sps",1968,0,0
"bw","Hans Filbinger","cdu","Kabinett Filbinger I",1966,1968,"ssw",1968,0,0
"bw","Hans Filbinger","cdu","Kabinett Filbinger I",1966,1968,"statt",1968,0,0
"bw","Hans Filbinger","cdu","Kabinett Filbinger I",1966,1968,"wav",1968,0,0
"bw","Hans Filbinger","cdu","Kabinett Filbinger I",1966,1968,"zentrum",1968,0,0
"by","Alfons Goppel","cdu","Kabinett Goppel II",1966,1970,"bdv",1970,0,0
"by","Alfons Goppel","cdu","Kabinett Goppel II",1966,1970,"bhe",1970,0,0
"by","Alfons Goppel","cdu","Kabinett Goppel II",1966,1970,"bp",1970,0,0
"by","Alfons Goppel","cdu","Kabinett Goppel II",1966,1970,"bsw",1970,0,0
"by","Alfons Goppel","cdu","Kabinett Goppel II",1966,1970,"cdu",1970,1,1
"by","Alfons Goppel","cdu","Kabinett Goppel II",1966,1970,"cvp",1970,0,0
"by","Alfons Goppel","cdu","Kabinett Goppel II",1966,1970,"dp",1970,0,0
"by","Alfons Goppel","cdu","Kabinett Goppel II",1966,1970,"dps",1970,0,0
"by","Alfons Goppel","cdu","Kabinett Goppel II",1966,1970,"fdp",1970,0,0
"by","Alfons Goppel","cdu","Kabinett Goppel II",1966,1970,"fw",1970,0,0
"by","Alfons Goppel","cdu","Kabinett Goppel II",1966,1970,"gb/bhe",1970,0,0
"by","Alfons Goppel","cdu","Kabinett Goppel II",1966,1970,"gru",1970,0,0
"by","Alfons Goppel","cdu","Kabinett Goppel II",1966,1970,"kpd",1970,0,0
"by","Alfons Goppel","cdu","Kabinett Goppel II",1966,1970,"lin",1970,0,0
"by","Alfons Goppel","cdu","Kabinett Goppel II",1966,1970,"lpd",1970,0,0
"by","Alfons Goppel","cdu","Kabinett Goppel II",1966,1970,"nlp",1970,0,0
"by","Alfons Goppel","cdu","Kabinett Goppel II",1966,1970,"pro",1970,0,0
"by","Alfons Goppel","cdu","Kabinett Goppel II",1966,1970,"spd",1970,0,0
"by","Alfons Goppel","cdu","Kabinett Goppel II",1966,1970,"sps",1970,0,0
"by","Alfons Goppel","cdu","Kabinett Goppel II",1966,1970,"ssw",1970,0,0
"by","Alfons Goppel","cdu","Kabinett Goppel II",1966,1970,"statt",1970,0,0
"by","Alfons Goppel","cdu","Kabinett Goppel II",1966,1970,"wav",1970,0,0
"by","Alfons Goppel","cdu","Kabinett Goppel II",1966,1970,"zentrum",1970,0,0
"hh","Hebert Weichmann","spd","Kabinett Weichmann II",1966,1970,"bdv",1970,0,0
"hh","Hebert Weichmann","spd","Kabinett Weichmann II",1966,1970,"bhe",1970,0,0
"hh","Hebert Weichmann","spd","Kabinett Weichmann II",1966,1970,"bp",1970,0,0
"hh","Hebert Weichmann","spd","Kabinett Weichmann II",1966,1970,"bsw",1970,0,0
"hh","Hebert Weichmann","spd","Kabinett Weichmann II",1966,1970,"cdu",1970,0,0
"hh","Hebert Weichmann","spd","Kabinett Weichmann II",1966,1970,"cvp",1970,0,0
"hh","Hebert Weichmann","spd","Kabinett Weichmann II",1966,1970,"dp",1970,0,0
"hh","Hebert Weichmann","spd","Kabinett Weichmann II",1966,1970,"dps",1970,0,0
"hh","Hebert Weichmann","spd","Kabinett Weichmann II",1966,1970,"fdp",1970,0,0
"hh","Hebert Weichmann","spd","Kabinett Weichmann II",1966,1970,"fw",1970,0,0
"hh","Hebert Weichmann","spd","Kabinett Weichmann II",1966,1970,"gb/bhe",1970,0,0
"hh","Hebert Weichmann","spd","Kabinett Weichmann II",1966,1970,"gru",1970,0,0
"hh","Hebert Weichmann","spd","Kabinett Weichmann II",1966,1970,"kpd",1970,0,0
"hh","Hebert Weichmann","spd","Kabinett Weichmann II",1966,1970,"lin",1970,0,0
"hh","Hebert Weichmann","spd","Kabinett Weichmann II",1966,1970,"lpd",1970,0,0
"hh","Hebert Weichmann","spd","Kabinett Weichmann II",1966,1970,"nlp",1970,0,0
"hh","Hebert Weichmann","spd","Kabinett Weichmann II",1966,1970,"pro",1970,0,0
"hh","Hebert Weichmann","spd","Kabinett Weichmann II",1966,1970,"spd",1970,1,1
"hh","Hebert Weichmann","spd","Kabinett Weichmann II",1966,1970,"sps",1970,0,0
"hh","Hebert Weichmann","spd","Kabinett Weichmann II",1966,1970,"ssw",1970,0,0
"hh","Hebert Weichmann","spd","Kabinett Weichmann II",1966,1970,"statt",1970,0,0
"hh","Hebert Weichmann","spd","Kabinett Weichmann II",1966,1970,"wav",1970,0,0
"hh","Hebert Weichmann","spd","Kabinett Weichmann II",1966,1970,"zentrum",1970,0,0
"nw","Heinz Kühn","spd","Kabinett Kühn I",1966,1970,"bdv",1970,0,0
"nw","Heinz Kühn","spd","Kabinett Kühn I",1966,1970,"bhe",1970,0,0
"nw","Heinz Kühn","spd","Kabinett Kühn I",1966,1970,"bp",1970,0,0
"nw","Heinz Kühn","spd","Kabinett Kühn I",1966,1970,"bsw",1970,0,0
"nw","Heinz Kühn","spd","Kabinett Kühn I",1966,1970,"cdu",1970,0,0
"nw","Heinz Kühn","spd","Kabinett Kühn I",1966,1970,"cvp",1970,0,0
"nw","Heinz Kühn","spd","Kabinett Kühn I",1966,1970,"dp",1970,0,0
"nw","Heinz Kühn","spd","Kabinett Kühn I",1966,1970,"dps",1970,0,0
"nw","Heinz Kühn","spd","Kabinett Kühn I",1966,1970,"fdp",1970,1,0
"nw","Heinz Kühn","spd","Kabinett Kühn I",1966,1970,"fw",1970,0,0
"nw","Heinz Kühn","spd","Kabinett Kühn I",1966,1970,"gb/bhe",1970,0,0
"nw","Heinz Kühn","spd","Kabinett Kühn I",1966,1970,"gru",1970,0,0
"nw","Heinz Kühn","spd","Kabinett Kühn I",1966,1970,"kpd",1970,0,0
"nw","Heinz Kühn","spd","Kabinett Kühn I",1966,1970,"lin",1970,0,0
"nw","Heinz Kühn","spd","Kabinett Kühn I",1966,1970,"lpd",1970,0,0
"nw","Heinz Kühn","spd","Kabinett Kühn I",1966,1970,"nlp",1970,0,0
"nw","Heinz Kühn","spd","Kabinett Kühn I",1966,1970,"pro",1970,0,0
"nw","Heinz Kühn","spd","Kabinett Kühn I",1966,1970,"spd",1970,1,1
"nw","Heinz Kühn","spd","Kabinett Kühn I",1966,1970,"sps",1970,0,0
"nw","Heinz Kühn","spd","Kabinett Kühn I",1966,1970,"ssw",1970,0,0
"nw","Heinz Kühn","spd","Kabinett Kühn I",1966,1970,"statt",1970,0,0
"nw","Heinz Kühn","spd","Kabinett Kühn I",1966,1970,"wav",1970,0,0
"nw","Heinz Kühn","spd","Kabinett Kühn I",1966,1970,"zentrum",1970,0,0
"nw","Franz Meyers","cdu","Kabinett Meyers III",1966,1966,"bdv",1966,0,0
"nw","Franz Meyers","cdu","Kabinett Meyers III",1966,1966,"bhe",1966,0,0
"nw","Franz Meyers","cdu","Kabinett Meyers III",1966,1966,"bp",1966,0,0
"nw","Franz Meyers","cdu","Kabinett Meyers III",1966,1966,"bsw",1966,0,0
"nw","Franz Meyers","cdu","Kabinett Meyers III",1966,1966,"cdu",1966,1,1
"nw","Franz Meyers","cdu","Kabinett Meyers III",1966,1966,"cvp",1966,0,0
"nw","Franz Meyers","cdu","Kabinett Meyers III",1966,1966,"dp",1966,0,0
"nw","Franz Meyers","cdu","Kabinett Meyers III",1966,1966,"dps",1966,0,0
"nw","Franz Meyers","cdu","Kabinett Meyers III",1966,1966,"fdp",1966,1,0
"nw","Franz Meyers","cdu","Kabinett Meyers III",1966,1966,"fw",1966,0,0
"nw","Franz Meyers","cdu","Kabinett Meyers III",1966,1966,"gb/bhe",1966,0,0
"nw","Franz Meyers","cdu","Kabinett Meyers III",1966,1966,"gru",1966,0,0
"nw","Franz Meyers","cdu","Kabinett Meyers III",1966,1966,"kpd",1966,0,0
"nw","Franz Meyers","cdu","Kabinett Meyers III",1966,1966,"lin",1966,0,0
"nw","Franz Meyers","cdu","Kabinett Meyers III",1966,1966,"lpd",1966,0,0
"nw","Franz Meyers","cdu","Kabinett Meyers III",1966,1966,"nlp",1966,0,0
"nw","Franz Meyers","cdu","Kabinett Meyers III",1966,1966,"pro",1966,0,0
"nw","Franz Meyers","cdu","Kabinett Meyers III",1966,1966,"spd",1966,0,0
"nw","Franz Meyers","cdu","Kabinett Meyers III",1966,1966,"sps",1966,0,0
"nw","Franz Meyers","cdu","Kabinett Meyers III",1966,1966,"ssw",1966,0,0
"nw","Franz Meyers","cdu","Kabinett Meyers III",1966,1966,"statt",1966,0,0
"nw","Franz Meyers","cdu","Kabinett Meyers III",1966,1966,"wav",1966,0,0
"nw","Franz Meyers","cdu","Kabinett Meyers III",1966,1966,"zentrum",1966,0,0
"hb","Hans Koschnick","spd","Koschnick I",1967,1971,"bdv",1971,0,0
"hb","Hans Koschnick","spd","Koschnick I",1967,1971,"bhe",1971,0,0
"hb","Hans Koschnick","spd","Koschnick I",1967,1971,"bp",1971,0,0
"hb","Hans Koschnick","spd","Koschnick I",1967,1971,"bsw",1971,0,0
"hb","Hans Koschnick","spd","Koschnick I",1967,1971,"cdu",1971,0,0
"hb","Hans Koschnick","spd","Koschnick I",1967,1971,"cvp",1971,0,0
"hb","Hans Koschnick","spd","Koschnick I",1967,1971,"dp",1971,0,0
"hb","Hans Koschnick","spd","Koschnick I",1967,1971,"dps",1971,0,0
"hb","Hans Koschnick","spd","Koschnick I",1967,1971,"fdp",1971,1,0
"hb","Hans Koschnick","spd","Koschnick I",1967,1971,"fw",1971,0,0
"hb","Hans Koschnick","spd","Koschnick I",1967,1971,"gb/bhe",1971,0,0
"hb","Hans Koschnick","spd","Koschnick I",1967,1971,"gru",1971,0,0
"hb","Hans Koschnick","spd","Koschnick I",1967,1971,"kpd",1971,0,0
"hb","Hans Koschnick","spd","Koschnick I",1967,1971,"lin",1971,0,0
"hb","Hans Koschnick","spd","Koschnick I",1967,1971,"lpd",1971,0,0
"hb","Hans Koschnick","spd","Koschnick I",1967,1971,"nlp",1971,0,0
"hb","Hans Koschnick","spd","Koschnick I",1967,1971,"pro",1971,0,0
"hb","Hans Koschnick","spd","Koschnick I",1967,1971,"spd",1971,1,1
"hb","Hans Koschnick","spd","Koschnick I",1967,1971,"sps",1971,0,0
"hb","Hans Koschnick","spd","Koschnick I",1967,1971,"ssw",1971,0,0
"hb","Hans Koschnick","spd","Koschnick I",1967,1971,"statt",1971,0,0
"hb","Hans Koschnick","spd","Koschnick I",1967,1971,"wav",1971,0,0
"hb","Hans Koschnick","spd","Koschnick I",1967,1971,"zentrum",1971,0,0
"he","Georg-August Zinn","spd","Kabinett Zinn V",1967,1969,"bdv",1969,0,0
"he","Georg-August Zinn","spd","Kabinett Zinn V",1967,1969,"bhe",1969,0,0
"he","Georg-August Zinn","spd","Kabinett Zinn V",1967,1969,"bp",1969,0,0
"he","Georg-August Zinn","spd","Kabinett Zinn V",1967,1969,"bsw",1969,0,0
"he","Georg-August Zinn","spd","Kabinett Zinn V",1967,1969,"cdu",1969,0,0
"he","Georg-August Zinn","spd","Kabinett Zinn V",1967,1969,"cvp",1969,0,0
"he","Georg-August Zinn","spd","Kabinett Zinn V",1967,1969,"dp",1969,0,0
"he","Georg-August Zinn","spd","Kabinett Zinn V",1967,1969,"dps",1969,0,0
"he","Georg-August Zinn","spd","Kabinett Zinn V",1967,1969,"fdp",1969,0,0
"he","Georg-August Zinn","spd","Kabinett Zinn V",1967,1969,"fw",1969,0,0
"he","Georg-August Zinn","spd","Kabinett Zinn V",1967,1969,"gb/bhe",1969,0,0
"he","Georg-August Zinn","spd","Kabinett Zinn V",1967,1969,"gru",1969,0,0
"he","Georg-August Zinn","spd","Kabinett Zinn V",1967,1969,"kpd",1969,0,0
"he","Georg-August Zinn","spd","Kabinett Zinn V",1967,1969,"lin",1969,0,0
"he","Georg-August Zinn","spd","Kabinett Zinn V",1967,1969,"lpd",1969,0,0
"he","Georg-August Zinn","spd","Kabinett Zinn V",1967,1969,"nlp",1969,0,0
"he","Georg-August Zinn","spd","Kabinett Zinn V",1967,1969,"pro",1969,0,0
"he","Georg-August Zinn","spd","Kabinett Zinn V",1967,1969,"spd",1969,1,1
"he","Georg-August Zinn","spd","Kabinett Zinn V",1967,1969,"sps",1969,0,0
"he","Georg-August Zinn","spd","Kabinett Zinn V",1967,1969,"ssw",1969,0,0
"he","Georg-August Zinn","spd","Kabinett Zinn V",1967,1969,"statt",1969,0,0
"he","Georg-August Zinn","spd","Kabinett Zinn V",1967,1969,"wav",1969,0,0
"he","Georg-August Zinn","spd","Kabinett Zinn V",1967,1969,"zentrum",1969,0,0
"ni","Georg Diederichs","spd","Diederichs IV",1967,1970,"bdv",1970,0,0
"ni","Georg Diederichs","spd","Diederichs IV",1967,1970,"bhe",1970,0,0
"ni","Georg Diederichs","spd","Diederichs IV",1967,1970,"bp",1970,0,0
"ni","Georg Diederichs","spd","Diederichs IV",1967,1970,"bsw",1970,0,0
"ni","Georg Diederichs","spd","Diederichs IV",1967,1970,"cdu",1970,1,0
"ni","Georg Diederichs","spd","Diederichs IV",1967,1970,"cvp",1970,0,0
"ni","Georg Diederichs","spd","Diederichs IV",1967,1970,"dp",1970,0,0
"ni","Georg Diederichs","spd","Diederichs IV",1967,1970,"dps",1970,0,0
"ni","Georg Diederichs","spd","Diederichs IV",1967,1970,"fdp",1970,0,0
"ni","Georg Diederichs","spd","Diederichs IV",1967,1970,"fw",1970,0,0
"ni","Georg Diederichs","spd","Diederichs IV",1967,1970,"gb/bhe",1970,0,0
"ni","Georg Diederichs","spd","Diederichs IV",1967,1970,"gru",1970,0,0
"ni","Georg Diederichs","spd","Diederichs IV",1967,1970,"kpd",1970,0,0
"ni","Georg Diederichs","spd","Diederichs IV",1967,1970,"lin",1970,0,0
"ni","Georg Diederichs","spd","Diederichs IV",1967,1970,"lpd",1970,0,0
"ni","Georg Diederichs","spd","Diederichs IV",1967,1970,"nlp",1970,0,0
"ni","Georg Diederichs","spd","Diederichs IV",1967,1970,"pro",1970,0,0
"ni","Georg Diederichs","spd","Diederichs IV",1967,1970,"spd",1970,1,1
"ni","Georg Diederichs","spd","Diederichs IV",1967,1970,"sps",1970,0,0
"ni","Georg Diederichs","spd","Diederichs IV",1967,1970,"ssw",1970,0,0
"ni","Georg Diederichs","spd","Diederichs IV",1967,1970,"statt",1970,0,0
"ni","Georg Diederichs","spd","Diederichs IV",1967,1970,"wav",1970,0,0
"ni","Georg Diederichs","spd","Diederichs IV",1967,1970,"zentrum",1970,0,0
"rp","Peter Altmeier","cdu","Altmeier VI",1967,1969,"bdv",1969,0,0
"rp","Peter Altmeier","cdu","Altmeier VI",1967,1969,"bhe",1969,0,0
"rp","Peter Altmeier","cdu","Altmeier VI",1967,1969,"bp",1969,0,0
"rp","Peter Altmeier","cdu","Altmeier VI",1967,1969,"bsw",1969,0,0
"rp","Peter Altmeier","cdu","Altmeier VI",1967,1969,"cdu",1969,1,1
"rp","Peter Altmeier","cdu","Altmeier VI",1967,1969,"cvp",1969,0,0
"rp","Peter Altmeier","cdu","Altmeier VI",1967,1969,"dp",1969,0,0
"rp","Peter Altmeier","cdu","Altmeier VI",1967,1969,"dps",1969,0,0
"rp","Peter Altmeier","cdu","Altmeier VI",1967,1969,"fdp",1969,1,0
"rp","Peter Altmeier","cdu","Altmeier VI",1967,1969,"fw",1969,0,0
"rp","Peter Altmeier","cdu","Altmeier VI",1967,1969,"gb/bhe",1969,0,0
"rp","Peter Altmeier","cdu","Altmeier VI",1967,1969,"gru",1969,0,0
"rp","Peter Altmeier","cdu","Altmeier VI",1967,1969,"kpd",1969,0,0
"rp","Peter Altmeier","cdu","Altmeier VI",1967,1969,"lin",1969,0,0
"rp","Peter Altmeier","cdu","Altmeier VI",1967,1969,"lpd",1969,0,0
"rp","Peter Altmeier","cdu","Altmeier VI",1967,1969,"nlp",1969,0,0
"rp","Peter Altmeier","cdu","Altmeier VI",1967,1969,"pro",1969,0,0
"rp","Peter Altmeier","cdu","Altmeier VI",1967,1969,"spd",1969,0,0
"rp","Peter Altmeier","cdu","Altmeier VI",1967,1969,"sps",1969,0,0
"rp","Peter Altmeier","cdu","Altmeier VI",1967,1969,"ssw",1969,0,0
"rp","Peter Altmeier","cdu","Altmeier VI",1967,1969,"statt",1969,0,0
"rp","Peter Altmeier","cdu","Altmeier VI",1967,1969,"wav",1969,0,0
"rp","Peter Altmeier","cdu","Altmeier VI",1967,1969,"zentrum",1969,0,0
"sh","Helmut Lemke","cdu","Kabinett Lemke II",1967,1971,"bdv",1971,0,0
"sh","Helmut Lemke","cdu","Kabinett Lemke II",1967,1971,"bhe",1971,0,0
"sh","Helmut Lemke","cdu","Kabinett Lemke II",1967,1971,"bp",1971,0,0
"sh","Helmut Lemke","cdu","Kabinett Lemke II",1967,1971,"bsw",1971,0,0
"sh","Helmut Lemke","cdu","Kabinett Lemke II",1967,1971,"cdu",1971,1,1
"sh","Helmut Lemke","cdu","Kabinett Lemke II",1967,1971,"cvp",1971,0,0
"sh","Helmut Lemke","cdu","Kabinett Lemke II",1967,1971,"dp",1971,0,0
"sh","Helmut Lemke","cdu","Kabinett Lemke II",1967,1971,"dps",1971,0,0
"sh","Helmut Lemke","cdu","Kabinett Lemke II",1967,1971,"fdp",1971,1,0
"sh","Helmut Lemke","cdu","Kabinett Lemke II",1967,1971,"fw",1971,0,0
"sh","Helmut Lemke","cdu","Kabinett Lemke II",1967,1971,"gb/bhe",1971,0,0
"sh","Helmut Lemke","cdu","Kabinett Lemke II",1967,1971,"gru",1971,0,0
"sh","Helmut Lemke","cdu","Kabinett Lemke II",1967,1971,"kpd",1971,0,0
"sh","Helmut Lemke","cdu","Kabinett Lemke II",1967,1971,"lin",1971,0,0
"sh","Helmut Lemke","cdu","Kabinett Lemke II",1967,1971,"lpd",1971,0,0
"sh","Helmut Lemke","cdu","Kabinett Lemke II",1967,1971,"nlp",1971,0,0
"sh","Helmut Lemke","cdu","Kabinett Lemke II",1967,1971,"pro",1971,0,0
"sh","Helmut Lemke","cdu","Kabinett Lemke II",1967,1971,"spd",1971,0,0
"sh","Helmut Lemke","cdu","Kabinett Lemke II",1967,1971,"sps",1971,0,0
"sh","Helmut Lemke","cdu","Kabinett Lemke II",1967,1971,"ssw",1971,0,0
"sh","Helmut Lemke","cdu","Kabinett Lemke II",1967,1971,"statt",1971,0,0
"sh","Helmut Lemke","cdu","Kabinett Lemke II",1967,1971,"wav",1971,0,0
"sh","Helmut Lemke","cdu","Kabinett Lemke II",1967,1971,"zentrum",1971,0,0
"bw","Hans Filbinger","cdu","Kabinett Filbinger II",1968,1972,"bdv",1972,0,0
"bw","Hans Filbinger","cdu","Kabinett Filbinger II",1968,1972,"bhe",1972,0,0
"bw","Hans Filbinger","cdu","Kabinett Filbinger II",1968,1972,"bp",1972,0,0
"bw","Hans Filbinger","cdu","Kabinett Filbinger II",1968,1972,"bsw",1972,0,0
"bw","Hans Filbinger","cdu","Kabinett Filbinger II",1968,1972,"cdu",1972,1,1
"bw","Hans Filbinger","cdu","Kabinett Filbinger II",1968,1972,"cvp",1972,0,0
"bw","Hans Filbinger","cdu","Kabinett Filbinger II",1968,1972,"dp",1972,0,0
"bw","Hans Filbinger","cdu","Kabinett Filbinger II",1968,1972,"dps",1972,0,0
"bw","Hans Filbinger","cdu","Kabinett Filbinger II",1968,1972,"fdp",1972,0,0
"bw","Hans Filbinger","cdu","Kabinett Filbinger II",1968,1972,"fw",1972,0,0
"bw","Hans Filbinger","cdu","Kabinett Filbinger II",1968,1972,"gb/bhe",1972,0,0
"bw","Hans Filbinger","cdu","Kabinett Filbinger II",1968,1972,"gru",1972,0,0
"bw","Hans Filbinger","cdu","Kabinett Filbinger II",1968,1972,"kpd",1972,0,0
"bw","Hans Filbinger","cdu","Kabinett Filbinger II",1968,1972,"lin",1972,0,0
"bw","Hans Filbinger","cdu","Kabinett Filbinger II",1968,1972,"lpd",1972,0,0
"bw","Hans Filbinger","cdu","Kabinett Filbinger II",1968,1972,"nlp",1972,0,0
"bw","Hans Filbinger","cdu","Kabinett Filbinger II",1968,1972,"pro",1972,0,0
"bw","Hans Filbinger","cdu","Kabinett Filbinger II",1968,1972,"spd",1972,1,0
"bw","Hans Filbinger","cdu","Kabinett Filbinger II",1968,1972,"sps",1972,0,0
"bw","Hans Filbinger","cdu","Kabinett Filbinger II",1968,1972,"ssw",1972,0,0
"bw","Hans Filbinger","cdu","Kabinett Filbinger II",1968,1972,"statt",1972,0,0
"bw","Hans Filbinger","cdu","Kabinett Filbinger II",1968,1972,"wav",1972,0,0
"bw","Hans Filbinger","cdu","Kabinett Filbinger II",1968,1972,"zentrum",1972,0,0
"he","Albert Osswald","spd","Kabinett Osswald I",1969,1970,"bdv",1970,0,0
"he","Albert Osswald","spd","Kabinett Osswald I",1969,1970,"bhe",1970,0,0
"he","Albert Osswald","spd","Kabinett Osswald I",1969,1970,"bp",1970,0,0
"he","Albert Osswald","spd","Kabinett Osswald I",1969,1970,"bsw",1970,0,0
"he","Albert Osswald","spd","Kabinett Osswald I",1969,1970,"cdu",1970,0,0
"he","Albert Osswald","spd","Kabinett Osswald I",1969,1970,"cvp",1970,0,0
"he","Albert Osswald","spd","Kabinett Osswald I",1969,1970,"dp",1970,0,0
"he","Albert Osswald","spd","Kabinett Osswald I",1969,1970,"dps",1970,0,0
"he","Albert Osswald","spd","Kabinett Osswald I",1969,1970,"fdp",1970,0,0
"he","Albert Osswald","spd","Kabinett Osswald I",1969,1970,"fw",1970,0,0
"he","Albert Osswald","spd","Kabinett Osswald I",1969,1970,"gb/bhe",1970,0,0
"he","Albert Osswald","spd","Kabinett Osswald I",1969,1970,"gru",1970,0,0
"he","Albert Osswald","spd","Kabinett Osswald I",1969,1970,"kpd",1970,0,0
"he","Albert Osswald","spd","Kabinett Osswald I",1969,1970,"lin",1970,0,0
"he","Albert Osswald","spd","Kabinett Osswald I",1969,1970,"lpd",1970,0,0
"he","Albert Osswald","spd","Kabinett Osswald I",1969,1970,"nlp",1970,0,0
"he","Albert Osswald","spd","Kabinett Osswald I",1969,1970,"pro",1970,0,0
"he","Albert Osswald","spd","Kabinett Osswald I",1969,1970,"spd",1970,1,1
"he","Albert Osswald","spd","Kabinett Osswald I",1969,1970,"sps",1970,0,0
"he","Albert Osswald","spd","Kabinett Osswald I",1969,1970,"ssw",1970,0,0
"he","Albert Osswald","spd","Kabinett Osswald I",1969,1970,"statt",1970,0,0
"he","Albert Osswald","spd","Kabinett Osswald I",1969,1970,"wav",1970,0,0
"he","Albert Osswald","spd","Kabinett Osswald I",1969,1970,"zentrum",1970,0,0
"rp","Helmut Kohl","cdu","Kohl I",1969,1971,"bdv",1971,0,0
"rp","Helmut Kohl","cdu","Kohl I",1969,1971,"bhe",1971,0,0
"rp","Helmut Kohl","cdu","Kohl I",1969,1971,"bp",1971,0,0
"rp","Helmut Kohl","cdu","Kohl I",1969,1971,"bsw",1971,0,0
"rp","Helmut Kohl","cdu","Kohl I",1969,1971,"cdu",1971,1,1
"rp","Helmut Kohl","cdu","Kohl I",1969,1971,"cvp",1971,0,0
"rp","Helmut Kohl","cdu","Kohl I",1969,1971,"dp",1971,0,0
"rp","Helmut Kohl","cdu","Kohl I",1969,1971,"dps",1971,0,0
"rp","Helmut Kohl","cdu","Kohl I",1969,1971,"fdp",1971,1,0
"rp","Helmut Kohl","cdu","Kohl I",1969,1971,"fw",1971,0,0
"rp","Helmut Kohl","cdu","Kohl I",1969,1971,"gb/bhe",1971,0,0
"rp","Helmut Kohl","cdu","Kohl I",1969,1971,"gru",1971,0,0
"rp","Helmut Kohl","cdu","Kohl I",1969,1971,"kpd",1971,0,0
"rp","Helmut Kohl","cdu","Kohl I",1969,1971,"lin",1971,0,0
"rp","Helmut Kohl","cdu","Kohl I",1969,1971,"lpd",1971,0,0
"rp","Helmut Kohl","cdu","Kohl I",1969,1971,"nlp",1971,0,0
"rp","Helmut Kohl","cdu","Kohl I",1969,1971,"pro",1971,0,0
"rp","Helmut Kohl","cdu","Kohl I",1969,1971,"spd",1971,0,0
"rp","Helmut Kohl","cdu","Kohl I",1969,1971,"sps",1971,0,0
"rp","Helmut Kohl","cdu","Kohl I",1969,1971,"ssw",1971,0,0
"rp","Helmut Kohl","cdu","Kohl I",1969,1971,"statt",1971,0,0
"rp","Helmut Kohl","cdu","Kohl I",1969,1971,"wav",1971,0,0
"rp","Helmut Kohl","cdu","Kohl I",1969,1971,"zentrum",1971,0,0
"by","Alfons Goppel","cdu","Kabinett Goppel III",1970,1974,"bdv",1974,0,0
"by","Alfons Goppel","cdu","Kabinett Goppel III",1970,1974,"bhe",1974,0,0
"by","Alfons Goppel","cdu","Kabinett Goppel III",1970,1974,"bp",1974,1,0
"by","Alfons Goppel","cdu","Kabinett Goppel III",1970,1974,"bsw",1974,0,0
"by","Alfons Goppel","cdu","Kabinett Goppel III",1970,1974,"cdu",1974,1,1
"by","Alfons Goppel","cdu","Kabinett Goppel III",1970,1974,"cvp",1974,0,0
"by","Alfons Goppel","cdu","Kabinett Goppel III",1970,1974,"dp",1974,0,0
"by","Alfons Goppel","cdu","Kabinett Goppel III",1970,1974,"dps",1974,0,0
"by","Alfons Goppel","cdu","Kabinett Goppel III",1970,1974,"fdp",1974,0,0
"by","Alfons Goppel","cdu","Kabinett Goppel III",1970,1974,"fw",1974,0,0
"by","Alfons Goppel","cdu","Kabinett Goppel III",1970,1974,"gb/bhe",1974,0,0
"by","Alfons Goppel","cdu","Kabinett Goppel III",1970,1974,"gru",1974,0,0
"by","Alfons Goppel","cdu","Kabinett Goppel III",1970,1974,"kpd",1974,0,0
"by","Alfons Goppel","cdu","Kabinett Goppel III",1970,1974,"lin",1974,0,0
"by","Alfons Goppel","cdu","Kabinett Goppel III",1970,1974,"lpd",1974,0,0
"by","Alfons Goppel","cdu","Kabinett Goppel III",1970,1974,"nlp",1974,0,0
"by","Alfons Goppel","cdu","Kabinett Goppel III",1970,1974,"pro",1974,0,0
"by","Alfons Goppel","cdu","Kabinett Goppel III",1970,1974,"spd",1974,0,0
"by","Alfons Goppel","cdu","Kabinett Goppel III",1970,1974,"sps",1974,0,0
"by","Alfons Goppel","cdu","Kabinett Goppel III",1970,1974,"ssw",1974,0,0
"by","Alfons Goppel","cdu","Kabinett Goppel III",1970,1974,"statt",1974,0,0
"by","Alfons Goppel","cdu","Kabinett Goppel III",1970,1974,"wav",1974,0,0
"by","Alfons Goppel","cdu","Kabinett Goppel III",1970,1974,"zentrum",1974,0,0
"he","Albert Osswald","spd","Kabinett Osswald II",1970,1974,"bdv",1974,0,0
"he","Albert Osswald","spd","Kabinett Osswald II",1970,1974,"bhe",1974,0,0
"he","Albert Osswald","spd","Kabinett Osswald II",1970,1974,"bp",1974,0,0
"he","Albert Osswald","spd","Kabinett Osswald II",1970,1974,"bsw",1974,0,0
"he","Albert Osswald","spd","Kabinett Osswald II",1970,1974,"cdu",1974,0,0
"he","Albert Osswald","spd","Kabinett Osswald II",1970,1974,"cvp",1974,0,0
"he","Albert Osswald","spd","Kabinett Osswald II",1970,1974,"dp",1974,0,0
"he","Albert Osswald","spd","Kabinett Osswald II",1970,1974,"dps",1974,0,0
"he","Albert Osswald","spd","Kabinett Osswald II",1970,1974,"fdp",1974,1,0
"he","Albert Osswald","spd","Kabinett Osswald II",1970,1974,"fw",1974,0,0
"he","Albert Osswald","spd","Kabinett Osswald II",1970,1974,"gb/bhe",1974,0,0
"he","Albert Osswald","spd","Kabinett Osswald II",1970,1974,"gru",1974,0,0
"he","Albert Osswald","spd","Kabinett Osswald II",1970,1974,"kpd",1974,0,0
"he","Albert Osswald","spd","Kabinett Osswald II",1970,1974,"lin",1974,0,0
"he","Albert Osswald","spd","Kabinett Osswald II",1970,1974,"lpd",1974,0,0
"he","Albert Osswald","spd","Kabinett Osswald II",1970,1974,"nlp",1974,0,0
"he","Albert Osswald","spd","Kabinett Osswald II",1970,1974,"pro",1974,0,0
"he","Albert Osswald","spd","Kabinett Osswald II",1970,1974,"spd",1974,1,1
"he","Albert Osswald","spd","Kabinett Osswald II",1970,1974,"sps",1974,0,0
"he","Albert Osswald","spd","Kabinett Osswald II",1970,1974,"ssw",1974,0,0
"he","Albert Osswald","spd","Kabinett Osswald II",1970,1974,"statt",1974,0,0
"he","Albert Osswald","spd","Kabinett Osswald II",1970,1974,"wav",1974,0,0
"he","Albert Osswald","spd","Kabinett Osswald II",1970,1974,"zentrum",1974,0,0
"hh","Hebert Weichmann","spd","Kabinett Weichmann III",1970,1971,"bdv",1971,0,0
"hh","Hebert Weichmann","spd","Kabinett Weichmann III",1970,1971,"bhe",1971,0,0
"hh","Hebert Weichmann","spd","Kabinett Weichmann III",1970,1971,"bp",1971,0,0
"hh","Hebert Weichmann","spd","Kabinett Weichmann III",1970,1971,"bsw",1971,0,0
"hh","Hebert Weichmann","spd","Kabinett Weichmann III",1970,1971,"cdu",1971,0,0
"hh","Hebert Weichmann","spd","Kabinett Weichmann III",1970,1971,"cvp",1971,0,0
"hh","Hebert Weichmann","spd","Kabinett Weichmann III",1970,1971,"dp",1971,0,0
"hh","Hebert Weichmann","spd","Kabinett Weichmann III",1970,1971,"dps",1971,0,0
"hh","Hebert Weichmann","spd","Kabinett Weichmann III",1970,1971,"fdp",1971,1,0
"hh","Hebert Weichmann","spd","Kabinett Weichmann III",1970,1971,"fw",1971,0,0
"hh","Hebert Weichmann","spd","Kabinett Weichmann III",1970,1971,"gb/bhe",1971,0,0
"hh","Hebert Weichmann","spd","Kabinett Weichmann III",1970,1971,"gru",1971,0,0
"hh","Hebert Weichmann","spd","Kabinett Weichmann III",1970,1971,"kpd",1971,0,0
"hh","Hebert Weichmann","spd","Kabinett Weichmann III",1970,1971,"lin",1971,0,0
"hh","Hebert Weichmann","spd","Kabinett Weichmann III",1970,1971,"lpd",1971,0,0
"hh","Hebert Weichmann","spd","Kabinett Weichmann III",1970,1971,"nlp",1971,0,0
"hh","Hebert Weichmann","spd","Kabinett Weichmann III",1970,1971,"pro",1971,0,0
"hh","Hebert Weichmann","spd","Kabinett Weichmann III",1970,1971,"spd",1971,1,1
"hh","Hebert Weichmann","spd","Kabinett Weichmann III",1970,1971,"sps",1971,0,0
"hh","Hebert Weichmann","spd","Kabinett Weichmann III",1970,1971,"ssw",1971,0,0
"hh","Hebert Weichmann","spd","Kabinett Weichmann III",1970,1971,"statt",1971,0,0
"hh","Hebert Weichmann","spd","Kabinett Weichmann III",1970,1971,"wav",1971,0,0
"hh","Hebert Weichmann","spd","Kabinett Weichmann III",1970,1971,"zentrum",1971,0,0
"ni","Alfred Kubel","spd","Kubel I",1970,1974,"bdv",1974,0,0
"ni","Alfred Kubel","spd","Kubel I",1970,1974,"bhe",1974,0,0
"ni","Alfred Kubel","spd","Kubel I",1970,1974,"bp",1974,0,0
"ni","Alfred Kubel","spd","Kubel I",1970,1974,"bsw",1974,0,0
"ni","Alfred Kubel","spd","Kubel I",1970,1974,"cdu",1974,0,0
"ni","Alfred Kubel","spd","Kubel I",1970,1974,"cvp",1974,0,0
"ni","Alfred Kubel","spd","Kubel I",1970,1974,"dp",1974,0,0
"ni","Alfred Kubel","spd","Kubel I",1970,1974,"dps",1974,0,0
"ni","Alfred Kubel","spd","Kubel I",1970,1974,"fdp",1974,0,0
"ni","Alfred Kubel","spd","Kubel I",1970,1974,"fw",1974,0,0
"ni","Alfred Kubel","spd","Kubel I",1970,1974,"gb/bhe",1974,0,0
"ni","Alfred Kubel","spd","Kubel I",1970,1974,"gru",1974,0,0
"ni","Alfred Kubel","spd","Kubel I",1970,1974,"kpd",1974,0,0
"ni","Alfred Kubel","spd","Kubel I",1970,1974,"lin",1974,0,0
"ni","Alfred Kubel","spd","Kubel I",1970,1974,"lpd",1974,0,0
"ni","Alfred Kubel","spd","Kubel I",1970,1974,"nlp",1974,0,0
"ni","Alfred Kubel","spd","Kubel I",1970,1974,"pro",1974,0,0
"ni","Alfred Kubel","spd","Kubel I",1970,1974,"spd",1974,1,1
"ni","Alfred Kubel","spd","Kubel I",1970,1974,"sps",1974,0,0
"ni","Alfred Kubel","spd","Kubel I",1970,1974,"ssw",1974,0,0
"ni","Alfred Kubel","spd","Kubel I",1970,1974,"statt",1974,0,0
"ni","Alfred Kubel","spd","Kubel I",1970,1974,"wav",1974,0,0
"ni","Alfred Kubel","spd","Kubel I",1970,1974,"zentrum",1974,0,0
"nw","Heinz Kühn","spd","Kabinett Kühn II",1970,1975,"bdv",1975,0,0
"nw","Heinz Kühn","spd","Kabinett Kühn II",1970,1975,"bhe",1975,0,0
"nw","Heinz Kühn","spd","Kabinett Kühn II",1970,1975,"bp",1975,0,0
"nw","Heinz Kühn","spd","Kabinett Kühn II",1970,1975,"bsw",1975,0,0
"nw","Heinz Kühn","spd","Kabinett Kühn II",1970,1975,"cdu",1975,0,0
"nw","Heinz Kühn","spd","Kabinett Kühn II",1970,1975,"cvp",1975,0,0
"nw","Heinz Kühn","spd","Kabinett Kühn II",1970,1975,"dp",1975,0,0
"nw","Heinz Kühn","spd","Kabinett Kühn II",1970,1975,"dps",1975,0,0
"nw","Heinz Kühn","spd","Kabinett Kühn II",1970,1975,"fdp",1975,1,0
"nw","Heinz Kühn","spd","Kabinett Kühn II",1970,1975,"fw",1975,0,0
"nw","Heinz Kühn","spd","Kabinett Kühn II",1970,1975,"gb/bhe",1975,0,0
"nw","Heinz Kühn","spd","Kabinett Kühn II",1970,1975,"gru",1975,0,0
"nw","Heinz Kühn","spd","Kabinett Kühn II",1970,1975,"kpd",1975,0,0
"nw","Heinz Kühn","spd","Kabinett Kühn II",1970,1975,"lin",1975,0,0
"nw","Heinz Kühn","spd","Kabinett Kühn II",1970,1975,"lpd",1975,0,0
"nw","Heinz Kühn","spd","Kabinett Kühn II",1970,1975,"nlp",1975,0,0
"nw","Heinz Kühn","spd","Kabinett Kühn II",1970,1975,"pro",1975,0,0
"nw","Heinz Kühn","spd","Kabinett Kühn II",1970,1975,"spd",1975,1,1
"nw","Heinz Kühn","spd","Kabinett Kühn II",1970,1975,"sps",1975,0,0
"nw","Heinz Kühn","spd","Kabinett Kühn II",1970,1975,"ssw",1975,0,0
"nw","Heinz Kühn","spd","Kabinett Kühn II",1970,1975,"statt",1975,0,0
"nw","Heinz Kühn","spd","Kabinett Kühn II",1970,1975,"wav",1975,0,0
"nw","Heinz Kühn","spd","Kabinett Kühn II",1970,1975,"zentrum",1975,0,0
"sl","Franz-Josef Röder","cdu","Kabinett Röder IV",1970,1974,"bdv",1974,0,0
"sl","Franz-Josef Röder","cdu","Kabinett Röder IV",1970,1974,"bhe",1974,0,0
"sl","Franz-Josef Röder","cdu","Kabinett Röder IV",1970,1974,"bp",1974,0,0
"sl","Franz-Josef Röder","cdu","Kabinett Röder IV",1970,1974,"bsw",1974,0,0
"sl","Franz-Josef Röder","cdu","Kabinett Röder IV",1970,1974,"cdu",1974,1,1
"sl","Franz-Josef Röder","cdu","Kabinett Röder IV",1970,1974,"cvp",1974,0,0
"sl","Franz-Josef Röder","cdu","Kabinett Röder IV",1970,1974,"dp",1974,0,0
"sl","Franz-Josef Röder","cdu","Kabinett Röder IV",1970,1974,"dps",1974,0,0
"sl","Franz-Josef Röder","cdu","Kabinett Röder IV",1970,1974,"fdp",1974,0,0
"sl","Franz-Josef Röder","cdu","Kabinett Röder IV",1970,1974,"fw",1974,0,0
"sl","Franz-Josef Röder","cdu","Kabinett Röder IV",1970,1974,"gb/bhe",1974,0,0
"sl","Franz-Josef Röder","cdu","Kabinett Röder IV",1970,1974,"gru",1974,0,0
"sl","Franz-Josef Röder","cdu","Kabinett Röder IV",1970,1974,"kpd",1974,0,0
"sl","Franz-Josef Röder","cdu","Kabinett Röder IV",1970,1974,"lin",1974,0,0
"sl","Franz-Josef Röder","cdu","Kabinett Röder IV",1970,1974,"lpd",1974,0,0
"sl","Franz-Josef Röder","cdu","Kabinett Röder IV",1970,1974,"nlp",1974,0,0
"sl","Franz-Josef Röder","cdu","Kabinett Röder IV",1970,1974,"pro",1974,0,0
"sl","Franz-Josef Röder","cdu","Kabinett Röder IV",1970,1974,"spd",1974,0,0
"sl","Franz-Josef Röder","cdu","Kabinett Röder IV",1970,1974,"sps",1974,0,0
"sl","Franz-Josef Röder","cdu","Kabinett Röder IV",1970,1974,"ssw",1974,0,0
"sl","Franz-Josef Röder","cdu","Kabinett Röder IV",1970,1974,"statt",1974,0,0
"sl","Franz-Josef Röder","cdu","Kabinett Röder IV",1970,1974,"wav",1974,0,0
"sl","Franz-Josef Röder","cdu","Kabinett Röder IV",1970,1974,"zentrum",1974,0,0
"hb","Hans Koschnick","spd","Koschnick II",1971,1975,"bdv",1975,0,0
"hb","Hans Koschnick","spd","Koschnick II",1971,1975,"bhe",1975,0,0
"hb","Hans Koschnick","spd","Koschnick II",1971,1975,"bp",1975,0,0
"hb","Hans Koschnick","spd","Koschnick II",1971,1975,"bsw",1975,0,0
"hb","Hans Koschnick","spd","Koschnick II",1971,1975,"cdu",1975,0,0
"hb","Hans Koschnick","spd","Koschnick II",1971,1975,"cvp",1975,0,0
"hb","Hans Koschnick","spd","Koschnick II",1971,1975,"dp",1975,0,0
"hb","Hans Koschnick","spd","Koschnick II",1971,1975,"dps",1975,0,0
"hb","Hans Koschnick","spd","Koschnick II",1971,1975,"fdp",1975,0,0
"hb","Hans Koschnick","spd","Koschnick II",1971,1975,"fw",1975,0,0
"hb","Hans Koschnick","spd","Koschnick II",1971,1975,"gb/bhe",1975,0,0
"hb","Hans Koschnick","spd","Koschnick II",1971,1975,"gru",1975,0,0
"hb","Hans Koschnick","spd","Koschnick II",1971,1975,"kpd",1975,0,0
"hb","Hans Koschnick","spd","Koschnick II",1971,1975,"lin",1975,0,0
"hb","Hans Koschnick","spd","Koschnick II",1971,1975,"lpd",1975,0,0
"hb","Hans Koschnick","spd","Koschnick II",1971,1975,"nlp",1975,0,0
"hb","Hans Koschnick","spd","Koschnick II",1971,1975,"pro",1975,0,0
"hb","Hans Koschnick","spd","Koschnick II",1971,1975,"spd",1975,1,1
"hb","Hans Koschnick","spd","Koschnick II",1971,1975,"sps",1975,0,0
"hb","Hans Koschnick","spd","Koschnick II",1971,1975,"ssw",1975,0,0
"hb","Hans Koschnick","spd","Koschnick II",1971,1975,"statt",1975,0,0
"hb","Hans Koschnick","spd","Koschnick II",1971,1975,"wav",1975,0,0
"hb","Hans Koschnick","spd","Koschnick II",1971,1975,"zentrum",1975,0,0
"rp","Helmut Kohl","cdu","Kohl II",1971,1975,"bdv",1975,0,0
"rp","Helmut Kohl","cdu","Kohl II",1971,1975,"bhe",1975,0,0
"rp","Helmut Kohl","cdu","Kohl II",1971,1975,"bp",1975,0,0
"rp","Helmut Kohl","cdu","Kohl II",1971,1975,"bsw",1975,0,0
"rp","Helmut Kohl","cdu","Kohl II",1971,1975,"cdu",1975,1,1
"rp","Helmut Kohl","cdu","Kohl II",1971,1975,"cvp",1975,0,0
"rp","Helmut Kohl","cdu","Kohl II",1971,1975,"dp",1975,0,0
"rp","Helmut Kohl","cdu","Kohl II",1971,1975,"dps",1975,0,0
"rp","Helmut Kohl","cdu","Kohl II",1971,1975,"fdp",1975,0,0
"rp","Helmut Kohl","cdu","Kohl II",1971,1975,"fw",1975,0,0
"rp","Helmut Kohl","cdu","Kohl II",1971,1975,"gb/bhe",1975,0,0
"rp","Helmut Kohl","cdu","Kohl II",1971,1975,"gru",1975,0,0
"rp","Helmut Kohl","cdu","Kohl II",1971,1975,"kpd",1975,0,0
"rp","Helmut Kohl","cdu","Kohl II",1971,1975,"lin",1975,0,0
"rp","Helmut Kohl","cdu","Kohl II",1971,1975,"lpd",1975,0,0
"rp","Helmut Kohl","cdu","Kohl II",1971,1975,"nlp",1975,0,0
"rp","Helmut Kohl","cdu","Kohl II",1971,1975,"pro",1975,0,0
"rp","Helmut Kohl","cdu","Kohl II",1971,1975,"spd",1975,0,0
"rp","Helmut Kohl","cdu","Kohl II",1971,1975,"sps",1975,0,0
"rp","Helmut Kohl","cdu","Kohl II",1971,1975,"ssw",1975,0,0
"rp","Helmut Kohl","cdu","Kohl II",1971,1975,"statt",1975,0,0
"rp","Helmut Kohl","cdu","Kohl II",1971,1975,"wav",1975,0,0
"rp","Helmut Kohl","cdu","Kohl II",1971,1975,"zentrum",1975,0,0
"sh","Gerhard Stoltenberg","cdu","Kabinett Stoltenberg I",1971,1975,"bdv",1975,0,0
"sh","Gerhard Stoltenberg","cdu","Kabinett Stoltenberg I",1971,1975,"bhe",1975,0,0
"sh","Gerhard Stoltenberg","cdu","Kabinett Stoltenberg I",1971,1975,"bp",1975,0,0
"sh","Gerhard Stoltenberg","cdu","Kabinett Stoltenberg I",1971,1975,"bsw",1975,0,0
"sh","Gerhard Stoltenberg","cdu","Kabinett Stoltenberg I",1971,1975,"cdu",1975,1,1
"sh","Gerhard Stoltenberg","cdu","Kabinett Stoltenberg I",1971,1975,"cvp",1975,0,0
"sh","Gerhard Stoltenberg","cdu","Kabinett Stoltenberg I",1971,1975,"dp",1975,0,0
"sh","Gerhard Stoltenberg","cdu","Kabinett Stoltenberg I",1971,1975,"dps",1975,0,0
"sh","Gerhard Stoltenberg","cdu","Kabinett Stoltenberg I",1971,1975,"fdp",1975,0,0
"sh","Gerhard Stoltenberg","cdu","Kabinett Stoltenberg I",1971,1975,"fw",1975,0,0
"sh","Gerhard Stoltenberg","cdu","Kabinett Stoltenberg I",1971,1975,"gb/bhe",1975,0,0
"sh","Gerhard Stoltenberg","cdu","Kabinett Stoltenberg I",1971,1975,"gru",1975,0,0
"sh","Gerhard Stoltenberg","cdu","Kabinett Stoltenberg I",1971,1975,"kpd",1975,0,0
"sh","Gerhard Stoltenberg","cdu","Kabinett Stoltenberg I",1971,1975,"lin",1975,0,0
"sh","Gerhard Stoltenberg","cdu","Kabinett Stoltenberg I",1971,1975,"lpd",1975,0,0
"sh","Gerhard Stoltenberg","cdu","Kabinett Stoltenberg I",1971,1975,"nlp",1975,0,0
"sh","Gerhard Stoltenberg","cdu","Kabinett Stoltenberg I",1971,1975,"pro",1975,0,0
"sh","Gerhard Stoltenberg","cdu","Kabinett Stoltenberg I",1971,1975,"spd",1975,0,0
"sh","Gerhard Stoltenberg","cdu","Kabinett Stoltenberg I",1971,1975,"sps",1975,0,0
"sh","Gerhard Stoltenberg","cdu","Kabinett Stoltenberg I",1971,1975,"ssw",1975,0,0
"sh","Gerhard Stoltenberg","cdu","Kabinett Stoltenberg I",1971,1975,"statt",1975,0,0
"sh","Gerhard Stoltenberg","cdu","Kabinett Stoltenberg I",1971,1975,"wav",1975,0,0
"sh","Gerhard Stoltenberg","cdu","Kabinett Stoltenberg I",1971,1975,"zentrum",1975,0,0
"bw","Hans Filbinger","cdu","Kabinett Filbinger III",1972,1976,"bdv",1976,0,0
"bw","Hans Filbinger","cdu","Kabinett Filbinger III",1972,1976,"bhe",1976,0,0
"bw","Hans Filbinger","cdu","Kabinett Filbinger III",1972,1976,"bp",1976,0,0
"bw","Hans Filbinger","cdu","Kabinett Filbinger III",1972,1976,"bsw",1976,0,0
"bw","Hans Filbinger","cdu","Kabinett Filbinger III",1972,1976,"cdu",1976,1,1
"bw","Hans Filbinger","cdu","Kabinett Filbinger III",1972,1976,"cvp",1976,0,0
"bw","Hans Filbinger","cdu","Kabinett Filbinger III",1972,1976,"dp",1976,0,0
"bw","Hans Filbinger","cdu","Kabinett Filbinger III",1972,1976,"dps",1976,0,0
"bw","Hans Filbinger","cdu","Kabinett Filbinger III",1972,1976,"fdp",1976,0,0
"bw","Hans Filbinger","cdu","Kabinett Filbinger III",1972,1976,"fw",1976,0,0
"bw","Hans Filbinger","cdu","Kabinett Filbinger III",1972,1976,"gb/bhe",1976,0,0
"bw","Hans Filbinger","cdu","Kabinett Filbinger III",1972,1976,"gru",1976,0,0
"bw","Hans Filbinger","cdu","Kabinett Filbinger III",1972,1976,"kpd",1976,0,0
"bw","Hans Filbinger","cdu","Kabinett Filbinger III",1972,1976,"lin",1976,0,0
"bw","Hans Filbinger","cdu","Kabinett Filbinger III",1972,1976,"lpd",1976,0,0
"bw","Hans Filbinger","cdu","Kabinett Filbinger III",1972,1976,"nlp",1976,0,0
"bw","Hans Filbinger","cdu","Kabinett Filbinger III",1972,1976,"pro",1976,0,0
"bw","Hans Filbinger","cdu","Kabinett Filbinger III",1972,1976,"spd",1976,0,0
"bw","Hans Filbinger","cdu","Kabinett Filbinger III",1972,1976,"sps",1976,0,0
"bw","Hans Filbinger","cdu","Kabinett Filbinger III",1972,1976,"ssw",1976,0,0
"bw","Hans Filbinger","cdu","Kabinett Filbinger III",1972,1976,"statt",1976,0,0
"bw","Hans Filbinger","cdu","Kabinett Filbinger III",1972,1976,"wav",1976,0,0
"bw","Hans Filbinger","cdu","Kabinett Filbinger III",1972,1976,"zentrum",1976,0,0
"by","Alfons Goppel","cdu","Kabinett Goppel IV",1974,1978,"bdv",1978,0,0
"by","Alfons Goppel","cdu","Kabinett Goppel IV",1974,1978,"bhe",1978,0,0
"by","Alfons Goppel","cdu","Kabinett Goppel IV",1974,1978,"bp",1978,0,0
"by","Alfons Goppel","cdu","Kabinett Goppel IV",1974,1978,"bsw",1978,0,0
"by","Alfons Goppel","cdu","Kabinett Goppel IV",1974,1978,"cdu",1978,1,1
"by","Alfons Goppel","cdu","Kabinett Goppel IV",1974,1978,"cvp",1978,0,0
"by","Alfons Goppel","cdu","Kabinett Goppel IV",1974,1978,"dp",1978,0,0
"by","Alfons Goppel","cdu","Kabinett Goppel IV",1974,1978,"dps",1978,0,0
"by","Alfons Goppel","cdu","Kabinett Goppel IV",1974,1978,"fdp",1978,0,0
"by","Alfons Goppel","cdu","Kabinett Goppel IV",1974,1978,"fw",1978,0,0
"by","Alfons Goppel","cdu","Kabinett Goppel IV",1974,1978,"gb/bhe",1978,0,0
"by","Alfons Goppel","cdu","Kabinett Goppel IV",1974,1978,"gru",1978,0,0
"by","Alfons Goppel","cdu","Kabinett Goppel IV",1974,1978,"kpd",1978,0,0
"by","Alfons Goppel","cdu","Kabinett Goppel IV",1974,1978,"lin",1978,0,0
"by","Alfons Goppel","cdu","Kabinett Goppel IV",1974,1978,"lpd",1978,0,0
"by","Alfons Goppel","cdu","Kabinett Goppel IV",1974,1978,"nlp",1978,0,0
"by","Alfons Goppel","cdu","Kabinett Goppel IV",1974,1978,"pro",1978,0,0
"by","Alfons Goppel","cdu","Kabinett Goppel IV",1974,1978,"spd",1978,0,0
"by","Alfons Goppel","cdu","Kabinett Goppel IV",1974,1978,"sps",1978,0,0
"by","Alfons Goppel","cdu","Kabinett Goppel IV",1974,1978,"ssw",1978,0,0
"by","Alfons Goppel","cdu","Kabinett Goppel IV",1974,1978,"statt",1978,0,0
"by","Alfons Goppel","cdu","Kabinett Goppel IV",1974,1978,"wav",1978,0,0
"by","Alfons Goppel","cdu","Kabinett Goppel IV",1974,1978,"zentrum",1978,0,0
"he","Albert Osswald","spd","Kabinett Osswald III",1974,1976,"bdv",1976,0,0
"he","Albert Osswald","spd","Kabinett Osswald III",1974,1976,"bhe",1976,0,0
"he","Albert Osswald","spd","Kabinett Osswald III",1974,1976,"bp",1976,0,0
"he","Albert Osswald","spd","Kabinett Osswald III",1974,1976,"bsw",1976,0,0
"he","Albert Osswald","spd","Kabinett Osswald III",1974,1976,"cdu",1976,0,0
"he","Albert Osswald","spd","Kabinett Osswald III",1974,1976,"cvp",1976,0,0
"he","Albert Osswald","spd","Kabinett Osswald III",1974,1976,"dp",1976,0,0
"he","Albert Osswald","spd","Kabinett Osswald III",1974,1976,"dps",1976,0,0
"he","Albert Osswald","spd","Kabinett Osswald III",1974,1976,"fdp",1976,1,0
"he","Albert Osswald","spd","Kabinett Osswald III",1974,1976,"fw",1976,0,0
"he","Albert Osswald","spd","Kabinett Osswald III",1974,1976,"gb/bhe",1976,0,0
"he","Albert Osswald","spd","Kabinett Osswald III",1974,1976,"gru",1976,0,0
"he","Albert Osswald","spd","Kabinett Osswald III",1974,1976,"kpd",1976,0,0
"he","Albert Osswald","spd","Kabinett Osswald III",1974,1976,"lin",1976,0,0
"he","Albert Osswald","spd","Kabinett Osswald III",1974,1976,"lpd",1976,0,0
"he","Albert Osswald","spd","Kabinett Osswald III",1974,1976,"nlp",1976,0,0
"he","Albert Osswald","spd","Kabinett Osswald III",1974,1976,"pro",1976,0,0
"he","Albert Osswald","spd","Kabinett Osswald III",1974,1976,"spd",1976,1,1
"he","Albert Osswald","spd","Kabinett Osswald III",1974,1976,"sps",1976,0,0
"he","Albert Osswald","spd","Kabinett Osswald III",1974,1976,"ssw",1976,0,0
"he","Albert Osswald","spd","Kabinett Osswald III",1974,1976,"statt",1976,0,0
"he","Albert Osswald","spd","Kabinett Osswald III",1974,1976,"wav",1976,0,0
"he","Albert Osswald","spd","Kabinett Osswald III",1974,1976,"zentrum",1976,0,0
"hh","Hans-Ulrich Klose","spd","Kabinett Klose I",1974,1978,"bdv",1978,0,0
"hh","Hans-Ulrich Klose","spd","Kabinett Klose I",1974,1978,"bhe",1978,0,0
"hh","Hans-Ulrich Klose","spd","Kabinett Klose I",1974,1978,"bp",1978,0,0
"hh","Hans-Ulrich Klose","spd","Kabinett Klose I",1974,1978,"bsw",1978,0,0
"hh","Hans-Ulrich Klose","spd","Kabinett Klose I",1974,1978,"cdu",1978,0,0
"hh","Hans-Ulrich Klose","spd","Kabinett Klose I",1974,1978,"cvp",1978,0,0
"hh","Hans-Ulrich Klose","spd","Kabinett Klose I",1974,1978,"dp",1978,0,0
"hh","Hans-Ulrich Klose","spd","Kabinett Klose I",1974,1978,"dps",1978,0,0
"hh","Hans-Ulrich Klose","spd","Kabinett Klose I",1974,1978,"fdp",1978,1,0
"hh","Hans-Ulrich Klose","spd","Kabinett Klose I",1974,1978,"fw",1978,0,0
"hh","Hans-Ulrich Klose","spd","Kabinett Klose I",1974,1978,"gb/bhe",1978,0,0
"hh","Hans-Ulrich Klose","spd","Kabinett Klose I",1974,1978,"gru",1978,0,0
"hh","Hans-Ulrich Klose","spd","Kabinett Klose I",1974,1978,"kpd",1978,0,0
"hh","Hans-Ulrich Klose","spd","Kabinett Klose I",1974,1978,"lin",1978,0,0
"hh","Hans-Ulrich Klose","spd","Kabinett Klose I",1974,1978,"lpd",1978,0,0
"hh","Hans-Ulrich Klose","spd","Kabinett Klose I",1974,1978,"nlp",1978,0,0
"hh","Hans-Ulrich Klose","spd","Kabinett Klose I",1974,1978,"pro",1978,0,0
"hh","Hans-Ulrich Klose","spd","Kabinett Klose I",1974,1978,"spd",1978,1,1
"hh","Hans-Ulrich Klose","spd","Kabinett Klose I",1974,1978,"sps",1978,0,0
"hh","Hans-Ulrich Klose","spd","Kabinett Klose I",1974,1978,"ssw",1978,0,0
"hh","Hans-Ulrich Klose","spd","Kabinett Klose I",1974,1978,"statt",1978,0,0
"hh","Hans-Ulrich Klose","spd","Kabinett Klose I",1974,1978,"wav",1978,0,0
"hh","Hans-Ulrich Klose","spd","Kabinett Klose I",1974,1978,"zentrum",1978,0,0
"hh","Peter Schulz","spd","Kabinett Schulz II",1974,1974,"bdv",1974,0,0
"hh","Peter Schulz","spd","Kabinett Schulz II",1974,1974,"bhe",1974,0,0
"hh","Peter Schulz","spd","Kabinett Schulz II",1974,1974,"bp",1974,0,0
"hh","Peter Schulz","spd","Kabinett Schulz II",1974,1974,"bsw",1974,0,0
"hh","Peter Schulz","spd","Kabinett Schulz II",1974,1974,"cdu",1974,0,0
"hh","Peter Schulz","spd","Kabinett Schulz II",1974,1974,"cvp",1974,0,0
"hh","Peter Schulz","spd","Kabinett Schulz II",1974,1974,"dp",1974,0,0
"hh","Peter Schulz","spd","Kabinett Schulz II",1974,1974,"dps",1974,0,0
"hh","Peter Schulz","spd","Kabinett Schulz II",1974,1974,"fdp",1974,1,0
"hh","Peter Schulz","spd","Kabinett Schulz II",1974,1974,"fw",1974,0,0
"hh","Peter Schulz","spd","Kabinett Schulz II",1974,1974,"gb/bhe",1974,0,0
"hh","Peter Schulz","spd","Kabinett Schulz II",1974,1974,"gru",1974,0,0
"hh","Peter Schulz","spd","Kabinett Schulz II",1974,1974,"kpd",1974,0,0
"hh","Peter Schulz","spd","Kabinett Schulz II",1974,1974,"lin",1974,0,0
"hh","Peter Schulz","spd","Kabinett Schulz II",1974,1974,"lpd",1974,0,0
"hh","Peter Schulz","spd","Kabinett Schulz II",1974,1974,"nlp",1974,0,0
"hh","Peter Schulz","spd","Kabinett Schulz II",1974,1974,"pro",1974,0,0
"hh","Peter Schulz","spd","Kabinett Schulz II",1974,1974,"spd",1974,1,1
"hh","Peter Schulz","spd","Kabinett Schulz II",1974,1974,"sps",1974,0,0
"hh","Peter Schulz","spd","Kabinett Schulz II",1974,1974,"ssw",1974,0,0
"hh","Peter Schulz","spd","Kabinett Schulz II",1974,1974,"statt",1974,0,0
"hh","Peter Schulz","spd","Kabinett Schulz II",1974,1974,"wav",1974,0,0
"hh","Peter Schulz","spd","Kabinett Schulz II",1974,1974,"zentrum",1974,0,0
"ni","Alfred Kubel","spd","Kubel II",1974,1976,"bdv",1976,0,0
"ni","Alfred Kubel","spd","Kubel II",1974,1976,"bhe",1976,0,0
"ni","Alfred Kubel","spd","Kubel II",1974,1976,"bp",1976,0,0
"ni","Alfred Kubel","spd","Kubel II",1974,1976,"bsw",1976,0,0
"ni","Alfred Kubel","spd","Kubel II",1974,1976,"cdu",1976,0,0
"ni","Alfred Kubel","spd","Kubel II",1974,1976,"cvp",1976,0,0
"ni","Alfred Kubel","spd","Kubel II",1974,1976,"dp",1976,0,0
"ni","Alfred Kubel","spd","Kubel II",1974,1976,"dps",1976,0,0
"ni","Alfred Kubel","spd","Kubel II",1974,1976,"fdp",1976,1,0
"ni","Alfred Kubel","spd","Kubel II",1974,1976,"fw",1976,0,0
"ni","Alfred Kubel","spd","Kubel II",1974,1976,"gb/bhe",1976,0,0
"ni","Alfred Kubel","spd","Kubel II",1974,1976,"gru",1976,0,0
"ni","Alfred Kubel","spd","Kubel II",1974,1976,"kpd",1976,0,0
"ni","Alfred Kubel","spd","Kubel II",1974,1976,"lin",1976,0,0
"ni","Alfred Kubel","spd","Kubel II",1974,1976,"lpd",1976,0,0
"ni","Alfred Kubel","spd","Kubel II",1974,1976,"nlp",1976,0,0
"ni","Alfred Kubel","spd","Kubel II",1974,1976,"pro",1976,0,0
"ni","Alfred Kubel","spd","Kubel II",1974,1976,"spd",1976,1,1
"ni","Alfred Kubel","spd","Kubel II",1974,1976,"sps",1976,0,0
"ni","Alfred Kubel","spd","Kubel II",1974,1976,"ssw",1976,0,0
"ni","Alfred Kubel","spd","Kubel II",1974,1976,"statt",1976,0,0
"ni","Alfred Kubel","spd","Kubel II",1974,1976,"wav",1976,0,0
"ni","Alfred Kubel","spd","Kubel II",1974,1976,"zentrum",1976,0,0
"sl","Franz-Josef Röder","cdu","Kabinett Röder V",1974,1977,"bdv",1975,0,0
"sl","Franz-Josef Röder","cdu","Kabinett Röder V",1974,1977,"bhe",1975,0,0
"sl","Franz-Josef Röder","cdu","Kabinett Röder V",1974,1977,"bp",1975,0,0
"sl","Franz-Josef Röder","cdu","Kabinett Röder V",1974,1977,"bsw",1975,0,0
"sl","Franz-Josef Röder","cdu","Kabinett Röder V",1974,1977,"cdu",1975,1,1
"sl","Franz-Josef Röder","cdu","Kabinett Röder V",1974,1977,"cvp",1975,0,0
"sl","Franz-Josef Röder","cdu","Kabinett Röder V",1974,1977,"dp",1975,0,0
"sl","Franz-Josef Röder","cdu","Kabinett Röder V",1974,1977,"dps",1975,0,0
"sl","Franz-Josef Röder","cdu","Kabinett Röder V",1974,1977,"fdp",1975,0,0
"sl","Franz-Josef Röder","cdu","Kabinett Röder V",1974,1977,"fw",1975,0,0
"sl","Franz-Josef Röder","cdu","Kabinett Röder V",1974,1977,"gb/bhe",1975,0,0
"sl","Franz-Josef Röder","cdu","Kabinett Röder V",1974,1977,"gru",1975,0,0
"sl","Franz-Josef Röder","cdu","Kabinett Röder V",1974,1977,"kpd",1975,0,0
"sl","Franz-Josef Röder","cdu","Kabinett Röder V",1974,1977,"lin",1975,0,0
"sl","Franz-Josef Röder","cdu","Kabinett Röder V",1974,1977,"lpd",1975,0,0
"sl","Franz-Josef Röder","cdu","Kabinett Röder V",1974,1977,"nlp",1975,0,0
"sl","Franz-Josef Röder","cdu","Kabinett Röder V",1974,1977,"pro",1975,0,0
"sl","Franz-Josef Röder","cdu","Kabinett Röder V",1974,1977,"spd",1975,0,0
"sl","Franz-Josef Röder","cdu","Kabinett Röder V",1974,1977,"sps",1975,0,0
"sl","Franz-Josef Röder","cdu","Kabinett Röder V",1974,1977,"ssw",1975,0,0
"sl","Franz-Josef Röder","cdu","Kabinett Röder V",1974,1977,"statt",1975,0,0
"sl","Franz-Josef Röder","cdu","Kabinett Röder V",1974,1977,"wav",1975,0,0
"sl","Franz-Josef Röder","cdu","Kabinett Röder V",1974,1977,"zentrum",1975,0,0
"hb","Hans Koschnick","spd","Koschnick III",1975,1979,"bdv",1979,0,0
"hb","Hans Koschnick","spd","Koschnick III",1975,1979,"bhe",1979,0,0
"hb","Hans Koschnick","spd","Koschnick III",1975,1979,"bp",1979,0,0
"hb","Hans Koschnick","spd","Koschnick III",1975,1979,"bsw",1979,0,0
"hb","Hans Koschnick","spd","Koschnick III",1975,1979,"cdu",1979,0,0
"hb","Hans Koschnick","spd","Koschnick III",1975,1979,"cvp",1979,0,0
"hb","Hans Koschnick","spd","Koschnick III",1975,1979,"dp",1979,0,0
"hb","Hans Koschnick","spd","Koschnick III",1975,1979,"dps",1979,0,0
"hb","Hans Koschnick","spd","Koschnick III",1975,1979,"fdp",1979,0,0
"hb","Hans Koschnick","spd","Koschnick III",1975,1979,"fw",1979,0,0
"hb","Hans Koschnick","spd","Koschnick III",1975,1979,"gb/bhe",1979,0,0
"hb","Hans Koschnick","spd","Koschnick III",1975,1979,"gru",1979,0,0
"hb","Hans Koschnick","spd","Koschnick III",1975,1979,"kpd",1979,0,0
"hb","Hans Koschnick","spd","Koschnick III",1975,1979,"lin",1979,0,0
"hb","Hans Koschnick","spd","Koschnick III",1975,1979,"lpd",1979,0,0
"hb","Hans Koschnick","spd","Koschnick III",1975,1979,"nlp",1979,0,0
"hb","Hans Koschnick","spd","Koschnick III",1975,1979,"pro",1979,0,0
"hb","Hans Koschnick","spd","Koschnick III",1975,1979,"spd",1979,1,1
"hb","Hans Koschnick","spd","Koschnick III",1975,1979,"sps",1979,0,0
"hb","Hans Koschnick","spd","Koschnick III",1975,1979,"ssw",1979,0,0
"hb","Hans Koschnick","spd","Koschnick III",1975,1979,"statt",1979,0,0
"hb","Hans Koschnick","spd","Koschnick III",1975,1979,"wav",1979,0,0
"hb","Hans Koschnick","spd","Koschnick III",1975,1979,"zentrum",1979,0,0
"nw","Heinz Kühn","spd","Kabinett Kühn III",1975,1978,"bdv",1978,0,0
"nw","Heinz Kühn","spd","Kabinett Kühn III",1975,1978,"bhe",1978,0,0
"nw","Heinz Kühn","spd","Kabinett Kühn III",1975,1978,"bp",1978,0,0
"nw","Heinz Kühn","spd","Kabinett Kühn III",1975,1978,"bsw",1978,0,0
"nw","Heinz Kühn","spd","Kabinett Kühn III",1975,1978,"cdu",1978,0,0
"nw","Heinz Kühn","spd","Kabinett Kühn III",1975,1978,"cvp",1978,0,0
"nw","Heinz Kühn","spd","Kabinett Kühn III",1975,1978,"dp",1978,0,0
"nw","Heinz Kühn","spd","Kabinett Kühn III",1975,1978,"dps",1978,0,0
"nw","Heinz Kühn","spd","Kabinett Kühn III",1975,1978,"fdp",1978,1,0
"nw","Heinz Kühn","spd","Kabinett Kühn III",1975,1978,"fw",1978,0,0
"nw","Heinz Kühn","spd","Kabinett Kühn III",1975,1978,"gb/bhe",1978,0,0
"nw","Heinz Kühn","spd","Kabinett Kühn III",1975,1978,"gru",1978,0,0
"nw","Heinz Kühn","spd","Kabinett Kühn III",1975,1978,"kpd",1978,0,0
"nw","Heinz Kühn","spd","Kabinett Kühn III",1975,1978,"lin",1978,0,0
"nw","Heinz Kühn","spd","Kabinett Kühn III",1975,1978,"lpd",1978,0,0
"nw","Heinz Kühn","spd","Kabinett Kühn III",1975,1978,"nlp",1978,0,0
"nw","Heinz Kühn","spd","Kabinett Kühn III",1975,1978,"pro",1978,0,0
"nw","Heinz Kühn","spd","Kabinett Kühn III",1975,1978,"spd",1978,1,1
"nw","Heinz Kühn","spd","Kabinett Kühn III",1975,1978,"sps",1978,0,0
"nw","Heinz Kühn","spd","Kabinett Kühn III",1975,1978,"ssw",1978,0,0
"nw","Heinz Kühn","spd","Kabinett Kühn III",1975,1978,"statt",1978,0,0
"nw","Heinz Kühn","spd","Kabinett Kühn III",1975,1978,"wav",1978,0,0
"nw","Heinz Kühn","spd","Kabinett Kühn III",1975,1978,"zentrum",1978,0,0
"rp","Helmut Kohl","cdu","Kohl III",1975,1976,"bdv",1976,0,0
"rp","Helmut Kohl","cdu","Kohl III",1975,1976,"bhe",1976,0,0
"rp","Helmut Kohl","cdu","Kohl III",1975,1976,"bp",1976,0,0
"rp","Helmut Kohl","cdu","Kohl III",1975,1976,"bsw",1976,0,0
"rp","Helmut Kohl","cdu","Kohl III",1975,1976,"cdu",1976,1,1
"rp","Helmut Kohl","cdu","Kohl III",1975,1976,"cvp",1976,0,0
"rp","Helmut Kohl","cdu","Kohl III",1975,1976,"dp",1976,0,0
"rp","Helmut Kohl","cdu","Kohl III",1975,1976,"dps",1976,0,0
"rp","Helmut Kohl","cdu","Kohl III",1975,1976,"fdp",1976,0,0
"rp","Helmut Kohl","cdu","Kohl III",1975,1976,"fw",1976,0,0
"rp","Helmut Kohl","cdu","Kohl III",1975,1976,"gb/bhe",1976,0,0
"rp","Helmut Kohl","cdu","Kohl III",1975,1976,"gru",1976,0,0
"rp","Helmut Kohl","cdu","Kohl III",1975,1976,"kpd",1976,0,0
"rp","Helmut Kohl","cdu","Kohl III",1975,1976,"lin",1976,0,0
"rp","Helmut Kohl","cdu","Kohl III",1975,1976,"lpd",1976,0,0
"rp","Helmut Kohl","cdu","Kohl III",1975,1976,"nlp",1976,0,0
"rp","Helmut Kohl","cdu","Kohl III",1975,1976,"pro",1976,0,0
"rp","Helmut Kohl","cdu","Kohl III",1975,1976,"spd",1976,0,0
"rp","Helmut Kohl","cdu","Kohl III",1975,1976,"sps",1976,0,0
"rp","Helmut Kohl","cdu","Kohl III",1975,1976,"ssw",1976,0,0
"rp","Helmut Kohl","cdu","Kohl III",1975,1976,"statt",1976,0,0
"rp","Helmut Kohl","cdu","Kohl III",1975,1976,"wav",1976,0,0
"rp","Helmut Kohl","cdu","Kohl III",1975,1976,"zentrum",1976,0,0
"sh","Gerhard Stoltenberg","cdu","Kabinett Stoltenberg II",1975,1979,"bdv",1979,0,0
"sh","Gerhard Stoltenberg","cdu","Kabinett Stoltenberg II",1975,1979,"bhe",1979,0,0
"sh","Gerhard Stoltenberg","cdu","Kabinett Stoltenberg II",1975,1979,"bp",1979,0,0
"sh","Gerhard Stoltenberg","cdu","Kabinett Stoltenberg II",1975,1979,"bsw",1979,0,0
"sh","Gerhard Stoltenberg","cdu","Kabinett Stoltenberg II",1975,1979,"cdu",1979,1,1
"sh","Gerhard Stoltenberg","cdu","Kabinett Stoltenberg II",1975,1979,"cvp",1979,0,0
"sh","Gerhard Stoltenberg","cdu","Kabinett Stoltenberg II",1975,1979,"dp",1979,0,0
"sh","Gerhard Stoltenberg","cdu","Kabinett Stoltenberg II",1975,1979,"dps",1979,0,0
"sh","Gerhard Stoltenberg","cdu","Kabinett Stoltenberg II",1975,1979,"fdp",1979,0,0
"sh","Gerhard Stoltenberg","cdu","Kabinett Stoltenberg II",1975,1979,"fw",1979,0,0
"sh","Gerhard Stoltenberg","cdu","Kabinett Stoltenberg II",1975,1979,"gb/bhe",1979,0,0
"sh","Gerhard Stoltenberg","cdu","Kabinett Stoltenberg II",1975,1979,"gru",1979,0,0
"sh","Gerhard Stoltenberg","cdu","Kabinett Stoltenberg II",1975,1979,"kpd",1979,0,0
"sh","Gerhard Stoltenberg","cdu","Kabinett Stoltenberg II",1975,1979,"lin",1979,0,0
"sh","Gerhard Stoltenberg","cdu","Kabinett Stoltenberg II",1975,1979,"lpd",1979,0,0
"sh","Gerhard Stoltenberg","cdu","Kabinett Stoltenberg II",1975,1979,"nlp",1979,0,0
"sh","Gerhard Stoltenberg","cdu","Kabinett Stoltenberg II",1975,1979,"pro",1979,0,0
"sh","Gerhard Stoltenberg","cdu","Kabinett Stoltenberg II",1975,1979,"spd",1979,0,0
"sh","Gerhard Stoltenberg","cdu","Kabinett Stoltenberg II",1975,1979,"sps",1979,0,0
"sh","Gerhard Stoltenberg","cdu","Kabinett Stoltenberg II",1975,1979,"ssw",1979,0,0
"sh","Gerhard Stoltenberg","cdu","Kabinett Stoltenberg II",1975,1979,"statt",1979,0,0
"sh","Gerhard Stoltenberg","cdu","Kabinett Stoltenberg II",1975,1979,"wav",1979,0,0
"sh","Gerhard Stoltenberg","cdu","Kabinett Stoltenberg II",1975,1979,"zentrum",1979,0,0
"bw","Hans Filbinger","cdu","Kabinett Filbinger IV",1976,1978,"bdv",1978,0,0
"bw","Hans Filbinger","cdu","Kabinett Filbinger IV",1976,1978,"bhe",1978,0,0
"bw","Hans Filbinger","cdu","Kabinett Filbinger IV",1976,1978,"bp",1978,0,0
"bw","Hans Filbinger","cdu","Kabinett Filbinger IV",1976,1978,"bsw",1978,0,0
"bw","Hans Filbinger","cdu","Kabinett Filbinger IV",1976,1978,"cdu",1978,1,1
"bw","Hans Filbinger","cdu","Kabinett Filbinger IV",1976,1978,"cvp",1978,0,0
"bw","Hans Filbinger","cdu","Kabinett Filbinger IV",1976,1978,"dp",1978,0,0
"bw","Hans Filbinger","cdu","Kabinett Filbinger IV",1976,1978,"dps",1978,0,0
"bw","Hans Filbinger","cdu","Kabinett Filbinger IV",1976,1978,"fdp",1978,0,0
"bw","Hans Filbinger","cdu","Kabinett Filbinger IV",1976,1978,"fw",1978,0,0
"bw","Hans Filbinger","cdu","Kabinett Filbinger IV",1976,1978,"gb/bhe",1978,0,0
"bw","Hans Filbinger","cdu","Kabinett Filbinger IV",1976,1978,"gru",1978,0,0
"bw","Hans Filbinger","cdu","Kabinett Filbinger IV",1976,1978,"kpd",1978,0,0
"bw","Hans Filbinger","cdu","Kabinett Filbinger IV",1976,1978,"lin",1978,0,0
"bw","Hans Filbinger","cdu","Kabinett Filbinger IV",1976,1978,"lpd",1978,0,0
"bw","Hans Filbinger","cdu","Kabinett Filbinger IV",1976,1978,"nlp",1978,0,0
"bw","Hans Filbinger","cdu","Kabinett Filbinger IV",1976,1978,"pro",1978,0,0
"bw","Hans Filbinger","cdu","Kabinett Filbinger IV",1976,1978,"spd",1978,0,0
"bw","Hans Filbinger","cdu","Kabinett Filbinger IV",1976,1978,"sps",1978,0,0
"bw","Hans Filbinger","cdu","Kabinett Filbinger IV",1976,1978,"ssw",1978,0,0
"bw","Hans Filbinger","cdu","Kabinett Filbinger IV",1976,1978,"statt",1978,0,0
"bw","Hans Filbinger","cdu","Kabinett Filbinger IV",1976,1978,"wav",1978,0,0
"bw","Hans Filbinger","cdu","Kabinett Filbinger IV",1976,1978,"zentrum",1978,0,0
"he","Holger Börner","spd","Kabinett Börner I",1976,1978,"bdv",1978,0,0
"he","Holger Börner","spd","Kabinett Börner I",1976,1978,"bhe",1978,0,0
"he","Holger Börner","spd","Kabinett Börner I",1976,1978,"bp",1978,0,0
"he","Holger Börner","spd","Kabinett Börner I",1976,1978,"bsw",1978,0,0
"he","Holger Börner","spd","Kabinett Börner I",1976,1978,"cdu",1978,0,0
"he","Holger Börner","spd","Kabinett Börner I",1976,1978,"cvp",1978,0,0
"he","Holger Börner","spd","Kabinett Börner I",1976,1978,"dp",1978,0,0
"he","Holger Börner","spd","Kabinett Börner I",1976,1978,"dps",1978,0,0
"he","Holger Börner","spd","Kabinett Börner I",1976,1978,"fdp",1978,1,0
"he","Holger Börner","spd","Kabinett Börner I",1976,1978,"fw",1978,0,0
"he","Holger Börner","spd","Kabinett Börner I",1976,1978,"gb/bhe",1978,0,0
"he","Holger Börner","spd","Kabinett Börner I",1976,1978,"gru",1978,0,0
"he","Holger Börner","spd","Kabinett Börner I",1976,1978,"kpd",1978,0,0
"he","Holger Börner","spd","Kabinett Börner I",1976,1978,"lin",1978,0,0
"he","Holger Börner","spd","Kabinett Börner I",1976,1978,"lpd",1978,0,0
"he","Holger Börner","spd","Kabinett Börner I",1976,1978,"nlp",1978,0,0
"he","Holger Börner","spd","Kabinett Börner I",1976,1978,"pro",1978,0,0
"he","Holger Börner","spd","Kabinett Börner I",1976,1978,"spd",1978,1,1
"he","Holger Börner","spd","Kabinett Börner I",1976,1978,"sps",1978,0,0
"he","Holger Börner","spd","Kabinett Börner I",1976,1978,"ssw",1978,0,0
"he","Holger Börner","spd","Kabinett Börner I",1976,1978,"statt",1978,0,0
"he","Holger Börner","spd","Kabinett Börner I",1976,1978,"wav",1978,0,0
"he","Holger Börner","spd","Kabinett Börner I",1976,1978,"zentrum",1978,0,0
"ni","Ernst Albrecht","cdu","Albrecht I",1976,1977,"bdv",1977,0,0
"ni","Ernst Albrecht","cdu","Albrecht I",1976,1977,"bhe",1977,0,0
"ni","Ernst Albrecht","cdu","Albrecht I",1976,1977,"bp",1977,0,0
"ni","Ernst Albrecht","cdu","Albrecht I",1976,1977,"bsw",1977,0,0
"ni","Ernst Albrecht","cdu","Albrecht I",1976,1977,"cdu",1977,1,1
"ni","Ernst Albrecht","cdu","Albrecht I",1976,1977,"cvp",1977,0,0
"ni","Ernst Albrecht","cdu","Albrecht I",1976,1977,"dp",1977,0,0
"ni","Ernst Albrecht","cdu","Albrecht I",1976,1977,"dps",1977,0,0
"ni","Ernst Albrecht","cdu","Albrecht I",1976,1977,"fdp",1977,0,0
"ni","Ernst Albrecht","cdu","Albrecht I",1976,1977,"fw",1977,0,0
"ni","Ernst Albrecht","cdu","Albrecht I",1976,1977,"gb/bhe",1977,0,0
"ni","Ernst Albrecht","cdu","Albrecht I",1976,1977,"gru",1977,0,0
"ni","Ernst Albrecht","cdu","Albrecht I",1976,1977,"kpd",1977,0,0
"ni","Ernst Albrecht","cdu","Albrecht I",1976,1977,"lin",1977,0,0
"ni","Ernst Albrecht","cdu","Albrecht I",1976,1977,"lpd",1977,0,0
"ni","Ernst Albrecht","cdu","Albrecht I",1976,1977,"nlp",1977,0,0
"ni","Ernst Albrecht","cdu","Albrecht I",1976,1977,"pro",1977,0,0
"ni","Ernst Albrecht","cdu","Albrecht I",1976,1977,"spd",1977,0,0
"ni","Ernst Albrecht","cdu","Albrecht I",1976,1977,"sps",1977,0,0
"ni","Ernst Albrecht","cdu","Albrecht I",1976,1977,"ssw",1977,0,0
"ni","Ernst Albrecht","cdu","Albrecht I",1976,1977,"statt",1977,0,0
"ni","Ernst Albrecht","cdu","Albrecht I",1976,1977,"wav",1977,0,0
"ni","Ernst Albrecht","cdu","Albrecht I",1976,1977,"zentrum",1977,0,0
"rp","Bernhard Vogel","cdu","Vogel I",1976,1979,"bdv",1979,0,0
"rp","Bernhard Vogel","cdu","Vogel I",1976,1979,"bhe",1979,0,0
"rp","Bernhard Vogel","cdu","Vogel I",1976,1979,"bp",1979,0,0
"rp","Bernhard Vogel","cdu","Vogel I",1976,1979,"bsw",1979,0,0
"rp","Bernhard Vogel","cdu","Vogel I",1976,1979,"cdu",1979,1,1
"rp","Bernhard Vogel","cdu","Vogel I",1976,1979,"cvp",1979,0,0
"rp","Bernhard Vogel","cdu","Vogel I",1976,1979,"dp",1979,0,0
"rp","Bernhard Vogel","cdu","Vogel I",1976,1979,"dps",1979,0,0
"rp","Bernhard Vogel","cdu","Vogel I",1976,1979,"fdp",1979,0,0
"rp","Bernhard Vogel","cdu","Vogel I",1976,1979,"fw",1979,0,0
"rp","Bernhard Vogel","cdu","Vogel I",1976,1979,"gb/bhe",1979,0,0
"rp","Bernhard Vogel","cdu","Vogel I",1976,1979,"gru",1979,0,0
"rp","Bernhard Vogel","cdu","Vogel I",1976,1979,"kpd",1979,0,0
"rp","Bernhard Vogel","cdu","Vogel I",1976,1979,"lin",1979,0,0
"rp","Bernhard Vogel","cdu","Vogel I",1976,1979,"lpd",1979,0,0
"rp","Bernhard Vogel","cdu","Vogel I",1976,1979,"nlp",1979,0,0
"rp","Bernhard Vogel","cdu","Vogel I",1976,1979,"pro",1979,0,0
"rp","Bernhard Vogel","cdu","Vogel I",1976,1979,"spd",1979,0,0
"rp","Bernhard Vogel","cdu","Vogel I",1976,1979,"sps",1979,0,0
"rp","Bernhard Vogel","cdu","Vogel I",1976,1979,"ssw",1979,0,0
"rp","Bernhard Vogel","cdu","Vogel I",1976,1979,"statt",1979,0,0
"rp","Bernhard Vogel","cdu","Vogel I",1976,1979,"wav",1979,0,0
"rp","Bernhard Vogel","cdu","Vogel I",1976,1979,"zentrum",1979,0,0
"ni","Ernst Albrecht","cdu","Albrecht II",1977,1978,"bdv",1978,0,0
"ni","Ernst Albrecht","cdu","Albrecht II",1977,1978,"bhe",1978,0,0
"ni","Ernst Albrecht","cdu","Albrecht II",1977,1978,"bp",1978,0,0
"ni","Ernst Albrecht","cdu","Albrecht II",1977,1978,"bsw",1978,0,0
"ni","Ernst Albrecht","cdu","Albrecht II",1977,1978,"cdu",1978,1,1
"ni","Ernst Albrecht","cdu","Albrecht II",1977,1978,"cvp",1978,0,0
"ni","Ernst Albrecht","cdu","Albrecht II",1977,1978,"dp",1978,0,0
"ni","Ernst Albrecht","cdu","Albrecht II",1977,1978,"dps",1978,0,0
"ni","Ernst Albrecht","cdu","Albrecht II",1977,1978,"fdp",1978,1,0
"ni","Ernst Albrecht","cdu","Albrecht II",1977,1978,"fw",1978,0,0
"ni","Ernst Albrecht","cdu","Albrecht II",1977,1978,"gb/bhe",1978,0,0
"ni","Ernst Albrecht","cdu","Albrecht II",1977,1978,"gru",1978,0,0
"ni","Ernst Albrecht","cdu","Albrecht II",1977,1978,"kpd",1978,0,0
"ni","Ernst Albrecht","cdu","Albrecht II",1977,1978,"lin",1978,0,0
"ni","Ernst Albrecht","cdu","Albrecht II",1977,1978,"lpd",1978,0,0
"ni","Ernst Albrecht","cdu","Albrecht II",1977,1978,"nlp",1978,0,0
"ni","Ernst Albrecht","cdu","Albrecht II",1977,1978,"pro",1978,0,0
"ni","Ernst Albrecht","cdu","Albrecht II",1977,1978,"spd",1978,0,0
"ni","Ernst Albrecht","cdu","Albrecht II",1977,1978,"sps",1978,0,0
"ni","Ernst Albrecht","cdu","Albrecht II",1977,1978,"ssw",1978,0,0
"ni","Ernst Albrecht","cdu","Albrecht II",1977,1978,"statt",1978,0,0
"ni","Ernst Albrecht","cdu","Albrecht II",1977,1978,"wav",1978,0,0
"ni","Ernst Albrecht","cdu","Albrecht II",1977,1978,"zentrum",1978,0,0
"sl","Franz-Josef Röder","cdu","Kabinett Röder VI",1977,1979,"bdv",1979,0,0
"sl","Franz-Josef Röder","cdu","Kabinett Röder VI",1977,1979,"bhe",1979,0,0
"sl","Franz-Josef Röder","cdu","Kabinett Röder VI",1977,1979,"bp",1979,0,0
"sl","Franz-Josef Röder","cdu","Kabinett Röder VI",1977,1979,"bsw",1979,0,0
"sl","Franz-Josef Röder","cdu","Kabinett Röder VI",1977,1979,"cdu",1979,1,1
"sl","Franz-Josef Röder","cdu","Kabinett Röder VI",1977,1979,"cvp",1979,0,0
"sl","Franz-Josef Röder","cdu","Kabinett Röder VI",1977,1979,"dp",1979,0,0
"sl","Franz-Josef Röder","cdu","Kabinett Röder VI",1977,1979,"dps",1979,1,0
"sl","Franz-Josef Röder","cdu","Kabinett Röder VI",1977,1979,"fdp",1979,1,0
"sl","Franz-Josef Röder","cdu","Kabinett Röder VI",1977,1979,"fw",1979,0,0
"sl","Franz-Josef Röder","cdu","Kabinett Röder VI",1977,1979,"gb/bhe",1979,0,0
"sl","Franz-Josef Röder","cdu","Kabinett Röder VI",1977,1979,"gru",1979,0,0
"sl","Franz-Josef Röder","cdu","Kabinett Röder VI",1977,1979,"kpd",1979,0,0
"sl","Franz-Josef Röder","cdu","Kabinett Röder VI",1977,1979,"lin",1979,0,0
"sl","Franz-Josef Röder","cdu","Kabinett Röder VI",1977,1979,"lpd",1979,0,0
"sl","Franz-Josef Röder","cdu","Kabinett Röder VI",1977,1979,"nlp",1979,0,0
"sl","Franz-Josef Röder","cdu","Kabinett Röder VI",1977,1979,"pro",1979,0,0
"sl","Franz-Josef Röder","cdu","Kabinett Röder VI",1977,1979,"spd",1979,0,0
"sl","Franz-Josef Röder","cdu","Kabinett Röder VI",1977,1979,"sps",1979,0,0
"sl","Franz-Josef Röder","cdu","Kabinett Röder VI",1977,1979,"ssw",1979,0,0
"sl","Franz-Josef Röder","cdu","Kabinett Röder VI",1977,1979,"statt",1979,0,0
"sl","Franz-Josef Röder","cdu","Kabinett Röder VI",1977,1979,"wav",1979,0,0
"sl","Franz-Josef Röder","cdu","Kabinett Röder VI",1977,1979,"zentrum",1979,0,0
"bw","Lothar Späth","cdu","Kabinett Späth I",1978,1980,"bdv",1980,0,0
"bw","Lothar Späth","cdu","Kabinett Späth I",1978,1980,"bhe",1980,0,0
"bw","Lothar Späth","cdu","Kabinett Späth I",1978,1980,"bp",1980,0,0
"bw","Lothar Späth","cdu","Kabinett Späth I",1978,1980,"bsw",1980,0,0
"bw","Lothar Späth","cdu","Kabinett Späth I",1978,1980,"cdu",1980,1,1
"bw","Lothar Späth","cdu","Kabinett Späth I",1978,1980,"cvp",1980,0,0
"bw","Lothar Späth","cdu","Kabinett Späth I",1978,1980,"dp",1980,0,0
"bw","Lothar Späth","cdu","Kabinett Späth I",1978,1980,"dps",1980,0,0
"bw","Lothar Späth","cdu","Kabinett Späth I",1978,1980,"fdp",1980,0,0
"bw","Lothar Späth","cdu","Kabinett Späth I",1978,1980,"fw",1980,0,0
"bw","Lothar Späth","cdu","Kabinett Späth I",1978,1980,"gb/bhe",1980,0,0
"bw","Lothar Späth","cdu","Kabinett Späth I",1978,1980,"gru",1980,0,0
"bw","Lothar Späth","cdu","Kabinett Späth I",1978,1980,"kpd",1980,0,0
"bw","Lothar Späth","cdu","Kabinett Späth I",1978,1980,"lin",1980,0,0
"bw","Lothar Späth","cdu","Kabinett Späth I",1978,1980,"lpd",1980,0,0
"bw","Lothar Späth","cdu","Kabinett Späth I",1978,1980,"nlp",1980,0,0
"bw","Lothar Späth","cdu","Kabinett Späth I",1978,1980,"pro",1980,0,0
"bw","Lothar Späth","cdu","Kabinett Späth I",1978,1980,"spd",1980,0,0
"bw","Lothar Späth","cdu","Kabinett Späth I",1978,1980,"sps",1980,0,0
"bw","Lothar Späth","cdu","Kabinett Späth I",1978,1980,"ssw",1980,0,0
"bw","Lothar Späth","cdu","Kabinett Späth I",1978,1980,"statt",1980,0,0
"bw","Lothar Späth","cdu","Kabinett Späth I",1978,1980,"wav",1980,0,0
"bw","Lothar Späth","cdu","Kabinett Späth I",1978,1980,"zentrum",1980,0,0
"by","Franz Josef Strauß","cdu","Kabinett Strauß I",1978,1982,"bdv",1982,0,0
"by","Franz Josef Strauß","cdu","Kabinett Strauß I",1978,1982,"bhe",1982,0,0
"by","Franz Josef Strauß","cdu","Kabinett Strauß I",1978,1982,"bp",1982,0,0
"by","Franz Josef Strauß","cdu","Kabinett Strauß I",1978,1982,"bsw",1982,0,0
"by","Franz Josef Strauß","cdu","Kabinett Strauß I",1978,1982,"cdu",1982,1,1
"by","Franz Josef Strauß","cdu","Kabinett Strauß I",1978,1982,"cvp",1982,0,0
"by","Franz Josef Strauß","cdu","Kabinett Strauß I",1978,1982,"dp",1982,0,0
"by","Franz Josef Strauß","cdu","Kabinett Strauß I",1978,1982,"dps",1982,0,0
"by","Franz Josef Strauß","cdu","Kabinett Strauß I",1978,1982,"fdp",1982,0,0
"by","Franz Josef Strauß","cdu","Kabinett Strauß I",1978,1982,"fw",1982,0,0
"by","Franz Josef Strauß","cdu","Kabinett Strauß I",1978,1982,"gb/bhe",1982,0,0
"by","Franz Josef Strauß","cdu","Kabinett Strauß I",1978,1982,"gru",1982,0,0
"by","Franz Josef Strauß","cdu","Kabinett Strauß I",1978,1982,"kpd",1982,0,0
"by","Franz Josef Strauß","cdu","Kabinett Strauß I",1978,1982,"lin",1982,0,0
"by","Franz Josef Strauß","cdu","Kabinett Strauß I",1978,1982,"lpd",1982,0,0
"by","Franz Josef Strauß","cdu","Kabinett Strauß I",1978,1982,"nlp",1982,0,0
"by","Franz Josef Strauß","cdu","Kabinett Strauß I",1978,1982,"pro",1982,0,0
"by","Franz Josef Strauß","cdu","Kabinett Strauß I",1978,1982,"spd",1982,0,0
"by","Franz Josef Strauß","cdu","Kabinett Strauß I",1978,1982,"sps",1982,0,0
"by","Franz Josef Strauß","cdu","Kabinett Strauß I",1978,1982,"ssw",1982,0,0
"by","Franz Josef Strauß","cdu","Kabinett Strauß I",1978,1982,"statt",1982,0,0
"by","Franz Josef Strauß","cdu","Kabinett Strauß I",1978,1982,"wav",1982,0,0
"by","Franz Josef Strauß","cdu","Kabinett Strauß I",1978,1982,"zentrum",1982,0,0
"he","Holger Börner","spd","Kabinett Börner II",1978,1984,"bdv",1982,0,0
"he","Holger Börner","spd","Kabinett Börner II",1978,1984,"bdv",1983,0,0
"he","Holger Börner","spd","Kabinett Börner II",1978,1984,"bhe",1982,0,0
"he","Holger Börner","spd","Kabinett Börner II",1978,1984,"bhe",1983,0,0
"he","Holger Börner","spd","Kabinett Börner II",1978,1984,"bp",1982,0,0
"he","Holger Börner","spd","Kabinett Börner II",1978,1984,"bp",1983,0,0
"he","Holger Börner","spd","Kabinett Börner II",1978,1984,"bsw",1982,0,0
"he","Holger Börner","spd","Kabinett Börner II",1978,1984,"cdu",1982,0,0
"he","Holger Börner","spd","Kabinett Börner II",1978,1984,"cdu",1983,0,0
"he","Holger Börner","spd","Kabinett Börner II",1978,1984,"cvp",1982,0,0
"he","Holger Börner","spd","Kabinett Börner II",1978,1984,"cvp",1983,0,0
"he","Holger Börner","spd","Kabinett Börner II",1978,1984,"dp",1982,0,0
"he","Holger Börner","spd","Kabinett Börner II",1978,1984,"dp",1983,0,0
"he","Holger Börner","spd","Kabinett Börner II",1978,1984,"dps",1982,0,0
"he","Holger Börner","spd","Kabinett Börner II",1978,1984,"dps",1983,0,0
"he","Holger Börner","spd","Kabinett Börner II",1978,1984,"fdp",1982,1,0
"he","Holger Börner","spd","Kabinett Börner II",1978,1984,"fdp",1983,1,0
"he","Holger Börner","spd","Kabinett Börner II",1978,1984,"fw",1982,0,0
"he","Holger Börner","spd","Kabinett Börner II",1978,1984,"fw",1983,0,0
"he","Holger Börner","spd","Kabinett Börner II",1978,1984,"gb/bhe",1982,0,0
"he","Holger Börner","spd","Kabinett Börner II",1978,1984,"gb/bhe",1983,0,0
"he","Holger Börner","spd","Kabinett Börner II",1978,1984,"gru",1982,0,0
"he","Holger Börner","spd","Kabinett Börner II",1978,1984,"gru",1983,0,0
"he","Holger Börner","spd","Kabinett Börner II",1978,1984,"kpd",1982,0,0
"he","Holger Börner","spd","Kabinett Börner II",1978,1984,"kpd",1983,0,0
"he","Holger Börner","spd","Kabinett Börner II",1978,1984,"lin",1982,0,0
"he","Holger Börner","spd","Kabinett Börner II",1978,1984,"lin",1983,0,0
"he","Holger Börner","spd","Kabinett Börner II",1978,1984,"lpd",1982,0,0
"he","Holger Börner","spd","Kabinett Börner II",1978,1984,"lpd",1983,0,0
"he","Holger Börner","spd","Kabinett Börner II",1978,1984,"nlp",1982,0,0
"he","Holger Börner","spd","Kabinett Börner II",1978,1984,"nlp",1983,0,0
"he","Holger Börner","spd","Kabinett Börner II",1978,1984,"pro",1982,0,0
"he","Holger Börner","spd","Kabinett Börner II",1978,1984,"pro",1983,0,0
"he","Holger Börner","spd","Kabinett Börner II",1978,1984,"spd",1982,1,1
"he","Holger Börner","spd","Kabinett Börner II",1978,1984,"spd",1983,1,1
"he","Holger Börner","spd","Kabinett Börner II",1978,1984,"sps",1982,0,0
"he","Holger Börner","spd","Kabinett Börner II",1978,1984,"sps",1983,0,0
"he","Holger Börner","spd","Kabinett Börner II",1978,1984,"ssw",1982,0,0
"he","Holger Börner","spd","Kabinett Börner II",1978,1984,"ssw",1983,0,0
"he","Holger Börner","spd","Kabinett Börner II",1978,1984,"statt",1982,0,0
"he","Holger Börner","spd","Kabinett Börner II",1978,1984,"statt",1983,0,0
"he","Holger Börner","spd","Kabinett Börner II",1978,1984,"wav",1982,0,0
"he","Holger Börner","spd","Kabinett Börner II",1978,1984,"wav",1983,0,0
"he","Holger Börner","spd","Kabinett Börner II",1978,1984,"zentrum",1982,0,0
"he","Holger Börner","spd","Kabinett Börner II",1978,1984,"zentrum",1983,0,0
"hh","Hans-Ulrich Klose","spd","Kabinett Klose II",1978,1981,"bdv",1981,0,0
"hh","Hans-Ulrich Klose","spd","Kabinett Klose II",1978,1981,"bhe",1981,0,0
"hh","Hans-Ulrich Klose","spd","Kabinett Klose II",1978,1981,"bp",1981,0,0
"hh","Hans-Ulrich Klose","spd","Kabinett Klose II",1978,1981,"bsw",1981,0,0
"hh","Hans-Ulrich Klose","spd","Kabinett Klose II",1978,1981,"cdu",1981,0,0
"hh","Hans-Ulrich Klose","spd","Kabinett Klose II",1978,1981,"cvp",1981,0,0
"hh","Hans-Ulrich Klose","spd","Kabinett Klose II",1978,1981,"dp",1981,0,0
"hh","Hans-Ulrich Klose","spd","Kabinett Klose II",1978,1981,"dps",1981,0,0
"hh","Hans-Ulrich Klose","spd","Kabinett Klose II",1978,1981,"fdp",1981,0,0
"hh","Hans-Ulrich Klose","spd","Kabinett Klose II",1978,1981,"fw",1981,0,0
"hh","Hans-Ulrich Klose","spd","Kabinett Klose II",1978,1981,"gb/bhe",1981,0,0
"hh","Hans-Ulrich Klose","spd","Kabinett Klose II",1978,1981,"gru",1981,0,0
"hh","Hans-Ulrich Klose","spd","Kabinett Klose II",1978,1981,"kpd",1981,0,0
"hh","Hans-Ulrich Klose","spd","Kabinett Klose II",1978,1981,"lin",1981,0,0
"hh","Hans-Ulrich Klose","spd","Kabinett Klose II",1978,1981,"lpd",1981,0,0
"hh","Hans-Ulrich Klose","spd","Kabinett Klose II",1978,1981,"nlp",1981,0,0
"hh","Hans-Ulrich Klose","spd","Kabinett Klose II",1978,1981,"pro",1981,0,0
"hh","Hans-Ulrich Klose","spd","Kabinett Klose II",1978,1981,"spd",1981,1,1
"hh","Hans-Ulrich Klose","spd","Kabinett Klose II",1978,1981,"sps",1981,0,0
"hh","Hans-Ulrich Klose","spd","Kabinett Klose II",1978,1981,"ssw",1981,0,0
"hh","Hans-Ulrich Klose","spd","Kabinett Klose II",1978,1981,"statt",1981,0,0
"hh","Hans-Ulrich Klose","spd","Kabinett Klose II",1978,1981,"wav",1981,0,0
"hh","Hans-Ulrich Klose","spd","Kabinett Klose II",1978,1981,"zentrum",1981,0,0
"ni","Ernst Albrecht","cdu","Albrecht III",1978,1982,"bdv",1982,0,0
"ni","Ernst Albrecht","cdu","Albrecht III",1978,1982,"bhe",1982,0,0
"ni","Ernst Albrecht","cdu","Albrecht III",1978,1982,"bp",1982,0,0
"ni","Ernst Albrecht","cdu","Albrecht III",1978,1982,"bsw",1982,0,0
"ni","Ernst Albrecht","cdu","Albrecht III",1978,1982,"cdu",1982,1,1
"ni","Ernst Albrecht","cdu","Albrecht III",1978,1982,"cvp",1982,0,0
"ni","Ernst Albrecht","cdu","Albrecht III",1978,1982,"dp",1982,0,0
"ni","Ernst Albrecht","cdu","Albrecht III",1978,1982,"dps",1982,0,0
"ni","Ernst Albrecht","cdu","Albrecht III",1978,1982,"fdp",1982,0,0
"ni","Ernst Albrecht","cdu","Albrecht III",1978,1982,"fw",1982,0,0
"ni","Ernst Albrecht","cdu","Albrecht III",1978,1982,"gb/bhe",1982,0,0
"ni","Ernst Albrecht","cdu","Albrecht III",1978,1982,"gru",1982,0,0
"ni","Ernst Albrecht","cdu","Albrecht III",1978,1982,"kpd",1982,0,0
"ni","Ernst Albrecht","cdu","Albrecht III",1978,1982,"lin",1982,0,0
"ni","Ernst Albrecht","cdu","Albrecht III",1978,1982,"lpd",1982,0,0
"ni","Ernst Albrecht","cdu","Albrecht III",1978,1982,"nlp",1982,0,0
"ni","Ernst Albrecht","cdu","Albrecht III",1978,1982,"pro",1982,0,0
"ni","Ernst Albrecht","cdu","Albrecht III",1978,1982,"spd",1982,0,0
"ni","Ernst Albrecht","cdu","Albrecht III",1978,1982,"sps",1982,0,0
"ni","Ernst Albrecht","cdu","Albrecht III",1978,1982,"ssw",1982,0,0
"ni","Ernst Albrecht","cdu","Albrecht III",1978,1982,"statt",1982,0,0
"ni","Ernst Albrecht","cdu","Albrecht III",1978,1982,"wav",1982,0,0
"ni","Ernst Albrecht","cdu","Albrecht III",1978,1982,"zentrum",1982,0,0
"nw","Johannes Rau","spd","Kabinett Rau I",1978,1980,"bdv",1980,0,0
"nw","Johannes Rau","spd","Kabinett Rau I",1978,1980,"bhe",1980,0,0
"nw","Johannes Rau","spd","Kabinett Rau I",1978,1980,"bp",1980,0,0
"nw","Johannes Rau","spd","Kabinett Rau I",1978,1980,"bsw",1980,0,0
"nw","Johannes Rau","spd","Kabinett Rau I",1978,1980,"cdu",1980,0,0
"nw","Johannes Rau","spd","Kabinett Rau I",1978,1980,"cvp",1980,0,0
"nw","Johannes Rau","spd","Kabinett Rau I",1978,1980,"dp",1980,0,0
"nw","Johannes Rau","spd","Kabinett Rau I",1978,1980,"dps",1980,0,0
"nw","Johannes Rau","spd","Kabinett Rau I",1978,1980,"fdp",1980,1,0
"nw","Johannes Rau","spd","Kabinett Rau I",1978,1980,"fw",1980,0,0
"nw","Johannes Rau","spd","Kabinett Rau I",1978,1980,"gb/bhe",1980,0,0
"nw","Johannes Rau","spd","Kabinett Rau I",1978,1980,"gru",1980,0,0
"nw","Johannes Rau","spd","Kabinett Rau I",1978,1980,"kpd",1980,0,0
"nw","Johannes Rau","spd","Kabinett Rau I",1978,1980,"lin",1980,0,0
"nw","Johannes Rau","spd","Kabinett Rau I",1978,1980,"lpd",1980,0,0
"nw","Johannes Rau","spd","Kabinett Rau I",1978,1980,"nlp",1980,0,0
"nw","Johannes Rau","spd","Kabinett Rau I",1978,1980,"pro",1980,0,0
"nw","Johannes Rau","spd","Kabinett Rau I",1978,1980,"spd",1980,1,1
"nw","Johannes Rau","spd","Kabinett Rau I",1978,1980,"sps",1980,0,0
"nw","Johannes Rau","spd","Kabinett Rau I",1978,1980,"ssw",1980,0,0
"nw","Johannes Rau","spd","Kabinett Rau I",1978,1980,"statt",1980,0,0
"nw","Johannes Rau","spd","Kabinett Rau I",1978,1980,"wav",1980,0,0
"nw","Johannes Rau","spd","Kabinett Rau I",1978,1980,"zentrum",1980,0,0
"hb","Hans Koschnick","spd","Koschnick IV",1979,1983,"bdv",1983,0,0
"hb","Hans Koschnick","spd","Koschnick IV",1979,1983,"bhe",1983,0,0
"hb","Hans Koschnick","spd","Koschnick IV",1979,1983,"bp",1983,0,0
"hb","Hans Koschnick","spd","Koschnick IV",1979,1983,"bsw",1983,0,0
"hb","Hans Koschnick","spd","Koschnick IV",1979,1983,"cdu",1983,0,0
"hb","Hans Koschnick","spd","Koschnick IV",1979,1983,"cvp",1983,0,0
"hb","Hans Koschnick","spd","Koschnick IV",1979,1983,"dp",1983,0,0
"hb","Hans Koschnick","spd","Koschnick IV",1979,1983,"dps",1983,0,0
"hb","Hans Koschnick","spd","Koschnick IV",1979,1983,"fdp",1983,0,0
"hb","Hans Koschnick","spd","Koschnick IV",1979,1983,"fw",1983,0,0
"hb","Hans Koschnick","spd","Koschnick IV",1979,1983,"gb/bhe",1983,0,0
"hb","Hans Koschnick","spd","Koschnick IV",1979,1983,"gru",1983,0,0
"hb","Hans Koschnick","spd","Koschnick IV",1979,1983,"kpd",1983,0,0
"hb","Hans Koschnick","spd","Koschnick IV",1979,1983,"lin",1983,0,0
"hb","Hans Koschnick","spd","Koschnick IV",1979,1983,"lpd",1983,0,0
"hb","Hans Koschnick","spd","Koschnick IV",1979,1983,"nlp",1983,0,0
"hb","Hans Koschnick","spd","Koschnick IV",1979,1983,"pro",1983,0,0
"hb","Hans Koschnick","spd","Koschnick IV",1979,1983,"spd",1983,1,1
"hb","Hans Koschnick","spd","Koschnick IV",1979,1983,"sps",1983,0,0
"hb","Hans Koschnick","spd","Koschnick IV",1979,1983,"ssw",1983,0,0
"hb","Hans Koschnick","spd","Koschnick IV",1979,1983,"statt",1983,0,0
"hb","Hans Koschnick","spd","Koschnick IV",1979,1983,"wav",1983,0,0
"hb","Hans Koschnick","spd","Koschnick IV",1979,1983,"zentrum",1983,0,0
"rp","Bernhard Vogel","cdu","Vogel II",1979,1983,"bdv",1983,0,0
"rp","Bernhard Vogel","cdu","Vogel II",1979,1983,"bhe",1983,0,0
"rp","Bernhard Vogel","cdu","Vogel II",1979,1983,"bp",1983,0,0
"rp","Bernhard Vogel","cdu","Vogel II",1979,1983,"bsw",1983,0,0
"rp","Bernhard Vogel","cdu","Vogel II",1979,1983,"cdu",1983,1,1
"rp","Bernhard Vogel","cdu","Vogel II",1979,1983,"cvp",1983,0,0
"rp","Bernhard Vogel","cdu","Vogel II",1979,1983,"dp",1983,0,0
"rp","Bernhard Vogel","cdu","Vogel II",1979,1983,"dps",1983,0,0
"rp","Bernhard Vogel","cdu","Vogel II",1979,1983,"fdp",1983,0,0
"rp","Bernhard Vogel","cdu","Vogel II",1979,1983,"fw",1983,0,0
"rp","Bernhard Vogel","cdu","Vogel II",1979,1983,"gb/bhe",1983,0,0
"rp","Bernhard Vogel","cdu","Vogel II",1979,1983,"gru",1983,0,0
"rp","Bernhard Vogel","cdu","Vogel II",1979,1983,"kpd",1983,0,0
"rp","Bernhard Vogel","cdu","Vogel II",1979,1983,"lin",1983,0,0
"rp","Bernhard Vogel","cdu","Vogel II",1979,1983,"lpd",1983,0,0
"rp","Bernhard Vogel","cdu","Vogel II",1979,1983,"nlp",1983,0,0
"rp","Bernhard Vogel","cdu","Vogel II",1979,1983,"pro",1983,0,0
"rp","Bernhard Vogel","cdu","Vogel II",1979,1983,"spd",1983,0,0
"rp","Bernhard Vogel","cdu","Vogel II",1979,1983,"sps",1983,0,0
"rp","Bernhard Vogel","cdu","Vogel II",1979,1983,"ssw",1983,0,0
"rp","Bernhard Vogel","cdu","Vogel II",1979,1983,"statt",1983,0,0
"rp","Bernhard Vogel","cdu","Vogel II",1979,1983,"wav",1983,0,0
"rp","Bernhard Vogel","cdu","Vogel II",1979,1983,"zentrum",1983,0,0
"sh","Gerhard Stoltenberg","cdu","Kabinett Stoltenberg III",1979,1982,"bdv",1982,0,0
"sh","Gerhard Stoltenberg","cdu","Kabinett Stoltenberg III",1979,1982,"bhe",1982,0,0
"sh","Gerhard Stoltenberg","cdu","Kabinett Stoltenberg III",1979,1982,"bp",1982,0,0
"sh","Gerhard Stoltenberg","cdu","Kabinett Stoltenberg III",1979,1982,"bsw",1982,0,0
"sh","Gerhard Stoltenberg","cdu","Kabinett Stoltenberg III",1979,1982,"cdu",1982,1,1
"sh","Gerhard Stoltenberg","cdu","Kabinett Stoltenberg III",1979,1982,"cvp",1982,0,0
"sh","Gerhard Stoltenberg","cdu","Kabinett Stoltenberg III",1979,1982,"dp",1982,0,0
"sh","Gerhard Stoltenberg","cdu","Kabinett Stoltenberg III",1979,1982,"dps",1982,0,0
"sh","Gerhard Stoltenberg","cdu","Kabinett Stoltenberg III",1979,1982,"fdp",1982,0,0
"sh","Gerhard Stoltenberg","cdu","Kabinett Stoltenberg III",1979,1982,"fw",1982,0,0
"sh","Gerhard Stoltenberg","cdu","Kabinett Stoltenberg III",1979,1982,"gb/bhe",1982,0,0
"sh","Gerhard Stoltenberg","cdu","Kabinett Stoltenberg III",1979,1982,"gru",1982,0,0
"sh","Gerhard Stoltenberg","cdu","Kabinett Stoltenberg III",1979,1982,"kpd",1982,0,0
"sh","Gerhard Stoltenberg","cdu","Kabinett Stoltenberg III",1979,1982,"lin",1982,0,0
"sh","Gerhard Stoltenberg","cdu","Kabinett Stoltenberg III",1979,1982,"lpd",1982,0,0
"sh","Gerhard Stoltenberg","cdu","Kabinett Stoltenberg III",1979,1982,"nlp",1982,0,0
"sh","Gerhard Stoltenberg","cdu","Kabinett Stoltenberg III",1979,1982,"pro",1982,0,0
"sh","Gerhard Stoltenberg","cdu","Kabinett Stoltenberg III",1979,1982,"spd",1982,0,0
"sh","Gerhard Stoltenberg","cdu","Kabinett Stoltenberg III",1979,1982,"sps",1982,0,0
"sh","Gerhard Stoltenberg","cdu","Kabinett Stoltenberg III",1979,1982,"ssw",1982,0,0
"sh","Gerhard Stoltenberg","cdu","Kabinett Stoltenberg III",1979,1982,"statt",1982,0,0
"sh","Gerhard Stoltenberg","cdu","Kabinett Stoltenberg III",1979,1982,"wav",1982,0,0
"sh","Gerhard Stoltenberg","cdu","Kabinett Stoltenberg III",1979,1982,"zentrum",1982,0,0
"sl","Werner Zeyer","cdu","Kabinett Zeyer I",1979,1980,"bdv",1980,0,0
"sl","Werner Zeyer","cdu","Kabinett Zeyer I",1979,1980,"bhe",1980,0,0
"sl","Werner Zeyer","cdu","Kabinett Zeyer I",1979,1980,"bp",1980,0,0
"sl","Werner Zeyer","cdu","Kabinett Zeyer I",1979,1980,"bsw",1980,0,0
"sl","Werner Zeyer","cdu","Kabinett Zeyer I",1979,1980,"cdu",1980,1,1
"sl","Werner Zeyer","cdu","Kabinett Zeyer I",1979,1980,"cvp",1980,0,0
"sl","Werner Zeyer","cdu","Kabinett Zeyer I",1979,1980,"dp",1980,0,0
"sl","Werner Zeyer","cdu","Kabinett Zeyer I",1979,1980,"dps",1980,0,0
"sl","Werner Zeyer","cdu","Kabinett Zeyer I",1979,1980,"fdp",1980,0,0
"sl","Werner Zeyer","cdu","Kabinett Zeyer I",1979,1980,"fw",1980,0,0
"sl","Werner Zeyer","cdu","Kabinett Zeyer I",1979,1980,"gb/bhe",1980,0,0
"sl","Werner Zeyer","cdu","Kabinett Zeyer I",1979,1980,"gru",1980,0,0
"sl","Werner Zeyer","cdu","Kabinett Zeyer I",1979,1980,"kpd",1980,0,0
"sl","Werner Zeyer","cdu","Kabinett Zeyer I",1979,1980,"lin",1980,0,0
"sl","Werner Zeyer","cdu","Kabinett Zeyer I",1979,1980,"lpd",1980,0,0
"sl","Werner Zeyer","cdu","Kabinett Zeyer I",1979,1980,"nlp",1980,0,0
"sl","Werner Zeyer","cdu","Kabinett Zeyer I",1979,1980,"pro",1980,0,0
"sl","Werner Zeyer","cdu","Kabinett Zeyer I",1979,1980,"spd",1980,0,0
"sl","Werner Zeyer","cdu","Kabinett Zeyer I",1979,1980,"sps",1980,0,0
"sl","Werner Zeyer","cdu","Kabinett Zeyer I",1979,1980,"ssw",1980,0,0
"sl","Werner Zeyer","cdu","Kabinett Zeyer I",1979,1980,"statt",1980,0,0
"sl","Werner Zeyer","cdu","Kabinett Zeyer I",1979,1980,"wav",1980,0,0
"sl","Werner Zeyer","cdu","Kabinett Zeyer I",1979,1980,"zentrum",1980,0,0
"bw","Lothar Späth","cdu","Kabinett Späth II",1980,1984,"bdv",1984,0,0
"bw","Lothar Späth","cdu","Kabinett Späth II",1980,1984,"bhe",1984,0,0
"bw","Lothar Späth","cdu","Kabinett Späth II",1980,1984,"bp",1984,0,0
"bw","Lothar Späth","cdu","Kabinett Späth II",1980,1984,"bsw",1984,0,0
"bw","Lothar Späth","cdu","Kabinett Späth II",1980,1984,"cdu",1984,1,1
"bw","Lothar Späth","cdu","Kabinett Späth II",1980,1984,"cvp",1984,0,0
"bw","Lothar Späth","cdu","Kabinett Späth II",1980,1984,"dp",1984,0,0
"bw","Lothar Späth","cdu","Kabinett Späth II",1980,1984,"dps",1984,0,0
"bw","Lothar Späth","cdu","Kabinett Späth II",1980,1984,"fdp",1984,0,0
"bw","Lothar Späth","cdu","Kabinett Späth II",1980,1984,"fw",1984,0,0
"bw","Lothar Späth","cdu","Kabinett Späth II",1980,1984,"gb/bhe",1984,0,0
"bw","Lothar Späth","cdu","Kabinett Späth II",1980,1984,"gru",1984,0,0
"bw","Lothar Späth","cdu","Kabinett Späth II",1980,1984,"kpd",1984,0,0
"bw","Lothar Späth","cdu","Kabinett Späth II",1980,1984,"lin",1984,0,0
"bw","Lothar Späth","cdu","Kabinett Späth II",1980,1984,"lpd",1984,0,0
"bw","Lothar Späth","cdu","Kabinett Späth II",1980,1984,"nlp",1984,0,0
"bw","Lothar Späth","cdu","Kabinett Späth II",1980,1984,"pro",1984,0,0
"bw","Lothar Späth","cdu","Kabinett Späth II",1980,1984,"spd",1984,0,0
"bw","Lothar Späth","cdu","Kabinett Späth II",1980,1984,"sps",1984,0,0
"bw","Lothar Späth","cdu","Kabinett Späth II",1980,1984,"ssw",1984,0,0
"bw","Lothar Späth","cdu","Kabinett Späth II",1980,1984,"statt",1984,0,0
"bw","Lothar Späth","cdu","Kabinett Späth II",1980,1984,"wav",1984,0,0
"bw","Lothar Späth","cdu","Kabinett Späth II",1980,1984,"zentrum",1984,0,0
"nw","Johannes Rau","spd","Kabinett Rau II",1980,1985,"bdv",1985,0,0
"nw","Johannes Rau","spd","Kabinett Rau II",1980,1985,"bhe",1985,0,0
"nw","Johannes Rau","spd","Kabinett Rau II",1980,1985,"bp",1985,0,0
"nw","Johannes Rau","spd","Kabinett Rau II",1980,1985,"bsw",1985,0,0
"nw","Johannes Rau","spd","Kabinett Rau II",1980,1985,"cdu",1985,0,0
"nw","Johannes Rau","spd","Kabinett Rau II",1980,1985,"cvp",1985,0,0
"nw","Johannes Rau","spd","Kabinett Rau II",1980,1985,"dp",1985,0,0
"nw","Johannes Rau","spd","Kabinett Rau II",1980,1985,"dps",1985,0,0
"nw","Johannes Rau","spd","Kabinett Rau II",1980,1985,"fdp",1985,0,0
"nw","Johannes Rau","spd","Kabinett Rau II",1980,1985,"fw",1985,0,0
"nw","Johannes Rau","spd","Kabinett Rau II",1980,1985,"gb/bhe",1985,0,0
"nw","Johannes Rau","spd","Kabinett Rau II",1980,1985,"gru",1985,0,0
"nw","Johannes Rau","spd","Kabinett Rau II",1980,1985,"kpd",1985,0,0
"nw","Johannes Rau","spd","Kabinett Rau II",1980,1985,"lin",1985,0,0
"nw","Johannes Rau","spd","Kabinett Rau II",1980,1985,"lpd",1985,0,0
"nw","Johannes Rau","spd","Kabinett Rau II",1980,1985,"nlp",1985,0,0
"nw","Johannes Rau","spd","Kabinett Rau II",1980,1985,"pro",1985,0,0
"nw","Johannes Rau","spd","Kabinett Rau II",1980,1985,"spd",1985,1,1
"nw","Johannes Rau","spd","Kabinett Rau II",1980,1985,"sps",1985,0,0
"nw","Johannes Rau","spd","Kabinett Rau II",1980,1985,"ssw",1985,0,0
"nw","Johannes Rau","spd","Kabinett Rau II",1980,1985,"statt",1985,0,0
"nw","Johannes Rau","spd","Kabinett Rau II",1980,1985,"wav",1985,0,0
"nw","Johannes Rau","spd","Kabinett Rau II",1980,1985,"zentrum",1985,0,0
"sl","Werner Zeyer","cdu","Kabinett Zeyer II",1980,1984,"bdv",1984,0,0
"sl","Werner Zeyer","cdu","Kabinett Zeyer II",1980,1984,"bhe",1984,0,0
"sl","Werner Zeyer","cdu","Kabinett Zeyer II",1980,1984,"bp",1984,0,0
"sl","Werner Zeyer","cdu","Kabinett Zeyer II",1980,1984,"bsw",1984,0,0
"sl","Werner Zeyer","cdu","Kabinett Zeyer II",1980,1984,"cdu",1984,1,1
"sl","Werner Zeyer","cdu","Kabinett Zeyer II",1980,1984,"cvp",1984,0,0
"sl","Werner Zeyer","cdu","Kabinett Zeyer II",1980,1984,"dp",1984,0,0
"sl","Werner Zeyer","cdu","Kabinett Zeyer II",1980,1984,"dps",1984,0,0
"sl","Werner Zeyer","cdu","Kabinett Zeyer II",1980,1984,"fdp",1984,0,0
"sl","Werner Zeyer","cdu","Kabinett Zeyer II",1980,1984,"fw",1984,0,0
"sl","Werner Zeyer","cdu","Kabinett Zeyer II",1980,1984,"gb/bhe",1984,0,0
"sl","Werner Zeyer","cdu","Kabinett Zeyer II",1980,1984,"gru",1984,0,0
"sl","Werner Zeyer","cdu","Kabinett Zeyer II",1980,1984,"kpd",1984,0,0
"sl","Werner Zeyer","cdu","Kabinett Zeyer II",1980,1984,"lin",1984,0,0
"sl","Werner Zeyer","cdu","Kabinett Zeyer II",1980,1984,"lpd",1984,0,0
"sl","Werner Zeyer","cdu","Kabinett Zeyer II",1980,1984,"nlp",1984,0,0
"sl","Werner Zeyer","cdu","Kabinett Zeyer II",1980,1984,"pro",1984,0,0
"sl","Werner Zeyer","cdu","Kabinett Zeyer II",1980,1984,"spd",1984,0,0
"sl","Werner Zeyer","cdu","Kabinett Zeyer II",1980,1984,"sps",1984,0,0
"sl","Werner Zeyer","cdu","Kabinett Zeyer II",1980,1984,"ssw",1984,0,0
"sl","Werner Zeyer","cdu","Kabinett Zeyer II",1980,1984,"statt",1984,0,0
"sl","Werner Zeyer","cdu","Kabinett Zeyer II",1980,1984,"wav",1984,0,0
"sl","Werner Zeyer","cdu","Kabinett Zeyer II",1980,1984,"zentrum",1984,0,0
"hh","Klaus von Dohnanyi","spd","Kabinett von Dohnanyi I",1981,1983,"bdv",1982,0,0
"hh","Klaus von Dohnanyi","spd","Kabinett von Dohnanyi I",1981,1983,"bhe",1982,0,0
"hh","Klaus von Dohnanyi","spd","Kabinett von Dohnanyi I",1981,1983,"bp",1982,0,0
"hh","Klaus von Dohnanyi","spd","Kabinett von Dohnanyi I",1981,1983,"bsw",1982,0,0
"hh","Klaus von Dohnanyi","spd","Kabinett von Dohnanyi I",1981,1983,"cdu",1982,0,0
"hh","Klaus von Dohnanyi","spd","Kabinett von Dohnanyi I",1981,1983,"cvp",1982,0,0
"hh","Klaus von Dohnanyi","spd","Kabinett von Dohnanyi I",1981,1983,"dp",1982,0,0
"hh","Klaus von Dohnanyi","spd","Kabinett von Dohnanyi I",1981,1983,"dps",1982,0,0
"hh","Klaus von Dohnanyi","spd","Kabinett von Dohnanyi I",1981,1983,"fdp",1982,0,0
"hh","Klaus von Dohnanyi","spd","Kabinett von Dohnanyi I",1981,1983,"fw",1982,0,0
"hh","Klaus von Dohnanyi","spd","Kabinett von Dohnanyi I",1981,1983,"gb/bhe",1982,0,0
"hh","Klaus von Dohnanyi","spd","Kabinett von Dohnanyi I",1981,1983,"gru",1982,0,0
"hh","Klaus von Dohnanyi","spd","Kabinett von Dohnanyi I",1981,1983,"kpd",1982,0,0
"hh","Klaus von Dohnanyi","spd","Kabinett von Dohnanyi I",1981,1983,"lin",1982,0,0
"hh","Klaus von Dohnanyi","spd","Kabinett von Dohnanyi I",1981,1983,"lpd",1982,0,0
"hh","Klaus von Dohnanyi","spd","Kabinett von Dohnanyi I",1981,1983,"nlp",1982,0,0
"hh","Klaus von Dohnanyi","spd","Kabinett von Dohnanyi I",1981,1983,"pro",1982,0,0
"hh","Klaus von Dohnanyi","spd","Kabinett von Dohnanyi I",1981,1983,"spd",1982,1,1
"hh","Klaus von Dohnanyi","spd","Kabinett von Dohnanyi I",1981,1983,"sps",1982,0,0
"hh","Klaus von Dohnanyi","spd","Kabinett von Dohnanyi I",1981,1983,"ssw",1982,0,0
"hh","Klaus von Dohnanyi","spd","Kabinett von Dohnanyi I",1981,1983,"statt",1982,0,0
"hh","Klaus von Dohnanyi","spd","Kabinett von Dohnanyi I",1981,1983,"wav",1982,0,0
"hh","Klaus von Dohnanyi","spd","Kabinett von Dohnanyi I",1981,1983,"zentrum",1982,0,0
"by","Franz Josef Strauß","cdu","Kabinett Strauß II",1982,1986,"bdv",1986,0,0
"by","Franz Josef Strauß","cdu","Kabinett Strauß II",1982,1986,"bhe",1986,0,0
"by","Franz Josef Strauß","cdu","Kabinett Strauß II",1982,1986,"bp",1986,0,0
"by","Franz Josef Strauß","cdu","Kabinett Strauß II",1982,1986,"bsw",1986,0,0
"by","Franz Josef Strauß","cdu","Kabinett Strauß II",1982,1986,"cdu",1986,1,1
"by","Franz Josef Strauß","cdu","Kabinett Strauß II",1982,1986,"cvp",1986,0,0
"by","Franz Josef Strauß","cdu","Kabinett Strauß II",1982,1986,"dp",1986,0,0
"by","Franz Josef Strauß","cdu","Kabinett Strauß II",1982,1986,"dps",1986,0,0
"by","Franz Josef Strauß","cdu","Kabinett Strauß II",1982,1986,"fdp",1986,0,0
"by","Franz Josef Strauß","cdu","Kabinett Strauß II",1982,1986,"fw",1986,0,0
"by","Franz Josef Strauß","cdu","Kabinett Strauß II",1982,1986,"gb/bhe",1986,0,0
"by","Franz Josef Strauß","cdu","Kabinett Strauß II",1982,1986,"gru",1986,0,0
"by","Franz Josef Strauß","cdu","Kabinett Strauß II",1982,1986,"kpd",1986,0,0
"by","Franz Josef Strauß","cdu","Kabinett Strauß II",1982,1986,"lin",1986,0,0
"by","Franz Josef Strauß","cdu","Kabinett Strauß II",1982,1986,"lpd",1986,0,0
"by","Franz Josef Strauß","cdu","Kabinett Strauß II",1982,1986,"nlp",1986,0,0
"by","Franz Josef Strauß","cdu","Kabinett Strauß II",1982,1986,"pro",1986,0,0
"by","Franz Josef Strauß","cdu","Kabinett Strauß II",1982,1986,"spd",1986,0,0
"by","Franz Josef Strauß","cdu","Kabinett Strauß II",1982,1986,"sps",1986,0,0
"by","Franz Josef Strauß","cdu","Kabinett Strauß II",1982,1986,"ssw",1986,0,0
"by","Franz Josef Strauß","cdu","Kabinett Strauß II",1982,1986,"statt",1986,0,0
"by","Franz Josef Strauß","cdu","Kabinett Strauß II",1982,1986,"wav",1986,0,0
"by","Franz Josef Strauß","cdu","Kabinett Strauß II",1982,1986,"zentrum",1986,0,0
"ni","Ernst Albrecht","cdu","Albrecht IV",1982,1986,"bdv",1986,0,0
"ni","Ernst Albrecht","cdu","Albrecht IV",1982,1986,"bhe",1986,0,0
"ni","Ernst Albrecht","cdu","Albrecht IV",1982,1986,"bp",1986,0,0
"ni","Ernst Albrecht","cdu","Albrecht IV",1982,1986,"bsw",1986,0,0
"ni","Ernst Albrecht","cdu","Albrecht IV",1982,1986,"cdu",1986,1,1
"ni","Ernst Albrecht","cdu","Albrecht IV",1982,1986,"cvp",1986,0,0
"ni","Ernst Albrecht","cdu","Albrecht IV",1982,1986,"dp",1986,0,0
"ni","Ernst Albrecht","cdu","Albrecht IV",1982,1986,"dps",1986,0,0
"ni","Ernst Albrecht","cdu","Albrecht IV",1982,1986,"fdp",1986,0,0
"ni","Ernst Albrecht","cdu","Albrecht IV",1982,1986,"fw",1986,0,0
"ni","Ernst Albrecht","cdu","Albrecht IV",1982,1986,"gb/bhe",1986,0,0
"ni","Ernst Albrecht","cdu","Albrecht IV",1982,1986,"gru",1986,0,0
"ni","Ernst Albrecht","cdu","Albrecht IV",1982,1986,"kpd",1986,0,0
"ni","Ernst Albrecht","cdu","Albrecht IV",1982,1986,"lin",1986,0,0
"ni","Ernst Albrecht","cdu","Albrecht IV",1982,1986,"lpd",1986,0,0
"ni","Ernst Albrecht","cdu","Albrecht IV",1982,1986,"nlp",1986,0,0
"ni","Ernst Albrecht","cdu","Albrecht IV",1982,1986,"pro",1986,0,0
"ni","Ernst Albrecht","cdu","Albrecht IV",1982,1986,"spd",1986,0,0
"ni","Ernst Albrecht","cdu","Albrecht IV",1982,1986,"sps",1986,0,0
"ni","Ernst Albrecht","cdu","Albrecht IV",1982,1986,"ssw",1986,0,0
"ni","Ernst Albrecht","cdu","Albrecht IV",1982,1986,"statt",1986,0,0
"ni","Ernst Albrecht","cdu","Albrecht IV",1982,1986,"wav",1986,0,0
"ni","Ernst Albrecht","cdu","Albrecht IV",1982,1986,"zentrum",1986,0,0
"sh","Uwe Barschel (CDU)","cdu","Kabinett Barschel I",1982,1983,"bdv",1983,0,0
"sh","Uwe Barschel (CDU)","cdu","Kabinett Barschel I",1982,1983,"bhe",1983,0,0
"sh","Uwe Barschel (CDU)","cdu","Kabinett Barschel I",1982,1983,"bp",1983,0,0
"sh","Uwe Barschel (CDU)","cdu","Kabinett Barschel I",1982,1983,"bsw",1983,0,0
"sh","Uwe Barschel (CDU)","cdu","Kabinett Barschel I",1982,1983,"cdu",1983,1,1
"sh","Uwe Barschel (CDU)","cdu","Kabinett Barschel I",1982,1983,"cvp",1983,0,0
"sh","Uwe Barschel (CDU)","cdu","Kabinett Barschel I",1982,1983,"dp",1983,0,0
"sh","Uwe Barschel (CDU)","cdu","Kabinett Barschel I",1982,1983,"dps",1983,0,0
"sh","Uwe Barschel (CDU)","cdu","Kabinett Barschel I",1982,1983,"fdp",1983,0,0
"sh","Uwe Barschel (CDU)","cdu","Kabinett Barschel I",1982,1983,"fw",1983,0,0
"sh","Uwe Barschel (CDU)","cdu","Kabinett Barschel I",1982,1983,"gb/bhe",1983,0,0
"sh","Uwe Barschel (CDU)","cdu","Kabinett Barschel I",1982,1983,"gru",1983,0,0
"sh","Uwe Barschel (CDU)","cdu","Kabinett Barschel I",1982,1983,"kpd",1983,0,0
"sh","Uwe Barschel (CDU)","cdu","Kabinett Barschel I",1982,1983,"lin",1983,0,0
"sh","Uwe Barschel (CDU)","cdu","Kabinett Barschel I",1982,1983,"lpd",1983,0,0
"sh","Uwe Barschel (CDU)","cdu","Kabinett Barschel I",1982,1983,"nlp",1983,0,0
"sh","Uwe Barschel (CDU)","cdu","Kabinett Barschel I",1982,1983,"pro",1983,0,0
"sh","Uwe Barschel (CDU)","cdu","Kabinett Barschel I",1982,1983,"spd",1983,0,0
"sh","Uwe Barschel (CDU)","cdu","Kabinett Barschel I",1982,1983,"sps",1983,0,0
"sh","Uwe Barschel (CDU)","cdu","Kabinett Barschel I",1982,1983,"ssw",1983,0,0
"sh","Uwe Barschel (CDU)","cdu","Kabinett Barschel I",1982,1983,"statt",1983,0,0
"sh","Uwe Barschel (CDU)","cdu","Kabinett Barschel I",1982,1983,"wav",1983,0,0
"sh","Uwe Barschel (CDU)","cdu","Kabinett Barschel I",1982,1983,"zentrum",1983,0,0
"hb","Hans Koschnick","spd","Koschnick V",1983,1985,"bdv",1985,0,0
"hb","Hans Koschnick","spd","Koschnick V",1983,1985,"bhe",1985,0,0
"hb","Hans Koschnick","spd","Koschnick V",1983,1985,"bp",1985,0,0
"hb","Hans Koschnick","spd","Koschnick V",1983,1985,"bsw",1985,0,0
"hb","Hans Koschnick","spd","Koschnick V",1983,1985,"cdu",1985,0,0
"hb","Hans Koschnick","spd","Koschnick V",1983,1985,"cvp",1985,0,0
"hb","Hans Koschnick","spd","Koschnick V",1983,1985,"dp",1985,0,0
"hb","Hans Koschnick","spd","Koschnick V",1983,1985,"dps",1985,0,0
"hb","Hans Koschnick","spd","Koschnick V",1983,1985,"fdp",1985,0,0
"hb","Hans Koschnick","spd","Koschnick V",1983,1985,"fw",1985,0,0
"hb","Hans Koschnick","spd","Koschnick V",1983,1985,"gb/bhe",1985,0,0
"hb","Hans Koschnick","spd","Koschnick V",1983,1985,"gru",1985,0,0
"hb","Hans Koschnick","spd","Koschnick V",1983,1985,"kpd",1985,0,0
"hb","Hans Koschnick","spd","Koschnick V",1983,1985,"lin",1985,0,0
"hb","Hans Koschnick","spd","Koschnick V",1983,1985,"lpd",1985,0,0
"hb","Hans Koschnick","spd","Koschnick V",1983,1985,"nlp",1985,0,0
"hb","Hans Koschnick","spd","Koschnick V",1983,1985,"pro",1985,0,0
"hb","Hans Koschnick","spd","Koschnick V",1983,1985,"spd",1985,1,1
"hb","Hans Koschnick","spd","Koschnick V",1983,1985,"sps",1985,0,0
"hb","Hans Koschnick","spd","Koschnick V",1983,1985,"ssw",1985,0,0
"hb","Hans Koschnick","spd","Koschnick V",1983,1985,"statt",1985,0,0
"hb","Hans Koschnick","spd","Koschnick V",1983,1985,"wav",1985,0,0
"hb","Hans Koschnick","spd","Koschnick V",1983,1985,"zentrum",1985,0,0
"rp","Bernhard Vogel","cdu","Vogel III",1983,1987,"bdv",1987,0,0
"rp","Bernhard Vogel","cdu","Vogel III",1983,1987,"bhe",1987,0,0
"rp","Bernhard Vogel","cdu","Vogel III",1983,1987,"bp",1987,0,0
"rp","Bernhard Vogel","cdu","Vogel III",1983,1987,"bsw",1987,0,0
"rp","Bernhard Vogel","cdu","Vogel III",1983,1987,"cdu",1987,1,1
"rp","Bernhard Vogel","cdu","Vogel III",1983,1987,"cvp",1987,0,0
"rp","Bernhard Vogel","cdu","Vogel III",1983,1987,"dp",1987,0,0
"rp","Bernhard Vogel","cdu","Vogel III",1983,1987,"dps",1987,0,0
"rp","Bernhard Vogel","cdu","Vogel III",1983,1987,"fdp",1987,0,0
"rp","Bernhard Vogel","cdu","Vogel III",1983,1987,"fw",1987,0,0
"rp","Bernhard Vogel","cdu","Vogel III",1983,1987,"gb/bhe",1987,0,0
"rp","Bernhard Vogel","cdu","Vogel III",1983,1987,"gru",1987,0,0
"rp","Bernhard Vogel","cdu","Vogel III",1983,1987,"kpd",1987,0,0
"rp","Bernhard Vogel","cdu","Vogel III",1983,1987,"lin",1987,0,0
"rp","Bernhard Vogel","cdu","Vogel III",1983,1987,"lpd",1987,0,0
"rp","Bernhard Vogel","cdu","Vogel III",1983,1987,"nlp",1987,0,0
"rp","Bernhard Vogel","cdu","Vogel III",1983,1987,"pro",1987,0,0
"rp","Bernhard Vogel","cdu","Vogel III",1983,1987,"spd",1987,0,0
"rp","Bernhard Vogel","cdu","Vogel III",1983,1987,"sps",1987,0,0
"rp","Bernhard Vogel","cdu","Vogel III",1983,1987,"ssw",1987,0,0
"rp","Bernhard Vogel","cdu","Vogel III",1983,1987,"statt",1987,0,0
"rp","Bernhard Vogel","cdu","Vogel III",1983,1987,"wav",1987,0,0
"rp","Bernhard Vogel","cdu","Vogel III",1983,1987,"zentrum",1987,0,0
"sh","Uwe Barschel ","cdu","Kabinett Barschel II",1983,1987,"bdv",1987,0,0
"sh","Uwe Barschel ","cdu","Kabinett Barschel II",1983,1987,"bhe",1987,0,0
"sh","Uwe Barschel ","cdu","Kabinett Barschel II",1983,1987,"bp",1987,0,0
"sh","Uwe Barschel ","cdu","Kabinett Barschel II",1983,1987,"bsw",1987,0,0
"sh","Uwe Barschel ","cdu","Kabinett Barschel II",1983,1987,"cdu",1987,1,1
"sh","Uwe Barschel ","cdu","Kabinett Barschel II",1983,1987,"cvp",1987,0,0
"sh","Uwe Barschel ","cdu","Kabinett Barschel II",1983,1987,"dp",1987,0,0
"sh","Uwe Barschel ","cdu","Kabinett Barschel II",1983,1987,"dps",1987,0,0
"sh","Uwe Barschel ","cdu","Kabinett Barschel II",1983,1987,"fdp",1987,0,0
"sh","Uwe Barschel ","cdu","Kabinett Barschel II",1983,1987,"fw",1987,0,0
"sh","Uwe Barschel ","cdu","Kabinett Barschel II",1983,1987,"gb/bhe",1987,0,0
"sh","Uwe Barschel ","cdu","Kabinett Barschel II",1983,1987,"gru",1987,0,0
"sh","Uwe Barschel ","cdu","Kabinett Barschel II",1983,1987,"kpd",1987,0,0
"sh","Uwe Barschel ","cdu","Kabinett Barschel II",1983,1987,"lin",1987,0,0
"sh","Uwe Barschel ","cdu","Kabinett Barschel II",1983,1987,"lpd",1987,0,0
"sh","Uwe Barschel ","cdu","Kabinett Barschel II",1983,1987,"nlp",1987,0,0
"sh","Uwe Barschel ","cdu","Kabinett Barschel II",1983,1987,"pro",1987,0,0
"sh","Uwe Barschel ","cdu","Kabinett Barschel II",1983,1987,"spd",1987,0,0
"sh","Uwe Barschel ","cdu","Kabinett Barschel II",1983,1987,"sps",1987,0,0
"sh","Uwe Barschel ","cdu","Kabinett Barschel II",1983,1987,"ssw",1987,0,0
"sh","Uwe Barschel ","cdu","Kabinett Barschel II",1983,1987,"statt",1987,0,0
"sh","Uwe Barschel ","cdu","Kabinett Barschel II",1983,1987,"wav",1987,0,0
"sh","Uwe Barschel ","cdu","Kabinett Barschel II",1983,1987,"zentrum",1987,0,0
"bw","Lothar Späth","cdu","Kabinett Späth III",1984,1988,"bdv",1988,0,0
"bw","Lothar Späth","cdu","Kabinett Späth III",1984,1988,"bhe",1988,0,0
"bw","Lothar Späth","cdu","Kabinett Späth III",1984,1988,"bp",1988,0,0
"bw","Lothar Späth","cdu","Kabinett Späth III",1984,1988,"bsw",1988,0,0
"bw","Lothar Späth","cdu","Kabinett Späth III",1984,1988,"cdu",1988,1,1
"bw","Lothar Späth","cdu","Kabinett Späth III",1984,1988,"cvp",1988,0,0
"bw","Lothar Späth","cdu","Kabinett Späth III",1984,1988,"dp",1988,0,0
"bw","Lothar Späth","cdu","Kabinett Späth III",1984,1988,"dps",1988,0,0
"bw","Lothar Späth","cdu","Kabinett Späth III",1984,1988,"fdp",1988,0,0
"bw","Lothar Späth","cdu","Kabinett Späth III",1984,1988,"fw",1988,0,0
"bw","Lothar Späth","cdu","Kabinett Späth III",1984,1988,"gb/bhe",1988,0,0
"bw","Lothar Späth","cdu","Kabinett Späth III",1984,1988,"gru",1988,0,0
"bw","Lothar Späth","cdu","Kabinett Späth III",1984,1988,"kpd",1988,0,0
"bw","Lothar Späth","cdu","Kabinett Späth III",1984,1988,"lin",1988,0,0
"bw","Lothar Späth","cdu","Kabinett Späth III",1984,1988,"lpd",1988,0,0
"bw","Lothar Späth","cdu","Kabinett Späth III",1984,1988,"nlp",1988,0,0
"bw","Lothar Späth","cdu","Kabinett Späth III",1984,1988,"pro",1988,0,0
"bw","Lothar Späth","cdu","Kabinett Späth III",1984,1988,"spd",1988,0,0
"bw","Lothar Späth","cdu","Kabinett Späth III",1984,1988,"sps",1988,0,0
"bw","Lothar Späth","cdu","Kabinett Späth III",1984,1988,"ssw",1988,0,0
"bw","Lothar Späth","cdu","Kabinett Späth III",1984,1988,"statt",1988,0,0
"bw","Lothar Späth","cdu","Kabinett Späth III",1984,1988,"wav",1988,0,0
"bw","Lothar Späth","cdu","Kabinett Späth III",1984,1988,"zentrum",1988,0,0
"he","Holger Börner","spd","Kabinett Börner III",1984,1987,"bdv",1987,0,0
"he","Holger Börner","spd","Kabinett Börner III",1984,1987,"bhe",1987,0,0
"he","Holger Börner","spd","Kabinett Börner III",1984,1987,"bp",1987,0,0
"he","Holger Börner","spd","Kabinett Börner III",1984,1987,"bsw",1987,0,0
"he","Holger Börner","spd","Kabinett Börner III",1984,1987,"cdu",1987,0,0
"he","Holger Börner","spd","Kabinett Börner III",1984,1987,"cvp",1987,0,0
"he","Holger Börner","spd","Kabinett Börner III",1984,1987,"dp",1987,0,0
"he","Holger Börner","spd","Kabinett Börner III",1984,1987,"dps",1987,0,0
"he","Holger Börner","spd","Kabinett Börner III",1984,1987,"fdp",1987,0,0
"he","Holger Börner","spd","Kabinett Börner III",1984,1987,"fw",1987,0,0
"he","Holger Börner","spd","Kabinett Börner III",1984,1987,"gb/bhe",1987,0,0
"he","Holger Börner","spd","Kabinett Börner III",1984,1987,"gru",1987,1,0
"he","Holger Börner","spd","Kabinett Börner III",1984,1987,"kpd",1987,0,0
"he","Holger Börner","spd","Kabinett Börner III",1984,1987,"lin",1987,0,0
"he","Holger Börner","spd","Kabinett Börner III",1984,1987,"lpd",1987,0,0
"he","Holger Börner","spd","Kabinett Börner III",1984,1987,"nlp",1987,0,0
"he","Holger Börner","spd","Kabinett Börner III",1984,1987,"pro",1987,0,0
"he","Holger Börner","spd","Kabinett Börner III",1984,1987,"spd",1987,1,1
"he","Holger Börner","spd","Kabinett Börner III",1984,1987,"sps",1987,0,0
"he","Holger Börner","spd","Kabinett Börner III",1984,1987,"ssw",1987,0,0
"he","Holger Börner","spd","Kabinett Börner III",1984,1987,"statt",1987,0,0
"he","Holger Börner","spd","Kabinett Börner III",1984,1987,"wav",1987,0,0
"he","Holger Börner","spd","Kabinett Börner III",1984,1987,"zentrum",1987,0,0
"sl","Werner Zeyer","cdu","Kabinett Zeyer III",1984,1985,"bdv",1985,0,0
"sl","Werner Zeyer","cdu","Kabinett Zeyer III",1984,1985,"bhe",1985,0,0
"sl","Werner Zeyer","cdu","Kabinett Zeyer III",1984,1985,"bp",1985,0,0
"sl","Werner Zeyer","cdu","Kabinett Zeyer III",1984,1985,"bsw",1985,0,0
"sl","Werner Zeyer","cdu","Kabinett Zeyer III",1984,1985,"cdu",1985,1,1
"sl","Werner Zeyer","cdu","Kabinett Zeyer III",1984,1985,"cvp",1985,0,0
"sl","Werner Zeyer","cdu","Kabinett Zeyer III",1984,1985,"dp",1985,0,0
"sl","Werner Zeyer","cdu","Kabinett Zeyer III",1984,1985,"dps",1985,0,0
"sl","Werner Zeyer","cdu","Kabinett Zeyer III",1984,1985,"fdp",1985,0,0
"sl","Werner Zeyer","cdu","Kabinett Zeyer III",1984,1985,"fw",1985,0,0
"sl","Werner Zeyer","cdu","Kabinett Zeyer III",1984,1985,"gb/bhe",1985,0,0
"sl","Werner Zeyer","cdu","Kabinett Zeyer III",1984,1985,"gru",1985,0,0
"sl","Werner Zeyer","cdu","Kabinett Zeyer III",1984,1985,"kpd",1985,0,0
"sl","Werner Zeyer","cdu","Kabinett Zeyer III",1984,1985,"lin",1985,0,0
"sl","Werner Zeyer","cdu","Kabinett Zeyer III",1984,1985,"lpd",1985,0,0
"sl","Werner Zeyer","cdu","Kabinett Zeyer III",1984,1985,"nlp",1985,0,0
"sl","Werner Zeyer","cdu","Kabinett Zeyer III",1984,1985,"pro",1985,0,0
"sl","Werner Zeyer","cdu","Kabinett Zeyer III",1984,1985,"spd",1985,0,0
"sl","Werner Zeyer","cdu","Kabinett Zeyer III",1984,1985,"sps",1985,0,0
"sl","Werner Zeyer","cdu","Kabinett Zeyer III",1984,1985,"ssw",1985,0,0
"sl","Werner Zeyer","cdu","Kabinett Zeyer III",1984,1985,"statt",1985,0,0
"sl","Werner Zeyer","cdu","Kabinett Zeyer III",1984,1985,"wav",1985,0,0
"sl","Werner Zeyer","cdu","Kabinett Zeyer III",1984,1985,"zentrum",1985,0,0
"hb","Klaus Wedemeier","spd","Wedemeier I",1985,1987,"bdv",1987,0,0
"hb","Klaus Wedemeier","spd","Wedemeier I",1985,1987,"bhe",1987,0,0
"hb","Klaus Wedemeier","spd","Wedemeier I",1985,1987,"bp",1987,0,0
"hb","Klaus Wedemeier","spd","Wedemeier I",1985,1987,"bsw",1987,0,0
"hb","Klaus Wedemeier","spd","Wedemeier I",1985,1987,"cdu",1987,0,0
"hb","Klaus Wedemeier","spd","Wedemeier I",1985,1987,"cvp",1987,0,0
"hb","Klaus Wedemeier","spd","Wedemeier I",1985,1987,"dp",1987,0,0
"hb","Klaus Wedemeier","spd","Wedemeier I",1985,1987,"dps",1987,0,0
"hb","Klaus Wedemeier","spd","Wedemeier I",1985,1987,"fdp",1987,0,0
"hb","Klaus Wedemeier","spd","Wedemeier I",1985,1987,"fw",1987,0,0
"hb","Klaus Wedemeier","spd","Wedemeier I",1985,1987,"gb/bhe",1987,0,0
"hb","Klaus Wedemeier","spd","Wedemeier I",1985,1987,"gru",1987,0,0
"hb","Klaus Wedemeier","spd","Wedemeier I",1985,1987,"kpd",1987,0,0
"hb","Klaus Wedemeier","spd","Wedemeier I",1985,1987,"lin",1987,0,0
"hb","Klaus Wedemeier","spd","Wedemeier I",1985,1987,"lpd",1987,0,0
"hb","Klaus Wedemeier","spd","Wedemeier I",1985,1987,"nlp",1987,0,0
"hb","Klaus Wedemeier","spd","Wedemeier I",1985,1987,"pro",1987,0,0
"hb","Klaus Wedemeier","spd","Wedemeier I",1985,1987,"spd",1987,1,1
"hb","Klaus Wedemeier","spd","Wedemeier I",1985,1987,"sps",1987,0,0
"hb","Klaus Wedemeier","spd","Wedemeier I",1985,1987,"ssw",1987,0,0
"hb","Klaus Wedemeier","spd","Wedemeier I",1985,1987,"statt",1987,0,0
"hb","Klaus Wedemeier","spd","Wedemeier I",1985,1987,"wav",1987,0,0
"hb","Klaus Wedemeier","spd","Wedemeier I",1985,1987,"zentrum",1987,0,0
"nw","Johannes Rau","spd","Kabinett Rau III",1985,1990,"bdv",1990,0,0
"nw","Johannes Rau","spd","Kabinett Rau III",1985,1990,"bhe",1990,0,0
"nw","Johannes Rau","spd","Kabinett Rau III",1985,1990,"bp",1990,0,0
"nw","Johannes Rau","spd","Kabinett Rau III",1985,1990,"bsw",1990,0,0
"nw","Johannes Rau","spd","Kabinett Rau III",1985,1990,"cdu",1990,0,0
"nw","Johannes Rau","spd","Kabinett Rau III",1985,1990,"cvp",1990,0,0
"nw","Johannes Rau","spd","Kabinett Rau III",1985,1990,"dp",1990,0,0
"nw","Johannes Rau","spd","Kabinett Rau III",1985,1990,"dps",1990,0,0
"nw","Johannes Rau","spd","Kabinett Rau III",1985,1990,"fdp",1990,0,0
"nw","Johannes Rau","spd","Kabinett Rau III",1985,1990,"fw",1990,0,0
"nw","Johannes Rau","spd","Kabinett Rau III",1985,1990,"gb/bhe",1990,0,0
"nw","Johannes Rau","spd","Kabinett Rau III",1985,1990,"gru",1990,0,0
"nw","Johannes Rau","spd","Kabinett Rau III",1985,1990,"kpd",1990,0,0
"nw","Johannes Rau","spd","Kabinett Rau III",1985,1990,"lin",1990,0,0
"nw","Johannes Rau","spd","Kabinett Rau III",1985,1990,"lpd",1990,0,0
"nw","Johannes Rau","spd","Kabinett Rau III",1985,1990,"nlp",1990,0,0
"nw","Johannes Rau","spd","Kabinett Rau III",1985,1990,"pro",1990,0,0
"nw","Johannes Rau","spd","Kabinett Rau III",1985,1990,"spd",1990,1,1
"nw","Johannes Rau","spd","Kabinett Rau III",1985,1990,"sps",1990,0,0
"nw","Johannes Rau","spd","Kabinett Rau III",1985,1990,"ssw",1990,0,0
"nw","Johannes Rau","spd","Kabinett Rau III",1985,1990,"statt",1990,0,0
"nw","Johannes Rau","spd","Kabinett Rau III",1985,1990,"wav",1990,0,0
"nw","Johannes Rau","spd","Kabinett Rau III",1985,1990,"zentrum",1990,0,0
"sl","Oskar Lafontaine","spd","Kabinett Lafontaine I",1985,1990,"bdv",1990,0,0
"sl","Oskar Lafontaine","spd","Kabinett Lafontaine I",1985,1990,"bhe",1990,0,0
"sl","Oskar Lafontaine","spd","Kabinett Lafontaine I",1985,1990,"bp",1990,0,0
"sl","Oskar Lafontaine","spd","Kabinett Lafontaine I",1985,1990,"bsw",1990,0,0
"sl","Oskar Lafontaine","spd","Kabinett Lafontaine I",1985,1990,"cdu",1990,0,0
"sl","Oskar Lafontaine","spd","Kabinett Lafontaine I",1985,1990,"cvp",1990,0,0
"sl","Oskar Lafontaine","spd","Kabinett Lafontaine I",1985,1990,"dp",1990,0,0
"sl","Oskar Lafontaine","spd","Kabinett Lafontaine I",1985,1990,"dps",1990,0,0
"sl","Oskar Lafontaine","spd","Kabinett Lafontaine I",1985,1990,"fdp",1990,0,0
"sl","Oskar Lafontaine","spd","Kabinett Lafontaine I",1985,1990,"fw",1990,0,0
"sl","Oskar Lafontaine","spd","Kabinett Lafontaine I",1985,1990,"gb/bhe",1990,0,0
"sl","Oskar Lafontaine","spd","Kabinett Lafontaine I",1985,1990,"gru",1990,0,0
"sl","Oskar Lafontaine","spd","Kabinett Lafontaine I",1985,1990,"kpd",1990,0,0
"sl","Oskar Lafontaine","spd","Kabinett Lafontaine I",1985,1990,"lin",1990,0,0
"sl","Oskar Lafontaine","spd","Kabinett Lafontaine I",1985,1990,"lpd",1990,0,0
"sl","Oskar Lafontaine","spd","Kabinett Lafontaine I",1985,1990,"nlp",1990,0,0
"sl","Oskar Lafontaine","spd","Kabinett Lafontaine I",1985,1990,"pro",1990,0,0
"sl","Oskar Lafontaine","spd","Kabinett Lafontaine I",1985,1990,"spd",1990,1,1
"sl","Oskar Lafontaine","spd","Kabinett Lafontaine I",1985,1990,"sps",1990,0,0
"sl","Oskar Lafontaine","spd","Kabinett Lafontaine I",1985,1990,"ssw",1990,0,0
"sl","Oskar Lafontaine","spd","Kabinett Lafontaine I",1985,1990,"statt",1990,0,0
"sl","Oskar Lafontaine","spd","Kabinett Lafontaine I",1985,1990,"wav",1990,0,0
"sl","Oskar Lafontaine","spd","Kabinett Lafontaine I",1985,1990,"zentrum",1990,0,0
"by","Franz Josef Strauß","cdu","Kabinett Strauß III",1986,1988,"bdv",1988,0,0
"by","Franz Josef Strauß","cdu","Kabinett Strauß III",1986,1988,"bhe",1988,0,0
"by","Franz Josef Strauß","cdu","Kabinett Strauß III",1986,1988,"bp",1988,0,0
"by","Franz Josef Strauß","cdu","Kabinett Strauß III",1986,1988,"bsw",1988,0,0
"by","Franz Josef Strauß","cdu","Kabinett Strauß III",1986,1988,"cdu",1988,1,1
"by","Franz Josef Strauß","cdu","Kabinett Strauß III",1986,1988,"cvp",1988,0,0
"by","Franz Josef Strauß","cdu","Kabinett Strauß III",1986,1988,"dp",1988,0,0
"by","Franz Josef Strauß","cdu","Kabinett Strauß III",1986,1988,"dps",1988,0,0
"by","Franz Josef Strauß","cdu","Kabinett Strauß III",1986,1988,"fdp",1988,0,0
"by","Franz Josef Strauß","cdu","Kabinett Strauß III",1986,1988,"fw",1988,0,0
"by","Franz Josef Strauß","cdu","Kabinett Strauß III",1986,1988,"gb/bhe",1988,0,0
"by","Franz Josef Strauß","cdu","Kabinett Strauß III",1986,1988,"gru",1988,0,0
"by","Franz Josef Strauß","cdu","Kabinett Strauß III",1986,1988,"kpd",1988,0,0
"by","Franz Josef Strauß","cdu","Kabinett Strauß III",1986,1988,"lin",1988,0,0
"by","Franz Josef Strauß","cdu","Kabinett Strauß III",1986,1988,"lpd",1988,0,0
"by","Franz Josef Strauß","cdu","Kabinett Strauß III",1986,1988,"nlp",1988,0,0
"by","Franz Josef Strauß","cdu","Kabinett Strauß III",1986,1988,"pro",1988,0,0
"by","Franz Josef Strauß","cdu","Kabinett Strauß III",1986,1988,"spd",1988,0,0
"by","Franz Josef Strauß","cdu","Kabinett Strauß III",1986,1988,"sps",1988,0,0
"by","Franz Josef Strauß","cdu","Kabinett Strauß III",1986,1988,"ssw",1988,0,0
"by","Franz Josef Strauß","cdu","Kabinett Strauß III",1986,1988,"statt",1988,0,0
"by","Franz Josef Strauß","cdu","Kabinett Strauß III",1986,1988,"wav",1988,0,0
"by","Franz Josef Strauß","cdu","Kabinett Strauß III",1986,1988,"zentrum",1988,0,0
"ni","Ernst Albrecht","cdu","Albrecht V",1986,1990,"bdv",1990,0,0
"ni","Ernst Albrecht","cdu","Albrecht V",1986,1990,"bhe",1990,0,0
"ni","Ernst Albrecht","cdu","Albrecht V",1986,1990,"bp",1990,0,0
"ni","Ernst Albrecht","cdu","Albrecht V",1986,1990,"bsw",1990,0,0
"ni","Ernst Albrecht","cdu","Albrecht V",1986,1990,"cdu",1990,1,1
"ni","Ernst Albrecht","cdu","Albrecht V",1986,1990,"cvp",1990,0,0
"ni","Ernst Albrecht","cdu","Albrecht V",1986,1990,"dp",1990,0,0
"ni","Ernst Albrecht","cdu","Albrecht V",1986,1990,"dps",1990,0,0
"ni","Ernst Albrecht","cdu","Albrecht V",1986,1990,"fdp",1990,1,0
"ni","Ernst Albrecht","cdu","Albrecht V",1986,1990,"fw",1990,0,0
"ni","Ernst Albrecht","cdu","Albrecht V",1986,1990,"gb/bhe",1990,0,0
"ni","Ernst Albrecht","cdu","Albrecht V",1986,1990,"gru",1990,0,0
"ni","Ernst Albrecht","cdu","Albrecht V",1986,1990,"kpd",1990,0,0
"ni","Ernst Albrecht","cdu","Albrecht V",1986,1990,"lin",1990,0,0
"ni","Ernst Albrecht","cdu","Albrecht V",1986,1990,"lpd",1990,0,0
"ni","Ernst Albrecht","cdu","Albrecht V",1986,1990,"nlp",1990,0,0
"ni","Ernst Albrecht","cdu","Albrecht V",1986,1990,"pro",1990,0,0
"ni","Ernst Albrecht","cdu","Albrecht V",1986,1990,"spd",1990,0,0
"ni","Ernst Albrecht","cdu","Albrecht V",1986,1990,"sps",1990,0,0
"ni","Ernst Albrecht","cdu","Albrecht V",1986,1990,"ssw",1990,0,0
"ni","Ernst Albrecht","cdu","Albrecht V",1986,1990,"statt",1990,0,0
"ni","Ernst Albrecht","cdu","Albrecht V",1986,1990,"wav",1990,0,0
"ni","Ernst Albrecht","cdu","Albrecht V",1986,1990,"zentrum",1990,0,0
"hb","Klaus Wedemeier","spd","Wedemeier II",1987,1991,"bdv",1991,0,0
"hb","Klaus Wedemeier","spd","Wedemeier II",1987,1991,"bhe",1991,0,0
"hb","Klaus Wedemeier","spd","Wedemeier II",1987,1991,"bp",1991,0,0
"hb","Klaus Wedemeier","spd","Wedemeier II",1987,1991,"bsw",1991,0,0
"hb","Klaus Wedemeier","spd","Wedemeier II",1987,1991,"cdu",1991,0,0
"hb","Klaus Wedemeier","spd","Wedemeier II",1987,1991,"cvp",1991,0,0
"hb","Klaus Wedemeier","spd","Wedemeier II",1987,1991,"dp",1991,0,0
"hb","Klaus Wedemeier","spd","Wedemeier II",1987,1991,"dps",1991,0,0
"hb","Klaus Wedemeier","spd","Wedemeier II",1987,1991,"fdp",1991,0,0
"hb","Klaus Wedemeier","spd","Wedemeier II",1987,1991,"fw",1991,0,0
"hb","Klaus Wedemeier","spd","Wedemeier II",1987,1991,"gb/bhe",1991,0,0
"hb","Klaus Wedemeier","spd","Wedemeier II",1987,1991,"gru",1991,0,0
"hb","Klaus Wedemeier","spd","Wedemeier II",1987,1991,"kpd",1991,0,0
"hb","Klaus Wedemeier","spd","Wedemeier II",1987,1991,"lin",1991,0,0
"hb","Klaus Wedemeier","spd","Wedemeier II",1987,1991,"lpd",1991,0,0
"hb","Klaus Wedemeier","spd","Wedemeier II",1987,1991,"nlp",1991,0,0
"hb","Klaus Wedemeier","spd","Wedemeier II",1987,1991,"pro",1991,0,0
"hb","Klaus Wedemeier","spd","Wedemeier II",1987,1991,"spd",1991,1,1
"hb","Klaus Wedemeier","spd","Wedemeier II",1987,1991,"sps",1991,0,0
"hb","Klaus Wedemeier","spd","Wedemeier II",1987,1991,"ssw",1991,0,0
"hb","Klaus Wedemeier","spd","Wedemeier II",1987,1991,"statt",1991,0,0
"hb","Klaus Wedemeier","spd","Wedemeier II",1987,1991,"wav",1991,0,0
"hb","Klaus Wedemeier","spd","Wedemeier II",1987,1991,"zentrum",1991,0,0
"he","Walter Wallmann","cdu","Kabinett Wallmann",1987,1991,"bdv",1991,0,0
"he","Walter Wallmann","cdu","Kabinett Wallmann",1987,1991,"bhe",1991,0,0
"he","Walter Wallmann","cdu","Kabinett Wallmann",1987,1991,"bp",1991,0,0
"he","Walter Wallmann","cdu","Kabinett Wallmann",1987,1991,"bsw",1991,0,0
"he","Walter Wallmann","cdu","Kabinett Wallmann",1987,1991,"cdu",1991,1,1
"he","Walter Wallmann","cdu","Kabinett Wallmann",1987,1991,"cvp",1991,0,0
"he","Walter Wallmann","cdu","Kabinett Wallmann",1987,1991,"dp",1991,0,0
"he","Walter Wallmann","cdu","Kabinett Wallmann",1987,1991,"dps",1991,0,0
"he","Walter Wallmann","cdu","Kabinett Wallmann",1987,1991,"fdp",1991,1,0
"he","Walter Wallmann","cdu","Kabinett Wallmann",1987,1991,"fw",1991,0,0
"he","Walter Wallmann","cdu","Kabinett Wallmann",1987,1991,"gb/bhe",1991,0,0
"he","Walter Wallmann","cdu","Kabinett Wallmann",1987,1991,"gru",1991,0,0
"he","Walter Wallmann","cdu","Kabinett Wallmann",1987,1991,"kpd",1991,0,0
"he","Walter Wallmann","cdu","Kabinett Wallmann",1987,1991,"lin",1991,0,0
"he","Walter Wallmann","cdu","Kabinett Wallmann",1987,1991,"lpd",1991,0,0
"he","Walter Wallmann","cdu","Kabinett Wallmann",1987,1991,"nlp",1991,0,0
"he","Walter Wallmann","cdu","Kabinett Wallmann",1987,1991,"pro",1991,0,0
"he","Walter Wallmann","cdu","Kabinett Wallmann",1987,1991,"spd",1991,0,0
"he","Walter Wallmann","cdu","Kabinett Wallmann",1987,1991,"sps",1991,0,0
"he","Walter Wallmann","cdu","Kabinett Wallmann",1987,1991,"ssw",1991,0,0
"he","Walter Wallmann","cdu","Kabinett Wallmann",1987,1991,"statt",1991,0,0
"he","Walter Wallmann","cdu","Kabinett Wallmann",1987,1991,"wav",1991,0,0
"he","Walter Wallmann","cdu","Kabinett Wallmann",1987,1991,"zentrum",1991,0,0
"hh","Klaus von Dohnanyi","spd","Kabinett von Dohnanyi III",1987,1987,"bdv",1986,0,0
"hh","Klaus von Dohnanyi","spd","Kabinett von Dohnanyi III",1987,1987,"bdv",1987,0,0
"hh","Klaus von Dohnanyi","spd","Kabinett von Dohnanyi III",1987,1987,"bhe",1986,0,0
"hh","Klaus von Dohnanyi","spd","Kabinett von Dohnanyi III",1987,1987,"bhe",1987,0,0
"hh","Klaus von Dohnanyi","spd","Kabinett von Dohnanyi III",1987,1987,"bp",1986,0,0
"hh","Klaus von Dohnanyi","spd","Kabinett von Dohnanyi III",1987,1987,"bp",1987,0,0
"hh","Klaus von Dohnanyi","spd","Kabinett von Dohnanyi III",1987,1987,"bsw",1986,0,0
"hh","Klaus von Dohnanyi","spd","Kabinett von Dohnanyi III",1987,1987,"cdu",1986,0,0
"hh","Klaus von Dohnanyi","spd","Kabinett von Dohnanyi III",1987,1987,"cdu",1987,0,0
"hh","Klaus von Dohnanyi","spd","Kabinett von Dohnanyi III",1987,1987,"cvp",1986,0,0
"hh","Klaus von Dohnanyi","spd","Kabinett von Dohnanyi III",1987,1987,"cvp",1987,0,0
"hh","Klaus von Dohnanyi","spd","Kabinett von Dohnanyi III",1987,1987,"dp",1986,0,0
"hh","Klaus von Dohnanyi","spd","Kabinett von Dohnanyi III",1987,1987,"dp",1987,0,0
"hh","Klaus von Dohnanyi","spd","Kabinett von Dohnanyi III",1987,1987,"dps",1986,0,0
"hh","Klaus von Dohnanyi","spd","Kabinett von Dohnanyi III",1987,1987,"dps",1987,0,0
"hh","Klaus von Dohnanyi","spd","Kabinett von Dohnanyi III",1987,1987,"fdp",1986,0,0
"hh","Klaus von Dohnanyi","spd","Kabinett von Dohnanyi III",1987,1987,"fdp",1987,0,0
"hh","Klaus von Dohnanyi","spd","Kabinett von Dohnanyi III",1987,1987,"fw",1986,0,0
"hh","Klaus von Dohnanyi","spd","Kabinett von Dohnanyi III",1987,1987,"fw",1987,0,0
"hh","Klaus von Dohnanyi","spd","Kabinett von Dohnanyi III",1987,1987,"gb/bhe",1986,0,0
"hh","Klaus von Dohnanyi","spd","Kabinett von Dohnanyi III",1987,1987,"gb/bhe",1987,0,0
"hh","Klaus von Dohnanyi","spd","Kabinett von Dohnanyi III",1987,1987,"gru",1986,0,0
"hh","Klaus von Dohnanyi","spd","Kabinett von Dohnanyi III",1987,1987,"gru",1987,0,0
"hh","Klaus von Dohnanyi","spd","Kabinett von Dohnanyi III",1987,1987,"kpd",1986,0,0
"hh","Klaus von Dohnanyi","spd","Kabinett von Dohnanyi III",1987,1987,"kpd",1987,0,0
"hh","Klaus von Dohnanyi","spd","Kabinett von Dohnanyi III",1987,1987,"lin",1986,0,0
"hh","Klaus von Dohnanyi","spd","Kabinett von Dohnanyi III",1987,1987,"lin",1987,0,0
"hh","Klaus von Dohnanyi","spd","Kabinett von Dohnanyi III",1987,1987,"lpd",1986,0,0
"hh","Klaus von Dohnanyi","spd","Kabinett von Dohnanyi III",1987,1987,"lpd",1987,0,0
"hh","Klaus von Dohnanyi","spd","Kabinett von Dohnanyi III",1987,1987,"nlp",1986,0,0
"hh","Klaus von Dohnanyi","spd","Kabinett von Dohnanyi III",1987,1987,"nlp",1987,0,0
"hh","Klaus von Dohnanyi","spd","Kabinett von Dohnanyi III",1987,1987,"pro",1986,0,0
"hh","Klaus von Dohnanyi","spd","Kabinett von Dohnanyi III",1987,1987,"pro",1987,0,0
"hh","Klaus von Dohnanyi","spd","Kabinett von Dohnanyi III",1987,1987,"spd",1986,1,1
"hh","Klaus von Dohnanyi","spd","Kabinett von Dohnanyi III",1987,1987,"spd",1987,1,1
"hh","Klaus von Dohnanyi","spd","Kabinett von Dohnanyi III",1987,1987,"sps",1986,0,0
"hh","Klaus von Dohnanyi","spd","Kabinett von Dohnanyi III",1987,1987,"sps",1987,0,0
"hh","Klaus von Dohnanyi","spd","Kabinett von Dohnanyi III",1987,1987,"ssw",1986,0,0
"hh","Klaus von Dohnanyi","spd","Kabinett von Dohnanyi III",1987,1987,"ssw",1987,0,0
"hh","Klaus von Dohnanyi","spd","Kabinett von Dohnanyi III",1987,1987,"statt",1986,0,0
"hh","Klaus von Dohnanyi","spd","Kabinett von Dohnanyi III",1987,1987,"statt",1987,0,0
"hh","Klaus von Dohnanyi","spd","Kabinett von Dohnanyi III",1987,1987,"wav",1986,0,0
"hh","Klaus von Dohnanyi","spd","Kabinett von Dohnanyi III",1987,1987,"wav",1987,0,0
"hh","Klaus von Dohnanyi","spd","Kabinett von Dohnanyi III",1987,1987,"zentrum",1986,0,0
"hh","Klaus von Dohnanyi","spd","Kabinett von Dohnanyi III",1987,1987,"zentrum",1987,0,0
"hh","Klaus von Dohnanyi","spd","Kabinett von Dohnanyi IV",1987,1988,"bdv",1988,0,0
"hh","Klaus von Dohnanyi","spd","Kabinett von Dohnanyi IV",1987,1988,"bhe",1988,0,0
"hh","Klaus von Dohnanyi","spd","Kabinett von Dohnanyi IV",1987,1988,"bp",1988,0,0
"hh","Klaus von Dohnanyi","spd","Kabinett von Dohnanyi IV",1987,1988,"bsw",1988,0,0
"hh","Klaus von Dohnanyi","spd","Kabinett von Dohnanyi IV",1987,1988,"cdu",1988,0,0
"hh","Klaus von Dohnanyi","spd","Kabinett von Dohnanyi IV",1987,1988,"cvp",1988,0,0
"hh","Klaus von Dohnanyi","spd","Kabinett von Dohnanyi IV",1987,1988,"dp",1988,0,0
"hh","Klaus von Dohnanyi","spd","Kabinett von Dohnanyi IV",1987,1988,"dps",1988,0,0
"hh","Klaus von Dohnanyi","spd","Kabinett von Dohnanyi IV",1987,1988,"fdp",1988,1,0
"hh","Klaus von Dohnanyi","spd","Kabinett von Dohnanyi IV",1987,1988,"fw",1988,0,0
"hh","Klaus von Dohnanyi","spd","Kabinett von Dohnanyi IV",1987,1988,"gb/bhe",1988,0,0
"hh","Klaus von Dohnanyi","spd","Kabinett von Dohnanyi IV",1987,1988,"gru",1988,0,0
"hh","Klaus von Dohnanyi","spd","Kabinett von Dohnanyi IV",1987,1988,"kpd",1988,0,0
"hh","Klaus von Dohnanyi","spd","Kabinett von Dohnanyi IV",1987,1988,"lin",1988,0,0
"hh","Klaus von Dohnanyi","spd","Kabinett von Dohnanyi IV",1987,1988,"lpd",1988,0,0
"hh","Klaus von Dohnanyi","spd","Kabinett von Dohnanyi IV",1987,1988,"nlp",1988,0,0
"hh","Klaus von Dohnanyi","spd","Kabinett von Dohnanyi IV",1987,1988,"pro",1988,0,0
"hh","Klaus von Dohnanyi","spd","Kabinett von Dohnanyi IV",1987,1988,"spd",1988,1,1
"hh","Klaus von Dohnanyi","spd","Kabinett von Dohnanyi IV",1987,1988,"sps",1988,0,0
"hh","Klaus von Dohnanyi","spd","Kabinett von Dohnanyi IV",1987,1988,"ssw",1988,0,0
"hh","Klaus von Dohnanyi","spd","Kabinett von Dohnanyi IV",1987,1988,"statt",1988,0,0
"hh","Klaus von Dohnanyi","spd","Kabinett von Dohnanyi IV",1987,1988,"wav",1988,0,0
"hh","Klaus von Dohnanyi","spd","Kabinett von Dohnanyi IV",1987,1988,"zentrum",1988,0,0
"rp","Bernhard Vogel","cdu","Vogel IV ",1987,1988,"bdv",1988,0,0
"rp","Bernhard Vogel","cdu","Vogel IV ",1987,1988,"bhe",1988,0,0
"rp","Bernhard Vogel","cdu","Vogel IV ",1987,1988,"bp",1988,0,0
"rp","Bernhard Vogel","cdu","Vogel IV ",1987,1988,"bsw",1988,0,0
"rp","Bernhard Vogel","cdu","Vogel IV ",1987,1988,"cdu",1988,1,1
"rp","Bernhard Vogel","cdu","Vogel IV ",1987,1988,"cvp",1988,0,0
"rp","Bernhard Vogel","cdu","Vogel IV ",1987,1988,"dp",1988,0,0
"rp","Bernhard Vogel","cdu","Vogel IV ",1987,1988,"dps",1988,0,0
"rp","Bernhard Vogel","cdu","Vogel IV ",1987,1988,"fdp",1988,1,0
"rp","Bernhard Vogel","cdu","Vogel IV ",1987,1988,"fw",1988,0,0
"rp","Bernhard Vogel","cdu","Vogel IV ",1987,1988,"gb/bhe",1988,0,0
"rp","Bernhard Vogel","cdu","Vogel IV ",1987,1988,"gru",1988,0,0
"rp","Bernhard Vogel","cdu","Vogel IV ",1987,1988,"kpd",1988,0,0
"rp","Bernhard Vogel","cdu","Vogel IV ",1987,1988,"lin",1988,0,0
"rp","Bernhard Vogel","cdu","Vogel IV ",1987,1988,"lpd",1988,0,0
"rp","Bernhard Vogel","cdu","Vogel IV ",1987,1988,"nlp",1988,0,0
"rp","Bernhard Vogel","cdu","Vogel IV ",1987,1988,"pro",1988,0,0
"rp","Bernhard Vogel","cdu","Vogel IV ",1987,1988,"spd",1988,0,0
"rp","Bernhard Vogel","cdu","Vogel IV ",1987,1988,"sps",1988,0,0
"rp","Bernhard Vogel","cdu","Vogel IV ",1987,1988,"ssw",1988,0,0
"rp","Bernhard Vogel","cdu","Vogel IV ",1987,1988,"statt",1988,0,0
"rp","Bernhard Vogel","cdu","Vogel IV ",1987,1988,"wav",1988,0,0
"rp","Bernhard Vogel","cdu","Vogel IV ",1987,1988,"zentrum",1988,0,0
"sh","Amt vakant",NA,"Kabinett Schwarz (geschäftsführend)",1987,1988,"bdv",1988,0,NA
"sh","Amt vakant",NA,"Kabinett Schwarz (geschäftsführend)",1987,1988,"bhe",1988,0,NA
"sh","Amt vakant",NA,"Kabinett Schwarz (geschäftsführend)",1987,1988,"bp",1988,0,NA
"sh","Amt vakant",NA,"Kabinett Schwarz (geschäftsführend)",1987,1988,"bsw",1988,0,0
"sh","Amt vakant",NA,"Kabinett Schwarz (geschäftsführend)",1987,1988,"cdu",1988,1,NA
"sh","Amt vakant",NA,"Kabinett Schwarz (geschäftsführend)",1987,1988,"cvp",1988,0,NA
"sh","Amt vakant",NA,"Kabinett Schwarz (geschäftsführend)",1987,1988,"dp",1988,0,NA
"sh","Amt vakant",NA,"Kabinett Schwarz (geschäftsführend)",1987,1988,"dps",1988,0,NA
"sh","Amt vakant",NA,"Kabinett Schwarz (geschäftsführend)",1987,1988,"fdp",1988,0,NA
"sh","Amt vakant",NA,"Kabinett Schwarz (geschäftsführend)",1987,1988,"fw",1988,0,NA
"sh","Amt vakant",NA,"Kabinett Schwarz (geschäftsführend)",1987,1988,"gb/bhe",1988,0,NA
"sh","Amt vakant",NA,"Kabinett Schwarz (geschäftsführend)",1987,1988,"gru",1988,0,NA
"sh","Amt vakant",NA,"Kabinett Schwarz (geschäftsführend)",1987,1988,"kpd",1988,0,NA
"sh","Amt vakant",NA,"Kabinett Schwarz (geschäftsführend)",1987,1988,"lin",1988,0,NA
"sh","Amt vakant",NA,"Kabinett Schwarz (geschäftsführend)",1987,1988,"lpd",1988,0,NA
"sh","Amt vakant",NA,"Kabinett Schwarz (geschäftsführend)",1987,1988,"nlp",1988,0,NA
"sh","Amt vakant",NA,"Kabinett Schwarz (geschäftsführend)",1987,1988,"pro",1988,0,NA
"sh","Amt vakant",NA,"Kabinett Schwarz (geschäftsführend)",1987,1988,"spd",1988,0,NA
"sh","Amt vakant",NA,"Kabinett Schwarz (geschäftsführend)",1987,1988,"sps",1988,0,NA
"sh","Amt vakant",NA,"Kabinett Schwarz (geschäftsführend)",1987,1988,"ssw",1988,0,NA
"sh","Amt vakant",NA,"Kabinett Schwarz (geschäftsführend)",1987,1988,"statt",1988,0,NA
"sh","Amt vakant",NA,"Kabinett Schwarz (geschäftsführend)",1987,1988,"wav",1988,0,NA
"sh","Amt vakant",NA,"Kabinett Schwarz (geschäftsführend)",1987,1988,"zentrum",1988,0,NA
"bw","Lothar Späth","cdu","Kabinett Späth IV",1988,1991,"bdv",1991,0,0
"bw","Lothar Späth","cdu","Kabinett Späth IV",1988,1991,"bhe",1991,0,0
"bw","Lothar Späth","cdu","Kabinett Späth IV",1988,1991,"bp",1991,0,0
"bw","Lothar Späth","cdu","Kabinett Späth IV",1988,1991,"bsw",1991,0,0
"bw","Lothar Späth","cdu","Kabinett Späth IV",1988,1991,"cdu",1991,1,1
"bw","Lothar Späth","cdu","Kabinett Späth IV",1988,1991,"cvp",1991,0,0
"bw","Lothar Späth","cdu","Kabinett Späth IV",1988,1991,"dp",1991,0,0
"bw","Lothar Späth","cdu","Kabinett Späth IV",1988,1991,"dps",1991,0,0
"bw","Lothar Späth","cdu","Kabinett Späth IV",1988,1991,"fdp",1991,0,0
"bw","Lothar Späth","cdu","Kabinett Späth IV",1988,1991,"fw",1991,0,0
"bw","Lothar Späth","cdu","Kabinett Späth IV",1988,1991,"gb/bhe",1991,0,0
"bw","Lothar Späth","cdu","Kabinett Späth IV",1988,1991,"gru",1991,0,0
"bw","Lothar Späth","cdu","Kabinett Späth IV",1988,1991,"kpd",1991,0,0
"bw","Lothar Späth","cdu","Kabinett Späth IV",1988,1991,"lin",1991,0,0
"bw","Lothar Späth","cdu","Kabinett Späth IV",1988,1991,"lpd",1991,0,0
"bw","Lothar Späth","cdu","Kabinett Späth IV",1988,1991,"nlp",1991,0,0
"bw","Lothar Späth","cdu","Kabinett Späth IV",1988,1991,"pro",1991,0,0
"bw","Lothar Späth","cdu","Kabinett Späth IV",1988,1991,"spd",1991,0,0
"bw","Lothar Späth","cdu","Kabinett Späth IV",1988,1991,"sps",1991,0,0
"bw","Lothar Späth","cdu","Kabinett Späth IV",1988,1991,"ssw",1991,0,0
"bw","Lothar Späth","cdu","Kabinett Späth IV",1988,1991,"statt",1991,0,0
"bw","Lothar Späth","cdu","Kabinett Späth IV",1988,1991,"wav",1991,0,0
"bw","Lothar Späth","cdu","Kabinett Späth IV",1988,1991,"zentrum",1991,0,0
"by","Max Streibl","cdu","Kabinett Streibl I",1988,1990,"bdv",1990,0,0
"by","Max Streibl","cdu","Kabinett Streibl I",1988,1990,"bhe",1990,0,0
"by","Max Streibl","cdu","Kabinett Streibl I",1988,1990,"bp",1990,0,0
"by","Max Streibl","cdu","Kabinett Streibl I",1988,1990,"bsw",1990,0,0
"by","Max Streibl","cdu","Kabinett Streibl I",1988,1990,"cdu",1990,1,1
"by","Max Streibl","cdu","Kabinett Streibl I",1988,1990,"cvp",1990,0,0
"by","Max Streibl","cdu","Kabinett Streibl I",1988,1990,"dp",1990,0,0
"by","Max Streibl","cdu","Kabinett Streibl I",1988,1990,"dps",1990,0,0
"by","Max Streibl","cdu","Kabinett Streibl I",1988,1990,"fdp",1990,0,0
"by","Max Streibl","cdu","Kabinett Streibl I",1988,1990,"fw",1990,0,0
"by","Max Streibl","cdu","Kabinett Streibl I",1988,1990,"gb/bhe",1990,0,0
"by","Max Streibl","cdu","Kabinett Streibl I",1988,1990,"gru",1990,0,0
"by","Max Streibl","cdu","Kabinett Streibl I",1988,1990,"kpd",1990,0,0
"by","Max Streibl","cdu","Kabinett Streibl I",1988,1990,"lin",1990,0,0
"by","Max Streibl","cdu","Kabinett Streibl I",1988,1990,"lpd",1990,0,0
"by","Max Streibl","cdu","Kabinett Streibl I",1988,1990,"nlp",1990,0,0
"by","Max Streibl","cdu","Kabinett Streibl I",1988,1990,"pro",1990,0,0
"by","Max Streibl","cdu","Kabinett Streibl I",1988,1990,"spd",1990,0,0
"by","Max Streibl","cdu","Kabinett Streibl I",1988,1990,"sps",1990,0,0
"by","Max Streibl","cdu","Kabinett Streibl I",1988,1990,"ssw",1990,0,0
"by","Max Streibl","cdu","Kabinett Streibl I",1988,1990,"statt",1990,0,0
"by","Max Streibl","cdu","Kabinett Streibl I",1988,1990,"wav",1990,0,0
"by","Max Streibl","cdu","Kabinett Streibl I",1988,1990,"zentrum",1990,0,0
"hh","Henning Voscherau","spd","Kabinett Voscherau I",1988,1991,"bdv",1991,0,0
"hh","Henning Voscherau","spd","Kabinett Voscherau I",1988,1991,"bhe",1991,0,0
"hh","Henning Voscherau","spd","Kabinett Voscherau I",1988,1991,"bp",1991,0,0
"hh","Henning Voscherau","spd","Kabinett Voscherau I",1988,1991,"bsw",1991,0,0
"hh","Henning Voscherau","spd","Kabinett Voscherau I",1988,1991,"cdu",1991,0,0
"hh","Henning Voscherau","spd","Kabinett Voscherau I",1988,1991,"cvp",1991,0,0
"hh","Henning Voscherau","spd","Kabinett Voscherau I",1988,1991,"dp",1991,0,0
"hh","Henning Voscherau","spd","Kabinett Voscherau I",1988,1991,"dps",1991,0,0
"hh","Henning Voscherau","spd","Kabinett Voscherau I",1988,1991,"fdp",1991,1,0
"hh","Henning Voscherau","spd","Kabinett Voscherau I",1988,1991,"fw",1991,0,0
"hh","Henning Voscherau","spd","Kabinett Voscherau I",1988,1991,"gb/bhe",1991,0,0
"hh","Henning Voscherau","spd","Kabinett Voscherau I",1988,1991,"gru",1991,0,0
"hh","Henning Voscherau","spd","Kabinett Voscherau I",1988,1991,"kpd",1991,0,0
"hh","Henning Voscherau","spd","Kabinett Voscherau I",1988,1991,"lin",1991,0,0
"hh","Henning Voscherau","spd","Kabinett Voscherau I",1988,1991,"lpd",1991,0,0
"hh","Henning Voscherau","spd","Kabinett Voscherau I",1988,1991,"nlp",1991,0,0
"hh","Henning Voscherau","spd","Kabinett Voscherau I",1988,1991,"pro",1991,0,0
"hh","Henning Voscherau","spd","Kabinett Voscherau I",1988,1991,"spd",1991,1,1
"hh","Henning Voscherau","spd","Kabinett Voscherau I",1988,1991,"sps",1991,0,0
"hh","Henning Voscherau","spd","Kabinett Voscherau I",1988,1991,"ssw",1991,0,0
"hh","Henning Voscherau","spd","Kabinett Voscherau I",1988,1991,"statt",1991,0,0
"hh","Henning Voscherau","spd","Kabinett Voscherau I",1988,1991,"wav",1991,0,0
"hh","Henning Voscherau","spd","Kabinett Voscherau I",1988,1991,"zentrum",1991,0,0
"rp","Carl-Ludwig Wagner","cdu","Wagner",1988,1991,"bdv",1991,0,0
"rp","Carl-Ludwig Wagner","cdu","Wagner",1988,1991,"bhe",1991,0,0
"rp","Carl-Ludwig Wagner","cdu","Wagner",1988,1991,"bp",1991,0,0
"rp","Carl-Ludwig Wagner","cdu","Wagner",1988,1991,"bsw",1991,0,0
"rp","Carl-Ludwig Wagner","cdu","Wagner",1988,1991,"cdu",1991,1,1
"rp","Carl-Ludwig Wagner","cdu","Wagner",1988,1991,"cvp",1991,0,0
"rp","Carl-Ludwig Wagner","cdu","Wagner",1988,1991,"dp",1991,0,0
"rp","Carl-Ludwig Wagner","cdu","Wagner",1988,1991,"dps",1991,0,0
"rp","Carl-Ludwig Wagner","cdu","Wagner",1988,1991,"fdp",1991,1,0
"rp","Carl-Ludwig Wagner","cdu","Wagner",1988,1991,"fw",1991,0,0
"rp","Carl-Ludwig Wagner","cdu","Wagner",1988,1991,"gb/bhe",1991,0,0
"rp","Carl-Ludwig Wagner","cdu","Wagner",1988,1991,"gru",1991,0,0
"rp","Carl-Ludwig Wagner","cdu","Wagner",1988,1991,"kpd",1991,0,0
"rp","Carl-Ludwig Wagner","cdu","Wagner",1988,1991,"lin",1991,0,0
"rp","Carl-Ludwig Wagner","cdu","Wagner",1988,1991,"lpd",1991,0,0
"rp","Carl-Ludwig Wagner","cdu","Wagner",1988,1991,"nlp",1991,0,0
"rp","Carl-Ludwig Wagner","cdu","Wagner",1988,1991,"pro",1991,0,0
"rp","Carl-Ludwig Wagner","cdu","Wagner",1988,1991,"spd",1991,0,0
"rp","Carl-Ludwig Wagner","cdu","Wagner",1988,1991,"sps",1991,0,0
"rp","Carl-Ludwig Wagner","cdu","Wagner",1988,1991,"ssw",1991,0,0
"rp","Carl-Ludwig Wagner","cdu","Wagner",1988,1991,"statt",1991,0,0
"rp","Carl-Ludwig Wagner","cdu","Wagner",1988,1991,"wav",1991,0,0
"rp","Carl-Ludwig Wagner","cdu","Wagner",1988,1991,"zentrum",1991,0,0
"sh","Björn Engholm ","spd","Kabinett Engholm I",1988,1992,"bdv",1992,0,0
"sh","Björn Engholm ","spd","Kabinett Engholm I",1988,1992,"bhe",1992,0,0
"sh","Björn Engholm ","spd","Kabinett Engholm I",1988,1992,"bp",1992,0,0
"sh","Björn Engholm ","spd","Kabinett Engholm I",1988,1992,"bsw",1992,0,0
"sh","Björn Engholm ","spd","Kabinett Engholm I",1988,1992,"cdu",1992,0,0
"sh","Björn Engholm ","spd","Kabinett Engholm I",1988,1992,"cvp",1992,0,0
"sh","Björn Engholm ","spd","Kabinett Engholm I",1988,1992,"dp",1992,0,0
"sh","Björn Engholm ","spd","Kabinett Engholm I",1988,1992,"dps",1992,0,0
"sh","Björn Engholm ","spd","Kabinett Engholm I",1988,1992,"fdp",1992,0,0
"sh","Björn Engholm ","spd","Kabinett Engholm I",1988,1992,"fw",1992,0,0
"sh","Björn Engholm ","spd","Kabinett Engholm I",1988,1992,"gb/bhe",1992,0,0
"sh","Björn Engholm ","spd","Kabinett Engholm I",1988,1992,"gru",1992,0,0
"sh","Björn Engholm ","spd","Kabinett Engholm I",1988,1992,"kpd",1992,0,0
"sh","Björn Engholm ","spd","Kabinett Engholm I",1988,1992,"lin",1992,0,0
"sh","Björn Engholm ","spd","Kabinett Engholm I",1988,1992,"lpd",1992,0,0
"sh","Björn Engholm ","spd","Kabinett Engholm I",1988,1992,"nlp",1992,0,0
"sh","Björn Engholm ","spd","Kabinett Engholm I",1988,1992,"pro",1992,0,0
"sh","Björn Engholm ","spd","Kabinett Engholm I",1988,1992,"spd",1992,1,1
"sh","Björn Engholm ","spd","Kabinett Engholm I",1988,1992,"sps",1992,0,0
"sh","Björn Engholm ","spd","Kabinett Engholm I",1988,1992,"ssw",1992,0,0
"sh","Björn Engholm ","spd","Kabinett Engholm I",1988,1992,"statt",1992,0,0
"sh","Björn Engholm ","spd","Kabinett Engholm I",1988,1992,"wav",1992,0,0
"sh","Björn Engholm ","spd","Kabinett Engholm I",1988,1992,"zentrum",1992,0,0
"bb","Manfred Stolpe ","spd","Kabinett Stolpe I",1990,1994,"bdv",1994,0,0
"bb","Manfred Stolpe ","spd","Kabinett Stolpe I",1990,1994,"bhe",1994,0,0
"bb","Manfred Stolpe ","spd","Kabinett Stolpe I",1990,1994,"bp",1994,0,0
"bb","Manfred Stolpe ","spd","Kabinett Stolpe I",1990,1994,"bsw",1994,0,0
"bb","Manfred Stolpe ","spd","Kabinett Stolpe I",1990,1994,"cdu",1994,0,0
"bb","Manfred Stolpe ","spd","Kabinett Stolpe I",1990,1994,"cvp",1994,0,0
"bb","Manfred Stolpe ","spd","Kabinett Stolpe I",1990,1994,"dp",1994,0,0
"bb","Manfred Stolpe ","spd","Kabinett Stolpe I",1990,1994,"dps",1994,0,0
"bb","Manfred Stolpe ","spd","Kabinett Stolpe I",1990,1994,"fdp",1994,1,0
"bb","Manfred Stolpe ","spd","Kabinett Stolpe I",1990,1994,"fw",1994,0,0
"bb","Manfred Stolpe ","spd","Kabinett Stolpe I",1990,1994,"gb/bhe",1994,0,0
"bb","Manfred Stolpe ","spd","Kabinett Stolpe I",1990,1994,"gru",1994,1,0
"bb","Manfred Stolpe ","spd","Kabinett Stolpe I",1990,1994,"kpd",1994,0,0
"bb","Manfred Stolpe ","spd","Kabinett Stolpe I",1990,1994,"lin",1994,0,0
"bb","Manfred Stolpe ","spd","Kabinett Stolpe I",1990,1994,"lpd",1994,0,0
"bb","Manfred Stolpe ","spd","Kabinett Stolpe I",1990,1994,"nlp",1994,0,0
"bb","Manfred Stolpe ","spd","Kabinett Stolpe I",1990,1994,"pro",1994,0,0
"bb","Manfred Stolpe ","spd","Kabinett Stolpe I",1990,1994,"spd",1994,1,1
"bb","Manfred Stolpe ","spd","Kabinett Stolpe I",1990,1994,"sps",1994,0,0
"bb","Manfred Stolpe ","spd","Kabinett Stolpe I",1990,1994,"ssw",1994,0,0
"bb","Manfred Stolpe ","spd","Kabinett Stolpe I",1990,1994,"statt",1994,0,0
"bb","Manfred Stolpe ","spd","Kabinett Stolpe I",1990,1994,"wav",1994,0,0
"bb","Manfred Stolpe ","spd","Kabinett Stolpe I",1990,1994,"zentrum",1994,0,0
"be","Walter Momper","spd","Kabinett Momper",1990,1991,"bdv",1991,0,0
"be","Walter Momper","spd","Kabinett Momper",1990,1991,"bhe",1991,0,0
"be","Walter Momper","spd","Kabinett Momper",1990,1991,"bp",1991,0,0
"be","Walter Momper","spd","Kabinett Momper",1990,1991,"bsw",1991,0,0
"be","Walter Momper","spd","Kabinett Momper",1990,1991,"cdu",1991,1,0
"be","Walter Momper","spd","Kabinett Momper",1990,1991,"cvp",1991,0,0
"be","Walter Momper","spd","Kabinett Momper",1990,1991,"dp",1991,0,0
"be","Walter Momper","spd","Kabinett Momper",1990,1991,"dps",1991,0,0
"be","Walter Momper","spd","Kabinett Momper",1990,1991,"fdp",1991,0,0
"be","Walter Momper","spd","Kabinett Momper",1990,1991,"fw",1991,0,0
"be","Walter Momper","spd","Kabinett Momper",1990,1991,"gb/bhe",1991,0,0
"be","Walter Momper","spd","Kabinett Momper",1990,1991,"gru",1991,1,0
"be","Walter Momper","spd","Kabinett Momper",1990,1991,"kpd",1991,0,0
"be","Walter Momper","spd","Kabinett Momper",1990,1991,"lin",1991,0,0
"be","Walter Momper","spd","Kabinett Momper",1990,1991,"lpd",1991,0,0
"be","Walter Momper","spd","Kabinett Momper",1990,1991,"nlp",1991,0,0
"be","Walter Momper","spd","Kabinett Momper",1990,1991,"pro",1991,0,0
"be","Walter Momper","spd","Kabinett Momper",1990,1991,"spd",1991,0,1
"be","Walter Momper","spd","Kabinett Momper",1990,1991,"sps",1991,0,0
"be","Walter Momper","spd","Kabinett Momper",1990,1991,"ssw",1991,0,0
"be","Walter Momper","spd","Kabinett Momper",1990,1991,"statt",1991,0,0
"be","Walter Momper","spd","Kabinett Momper",1990,1991,"wav",1991,0,0
"be","Walter Momper","spd","Kabinett Momper",1990,1991,"zentrum",1991,0,0
"by","Max Streibl","cdu","Kabinett Streibl II",1990,1993,"bdv",1993,0,0
"by","Max Streibl","cdu","Kabinett Streibl II",1990,1993,"bhe",1993,0,0
"by","Max Streibl","cdu","Kabinett Streibl II",1990,1993,"bp",1993,0,0
"by","Max Streibl","cdu","Kabinett Streibl II",1990,1993,"bsw",1993,0,0
"by","Max Streibl","cdu","Kabinett Streibl II",1990,1993,"cdu",1993,1,1
"by","Max Streibl","cdu","Kabinett Streibl II",1990,1993,"cvp",1993,0,0
"by","Max Streibl","cdu","Kabinett Streibl II",1990,1993,"dp",1993,0,0
"by","Max Streibl","cdu","Kabinett Streibl II",1990,1993,"dps",1993,0,0
"by","Max Streibl","cdu","Kabinett Streibl II",1990,1993,"fdp",1993,0,0
"by","Max Streibl","cdu","Kabinett Streibl II",1990,1993,"fw",1993,0,0
"by","Max Streibl","cdu","Kabinett Streibl II",1990,1993,"gb/bhe",1993,0,0
"by","Max Streibl","cdu","Kabinett Streibl II",1990,1993,"gru",1993,0,0
"by","Max Streibl","cdu","Kabinett Streibl II",1990,1993,"kpd",1993,0,0
"by","Max Streibl","cdu","Kabinett Streibl II",1990,1993,"lin",1993,0,0
"by","Max Streibl","cdu","Kabinett Streibl II",1990,1993,"lpd",1993,0,0
"by","Max Streibl","cdu","Kabinett Streibl II",1990,1993,"nlp",1993,0,0
"by","Max Streibl","cdu","Kabinett Streibl II",1990,1993,"pro",1993,0,0
"by","Max Streibl","cdu","Kabinett Streibl II",1990,1993,"spd",1993,0,0
"by","Max Streibl","cdu","Kabinett Streibl II",1990,1993,"sps",1993,0,0
"by","Max Streibl","cdu","Kabinett Streibl II",1990,1993,"ssw",1993,0,0
"by","Max Streibl","cdu","Kabinett Streibl II",1990,1993,"statt",1993,0,0
"by","Max Streibl","cdu","Kabinett Streibl II",1990,1993,"wav",1993,0,0
"by","Max Streibl","cdu","Kabinett Streibl II",1990,1993,"zentrum",1993,0,0
"mv","Alfred Gomolka","cdu","Kabinett Gomolka",1990,1992,"bdv",1992,0,0
"mv","Alfred Gomolka","cdu","Kabinett Gomolka",1990,1992,"bhe",1992,0,0
"mv","Alfred Gomolka","cdu","Kabinett Gomolka",1990,1992,"bp",1992,0,0
"mv","Alfred Gomolka","cdu","Kabinett Gomolka",1990,1992,"bsw",1992,0,0
"mv","Alfred Gomolka","cdu","Kabinett Gomolka",1990,1992,"cdu",1992,1,1
"mv","Alfred Gomolka","cdu","Kabinett Gomolka",1990,1992,"cvp",1992,0,0
"mv","Alfred Gomolka","cdu","Kabinett Gomolka",1990,1992,"dp",1992,0,0
"mv","Alfred Gomolka","cdu","Kabinett Gomolka",1990,1992,"dps",1992,0,0
"mv","Alfred Gomolka","cdu","Kabinett Gomolka",1990,1992,"fdp",1992,1,0
"mv","Alfred Gomolka","cdu","Kabinett Gomolka",1990,1992,"fw",1992,0,0
"mv","Alfred Gomolka","cdu","Kabinett Gomolka",1990,1992,"gb/bhe",1992,0,0
"mv","Alfred Gomolka","cdu","Kabinett Gomolka",1990,1992,"gru",1992,0,0
"mv","Alfred Gomolka","cdu","Kabinett Gomolka",1990,1992,"kpd",1992,0,0
"mv","Alfred Gomolka","cdu","Kabinett Gomolka",1990,1992,"lin",1992,0,0
"mv","Alfred Gomolka","cdu","Kabinett Gomolka",1990,1992,"lpd",1992,0,0
"mv","Alfred Gomolka","cdu","Kabinett Gomolka",1990,1992,"nlp",1992,0,0
"mv","Alfred Gomolka","cdu","Kabinett Gomolka",1990,1992,"pro",1992,0,0
"mv","Alfred Gomolka","cdu","Kabinett Gomolka",1990,1992,"spd",1992,0,0
"mv","Alfred Gomolka","cdu","Kabinett Gomolka",1990,1992,"sps",1992,0,0
"mv","Alfred Gomolka","cdu","Kabinett Gomolka",1990,1992,"ssw",1992,0,0
"mv","Alfred Gomolka","cdu","Kabinett Gomolka",1990,1992,"statt",1992,0,0
"mv","Alfred Gomolka","cdu","Kabinett Gomolka",1990,1992,"wav",1992,0,0
"mv","Alfred Gomolka","cdu","Kabinett Gomolka",1990,1992,"zentrum",1992,0,0
"ni","Gerhard Schröder","spd","Schröder I",1990,1994,"bdv",1994,0,0
"ni","Gerhard Schröder","spd","Schröder I",1990,1994,"bhe",1994,0,0
"ni","Gerhard Schröder","spd","Schröder I",1990,1994,"bp",1994,0,0
"ni","Gerhard Schröder","spd","Schröder I",1990,1994,"bsw",1994,0,0
"ni","Gerhard Schröder","spd","Schröder I",1990,1994,"cdu",1994,0,0
"ni","Gerhard Schröder","spd","Schröder I",1990,1994,"cvp",1994,0,0
"ni","Gerhard Schröder","spd","Schröder I",1990,1994,"dp",1994,0,0
"ni","Gerhard Schröder","spd","Schröder I",1990,1994,"dps",1994,0,0
"ni","Gerhard Schröder","spd","Schröder I",1990,1994,"fdp",1994,0,0
"ni","Gerhard Schröder","spd","Schröder I",1990,1994,"fw",1994,0,0
"ni","Gerhard Schröder","spd","Schröder I",1990,1994,"gb/bhe",1994,0,0
"ni","Gerhard Schröder","spd","Schröder I",1990,1994,"gru",1994,1,0
"ni","Gerhard Schröder","spd","Schröder I",1990,1994,"kpd",1994,0,0
"ni","Gerhard Schröder","spd","Schröder I",1990,1994,"lin",1994,0,0
"ni","Gerhard Schröder","spd","Schröder I",1990,1994,"lpd",1994,0,0
"ni","Gerhard Schröder","spd","Schröder I",1990,1994,"nlp",1994,0,0
"ni","Gerhard Schröder","spd","Schröder I",1990,1994,"pro",1994,0,0
"ni","Gerhard Schröder","spd","Schröder I",1990,1994,"spd",1994,1,1
"ni","Gerhard Schröder","spd","Schröder I",1990,1994,"sps",1994,0,0
"ni","Gerhard Schröder","spd","Schröder I",1990,1994,"ssw",1994,0,0
"ni","Gerhard Schröder","spd","Schröder I",1990,1994,"statt",1994,0,0
"ni","Gerhard Schröder","spd","Schröder I",1990,1994,"wav",1994,0,0
"ni","Gerhard Schröder","spd","Schröder I",1990,1994,"zentrum",1994,0,0
"nw","Johannes Rau","spd","Kabinett Rau IV",1990,1995,"bdv",1995,0,0
"nw","Johannes Rau","spd","Kabinett Rau IV",1990,1995,"bhe",1995,0,0
"nw","Johannes Rau","spd","Kabinett Rau IV",1990,1995,"bp",1995,0,0
"nw","Johannes Rau","spd","Kabinett Rau IV",1990,1995,"bsw",1995,0,0
"nw","Johannes Rau","spd","Kabinett Rau IV",1990,1995,"cdu",1995,0,0
"nw","Johannes Rau","spd","Kabinett Rau IV",1990,1995,"cvp",1995,0,0
"nw","Johannes Rau","spd","Kabinett Rau IV",1990,1995,"dp",1995,0,0
"nw","Johannes Rau","spd","Kabinett Rau IV",1990,1995,"dps",1995,0,0
"nw","Johannes Rau","spd","Kabinett Rau IV",1990,1995,"fdp",1995,0,0
"nw","Johannes Rau","spd","Kabinett Rau IV",1990,1995,"fw",1995,0,0
"nw","Johannes Rau","spd","Kabinett Rau IV",1990,1995,"gb/bhe",1995,0,0
"nw","Johannes Rau","spd","Kabinett Rau IV",1990,1995,"gru",1995,0,0
"nw","Johannes Rau","spd","Kabinett Rau IV",1990,1995,"kpd",1995,0,0
"nw","Johannes Rau","spd","Kabinett Rau IV",1990,1995,"lin",1995,0,0
"nw","Johannes Rau","spd","Kabinett Rau IV",1990,1995,"lpd",1995,0,0
"nw","Johannes Rau","spd","Kabinett Rau IV",1990,1995,"nlp",1995,0,0
"nw","Johannes Rau","spd","Kabinett Rau IV",1990,1995,"pro",1995,0,0
"nw","Johannes Rau","spd","Kabinett Rau IV",1990,1995,"spd",1995,1,1
"nw","Johannes Rau","spd","Kabinett Rau IV",1990,1995,"sps",1995,0,0
"nw","Johannes Rau","spd","Kabinett Rau IV",1990,1995,"ssw",1995,0,0
"nw","Johannes Rau","spd","Kabinett Rau IV",1990,1995,"statt",1995,0,0
"nw","Johannes Rau","spd","Kabinett Rau IV",1990,1995,"wav",1995,0,0
"nw","Johannes Rau","spd","Kabinett Rau IV",1990,1995,"zentrum",1995,0,0
"sl","Oskar Lafontaine","spd","Kabinett Lafontaine II",1990,1994,"bdv",1994,0,0
"sl","Oskar Lafontaine","spd","Kabinett Lafontaine II",1990,1994,"bhe",1994,0,0
"sl","Oskar Lafontaine","spd","Kabinett Lafontaine II",1990,1994,"bp",1994,0,0
"sl","Oskar Lafontaine","spd","Kabinett Lafontaine II",1990,1994,"bsw",1994,0,0
"sl","Oskar Lafontaine","spd","Kabinett Lafontaine II",1990,1994,"cdu",1994,0,0
"sl","Oskar Lafontaine","spd","Kabinett Lafontaine II",1990,1994,"cvp",1994,0,0
"sl","Oskar Lafontaine","spd","Kabinett Lafontaine II",1990,1994,"dp",1994,0,0
"sl","Oskar Lafontaine","spd","Kabinett Lafontaine II",1990,1994,"dps",1994,0,0
"sl","Oskar Lafontaine","spd","Kabinett Lafontaine II",1990,1994,"fdp",1994,0,0
"sl","Oskar Lafontaine","spd","Kabinett Lafontaine II",1990,1994,"fw",1994,0,0
"sl","Oskar Lafontaine","spd","Kabinett Lafontaine II",1990,1994,"gb/bhe",1994,0,0
"sl","Oskar Lafontaine","spd","Kabinett Lafontaine II",1990,1994,"gru",1994,0,0
"sl","Oskar Lafontaine","spd","Kabinett Lafontaine II",1990,1994,"kpd",1994,0,0
"sl","Oskar Lafontaine","spd","Kabinett Lafontaine II",1990,1994,"lin",1994,0,0
"sl","Oskar Lafontaine","spd","Kabinett Lafontaine II",1990,1994,"lpd",1994,0,0
"sl","Oskar Lafontaine","spd","Kabinett Lafontaine II",1990,1994,"nlp",1994,0,0
"sl","Oskar Lafontaine","spd","Kabinett Lafontaine II",1990,1994,"pro",1994,0,0
"sl","Oskar Lafontaine","spd","Kabinett Lafontaine II",1990,1994,"spd",1994,1,1
"sl","Oskar Lafontaine","spd","Kabinett Lafontaine II",1990,1994,"sps",1994,0,0
"sl","Oskar Lafontaine","spd","Kabinett Lafontaine II",1990,1994,"ssw",1994,0,0
"sl","Oskar Lafontaine","spd","Kabinett Lafontaine II",1990,1994,"statt",1994,0,0
"sl","Oskar Lafontaine","spd","Kabinett Lafontaine II",1990,1994,"wav",1994,0,0
"sl","Oskar Lafontaine","spd","Kabinett Lafontaine II",1990,1994,"zentrum",1994,0,0
"sn","Kurt Biedenkopf","cdu","Kabinett Biedenkopf I",1990,1994,"bdv",1994,0,0
"sn","Kurt Biedenkopf","cdu","Kabinett Biedenkopf I",1990,1994,"bhe",1994,0,0
"sn","Kurt Biedenkopf","cdu","Kabinett Biedenkopf I",1990,1994,"bp",1994,0,0
"sn","Kurt Biedenkopf","cdu","Kabinett Biedenkopf I",1990,1994,"bsw",1994,0,0
"sn","Kurt Biedenkopf","cdu","Kabinett Biedenkopf I",1990,1994,"cdu",1994,1,1
"sn","Kurt Biedenkopf","cdu","Kabinett Biedenkopf I",1990,1994,"cvp",1994,0,0
"sn","Kurt Biedenkopf","cdu","Kabinett Biedenkopf I",1990,1994,"dp",1994,0,0
"sn","Kurt Biedenkopf","cdu","Kabinett Biedenkopf I",1990,1994,"dps",1994,0,0
"sn","Kurt Biedenkopf","cdu","Kabinett Biedenkopf I",1990,1994,"fdp",1994,0,0
"sn","Kurt Biedenkopf","cdu","Kabinett Biedenkopf I",1990,1994,"fw",1994,0,0
"sn","Kurt Biedenkopf","cdu","Kabinett Biedenkopf I",1990,1994,"gb/bhe",1994,0,0
"sn","Kurt Biedenkopf","cdu","Kabinett Biedenkopf I",1990,1994,"gru",1994,0,0
"sn","Kurt Biedenkopf","cdu","Kabinett Biedenkopf I",1990,1994,"kpd",1994,0,0
"sn","Kurt Biedenkopf","cdu","Kabinett Biedenkopf I",1990,1994,"lin",1994,0,0
"sn","Kurt Biedenkopf","cdu","Kabinett Biedenkopf I",1990,1994,"lpd",1994,0,0
"sn","Kurt Biedenkopf","cdu","Kabinett Biedenkopf I",1990,1994,"nlp",1994,0,0
"sn","Kurt Biedenkopf","cdu","Kabinett Biedenkopf I",1990,1994,"pro",1994,0,0
"sn","Kurt Biedenkopf","cdu","Kabinett Biedenkopf I",1990,1994,"spd",1994,0,0
"sn","Kurt Biedenkopf","cdu","Kabinett Biedenkopf I",1990,1994,"sps",1994,0,0
"sn","Kurt Biedenkopf","cdu","Kabinett Biedenkopf I",1990,1994,"ssw",1994,0,0
"sn","Kurt Biedenkopf","cdu","Kabinett Biedenkopf I",1990,1994,"statt",1994,0,0
"sn","Kurt Biedenkopf","cdu","Kabinett Biedenkopf I",1990,1994,"wav",1994,0,0
"sn","Kurt Biedenkopf","cdu","Kabinett Biedenkopf I",1990,1994,"zentrum",1994,0,0
"st","Gerd Gies","cdu","Kabinett Gies",1990,1991,"bdv",1991,0,0
"st","Gerd Gies","cdu","Kabinett Gies",1990,1991,"bhe",1991,0,0
"st","Gerd Gies","cdu","Kabinett Gies",1990,1991,"bp",1991,0,0
"st","Gerd Gies","cdu","Kabinett Gies",1990,1991,"bsw",1991,0,0
"st","Gerd Gies","cdu","Kabinett Gies",1990,1991,"cdu",1991,1,1
"st","Gerd Gies","cdu","Kabinett Gies",1990,1991,"cvp",1991,0,0
"st","Gerd Gies","cdu","Kabinett Gies",1990,1991,"dp",1991,0,0
"st","Gerd Gies","cdu","Kabinett Gies",1990,1991,"dps",1991,0,0
"st","Gerd Gies","cdu","Kabinett Gies",1990,1991,"fdp",1991,1,0
"st","Gerd Gies","cdu","Kabinett Gies",1990,1991,"fw",1991,0,0
"st","Gerd Gies","cdu","Kabinett Gies",1990,1991,"gb/bhe",1991,0,0
"st","Gerd Gies","cdu","Kabinett Gies",1990,1991,"gru",1991,0,0
"st","Gerd Gies","cdu","Kabinett Gies",1990,1991,"kpd",1991,0,0
"st","Gerd Gies","cdu","Kabinett Gies",1990,1991,"lin",1991,0,0
"st","Gerd Gies","cdu","Kabinett Gies",1990,1991,"lpd",1991,0,0
"st","Gerd Gies","cdu","Kabinett Gies",1990,1991,"nlp",1991,0,0
"st","Gerd Gies","cdu","Kabinett Gies",1990,1991,"pro",1991,0,0
"st","Gerd Gies","cdu","Kabinett Gies",1990,1991,"spd",1991,0,0
"st","Gerd Gies","cdu","Kabinett Gies",1990,1991,"sps",1991,0,0
"st","Gerd Gies","cdu","Kabinett Gies",1990,1991,"ssw",1991,0,0
"st","Gerd Gies","cdu","Kabinett Gies",1990,1991,"statt",1991,0,0
"st","Gerd Gies","cdu","Kabinett Gies",1990,1991,"wav",1991,0,0
"st","Gerd Gies","cdu","Kabinett Gies",1990,1991,"zentrum",1991,0,0
"th","Josef Duchač","cdu","Kabinett Duchač",1990,1992,"bdv",1992,0,0
"th","Josef Duchač","cdu","Kabinett Duchač",1990,1992,"bhe",1992,0,0
"th","Josef Duchač","cdu","Kabinett Duchač",1990,1992,"bp",1992,0,0
"th","Josef Duchač","cdu","Kabinett Duchač",1990,1992,"bsw",1992,0,0
"th","Josef Duchač","cdu","Kabinett Duchač",1990,1992,"cdu",1992,1,1
"th","Josef Duchač","cdu","Kabinett Duchač",1990,1992,"cvp",1992,0,0
"th","Josef Duchač","cdu","Kabinett Duchač",1990,1992,"dp",1992,0,0
"th","Josef Duchač","cdu","Kabinett Duchač",1990,1992,"dps",1992,0,0
"th","Josef Duchač","cdu","Kabinett Duchač",1990,1992,"fdp",1992,1,0
"th","Josef Duchač","cdu","Kabinett Duchač",1990,1992,"fw",1992,0,0
"th","Josef Duchač","cdu","Kabinett Duchač",1990,1992,"gb/bhe",1992,0,0
"th","Josef Duchač","cdu","Kabinett Duchač",1990,1992,"gru",1992,0,0
"th","Josef Duchač","cdu","Kabinett Duchač",1990,1992,"kpd",1992,0,0
"th","Josef Duchač","cdu","Kabinett Duchač",1990,1992,"lin",1992,0,0
"th","Josef Duchač","cdu","Kabinett Duchač",1990,1992,"lpd",1992,0,0
"th","Josef Duchač","cdu","Kabinett Duchač",1990,1992,"nlp",1992,0,0
"th","Josef Duchač","cdu","Kabinett Duchač",1990,1992,"pro",1992,0,0
"th","Josef Duchač","cdu","Kabinett Duchač",1990,1992,"spd",1992,0,0
"th","Josef Duchač","cdu","Kabinett Duchač",1990,1992,"sps",1992,0,0
"th","Josef Duchač","cdu","Kabinett Duchač",1990,1992,"ssw",1992,0,0
"th","Josef Duchač","cdu","Kabinett Duchač",1990,1992,"statt",1992,0,0
"th","Josef Duchač","cdu","Kabinett Duchač",1990,1992,"wav",1992,0,0
"th","Josef Duchač","cdu","Kabinett Duchač",1990,1992,"zentrum",1992,0,0
"be","Eberhard Diepgen","cdu","Kabinett Diepgen III",1991,1996,"bdv",1995,0,0
"be","Eberhard Diepgen","cdu","Kabinett Diepgen III",1991,1996,"bdv",1996,0,0
"be","Eberhard Diepgen","cdu","Kabinett Diepgen III",1991,1996,"bhe",1995,0,0
"be","Eberhard Diepgen","cdu","Kabinett Diepgen III",1991,1996,"bhe",1996,0,0
"be","Eberhard Diepgen","cdu","Kabinett Diepgen III",1991,1996,"bp",1995,0,0
"be","Eberhard Diepgen","cdu","Kabinett Diepgen III",1991,1996,"bp",1996,0,0
"be","Eberhard Diepgen","cdu","Kabinett Diepgen III",1991,1996,"bsw",1995,0,0
"be","Eberhard Diepgen","cdu","Kabinett Diepgen III",1991,1996,"cdu",1995,1,1
"be","Eberhard Diepgen","cdu","Kabinett Diepgen III",1991,1996,"cdu",1996,1,1
"be","Eberhard Diepgen","cdu","Kabinett Diepgen III",1991,1996,"cvp",1995,0,0
"be","Eberhard Diepgen","cdu","Kabinett Diepgen III",1991,1996,"cvp",1996,0,0
"be","Eberhard Diepgen","cdu","Kabinett Diepgen III",1991,1996,"dp",1995,0,0
"be","Eberhard Diepgen","cdu","Kabinett Diepgen III",1991,1996,"dp",1996,0,0
"be","Eberhard Diepgen","cdu","Kabinett Diepgen III",1991,1996,"dps",1995,0,0
"be","Eberhard Diepgen","cdu","Kabinett Diepgen III",1991,1996,"dps",1996,0,0
"be","Eberhard Diepgen","cdu","Kabinett Diepgen III",1991,1996,"fdp",1995,0,0
"be","Eberhard Diepgen","cdu","Kabinett Diepgen III",1991,1996,"fdp",1996,0,0
"be","Eberhard Diepgen","cdu","Kabinett Diepgen III",1991,1996,"fw",1995,0,0
"be","Eberhard Diepgen","cdu","Kabinett Diepgen III",1991,1996,"fw",1996,0,0
"be","Eberhard Diepgen","cdu","Kabinett Diepgen III",1991,1996,"gb/bhe",1995,0,0
"be","Eberhard Diepgen","cdu","Kabinett Diepgen III",1991,1996,"gb/bhe",1996,0,0
"be","Eberhard Diepgen","cdu","Kabinett Diepgen III",1991,1996,"gru",1995,0,0
"be","Eberhard Diepgen","cdu","Kabinett Diepgen III",1991,1996,"gru",1996,0,0
"be","Eberhard Diepgen","cdu","Kabinett Diepgen III",1991,1996,"kpd",1995,0,0
"be","Eberhard Diepgen","cdu","Kabinett Diepgen III",1991,1996,"kpd",1996,0,0
"be","Eberhard Diepgen","cdu","Kabinett Diepgen III",1991,1996,"lin",1995,0,0
"be","Eberhard Diepgen","cdu","Kabinett Diepgen III",1991,1996,"lin",1996,0,0
"be","Eberhard Diepgen","cdu","Kabinett Diepgen III",1991,1996,"lpd",1995,0,0
"be","Eberhard Diepgen","cdu","Kabinett Diepgen III",1991,1996,"lpd",1996,0,0
"be","Eberhard Diepgen","cdu","Kabinett Diepgen III",1991,1996,"nlp",1995,0,0
"be","Eberhard Diepgen","cdu","Kabinett Diepgen III",1991,1996,"nlp",1996,0,0
"be","Eberhard Diepgen","cdu","Kabinett Diepgen III",1991,1996,"pro",1995,0,0
"be","Eberhard Diepgen","cdu","Kabinett Diepgen III",1991,1996,"pro",1996,0,0
"be","Eberhard Diepgen","cdu","Kabinett Diepgen III",1991,1996,"spd",1995,1,0
"be","Eberhard Diepgen","cdu","Kabinett Diepgen III",1991,1996,"spd",1996,1,0
"be","Eberhard Diepgen","cdu","Kabinett Diepgen III",1991,1996,"sps",1995,0,0
"be","Eberhard Diepgen","cdu","Kabinett Diepgen III",1991,1996,"sps",1996,0,0
"be","Eberhard Diepgen","cdu","Kabinett Diepgen III",1991,1996,"ssw",1995,0,0
"be","Eberhard Diepgen","cdu","Kabinett Diepgen III",1991,1996,"ssw",1996,0,0
"be","Eberhard Diepgen","cdu","Kabinett Diepgen III",1991,1996,"statt",1995,0,0
"be","Eberhard Diepgen","cdu","Kabinett Diepgen III",1991,1996,"statt",1996,0,0
"be","Eberhard Diepgen","cdu","Kabinett Diepgen III",1991,1996,"wav",1995,0,0
"be","Eberhard Diepgen","cdu","Kabinett Diepgen III",1991,1996,"wav",1996,0,0
"be","Eberhard Diepgen","cdu","Kabinett Diepgen III",1991,1996,"zentrum",1995,0,0
"be","Eberhard Diepgen","cdu","Kabinett Diepgen III",1991,1996,"zentrum",1996,0,0
"bw","Erwin Teufel","cdu","Kabinett Teufel I",1991,1992,"bdv",1992,0,0
"bw","Erwin Teufel","cdu","Kabinett Teufel I",1991,1992,"bhe",1992,0,0
"bw","Erwin Teufel","cdu","Kabinett Teufel I",1991,1992,"bp",1992,0,0
"bw","Erwin Teufel","cdu","Kabinett Teufel I",1991,1992,"bsw",1992,0,0
"bw","Erwin Teufel","cdu","Kabinett Teufel I",1991,1992,"cdu",1992,1,1
"bw","Erwin Teufel","cdu","Kabinett Teufel I",1991,1992,"cvp",1992,0,0
"bw","Erwin Teufel","cdu","Kabinett Teufel I",1991,1992,"dp",1992,0,0
"bw","Erwin Teufel","cdu","Kabinett Teufel I",1991,1992,"dps",1992,0,0
"bw","Erwin Teufel","cdu","Kabinett Teufel I",1991,1992,"fdp",1992,0,0
"bw","Erwin Teufel","cdu","Kabinett Teufel I",1991,1992,"fw",1992,0,0
"bw","Erwin Teufel","cdu","Kabinett Teufel I",1991,1992,"gb/bhe",1992,0,0
"bw","Erwin Teufel","cdu","Kabinett Teufel I",1991,1992,"gru",1992,0,0
"bw","Erwin Teufel","cdu","Kabinett Teufel I",1991,1992,"kpd",1992,0,0
"bw","Erwin Teufel","cdu","Kabinett Teufel I",1991,1992,"lin",1992,0,0
"bw","Erwin Teufel","cdu","Kabinett Teufel I",1991,1992,"lpd",1992,0,0
"bw","Erwin Teufel","cdu","Kabinett Teufel I",1991,1992,"nlp",1992,0,0
"bw","Erwin Teufel","cdu","Kabinett Teufel I",1991,1992,"pro",1992,0,0
"bw","Erwin Teufel","cdu","Kabinett Teufel I",1991,1992,"spd",1992,0,0
"bw","Erwin Teufel","cdu","Kabinett Teufel I",1991,1992,"sps",1992,0,0
"bw","Erwin Teufel","cdu","Kabinett Teufel I",1991,1992,"ssw",1992,0,0
"bw","Erwin Teufel","cdu","Kabinett Teufel I",1991,1992,"statt",1992,0,0
"bw","Erwin Teufel","cdu","Kabinett Teufel I",1991,1992,"wav",1992,0,0
"bw","Erwin Teufel","cdu","Kabinett Teufel I",1991,1992,"zentrum",1992,0,0
"hb","Klaus Wedemeier","spd","Wedemeier III",1991,1995,"bdv",1995,0,0
"hb","Klaus Wedemeier","spd","Wedemeier III",1991,1995,"bhe",1995,0,0
"hb","Klaus Wedemeier","spd","Wedemeier III",1991,1995,"bp",1995,0,0
"hb","Klaus Wedemeier","spd","Wedemeier III",1991,1995,"bsw",1995,0,0
"hb","Klaus Wedemeier","spd","Wedemeier III",1991,1995,"cdu",1995,0,0
"hb","Klaus Wedemeier","spd","Wedemeier III",1991,1995,"cvp",1995,0,0
"hb","Klaus Wedemeier","spd","Wedemeier III",1991,1995,"dp",1995,0,0
"hb","Klaus Wedemeier","spd","Wedemeier III",1991,1995,"dps",1995,0,0
"hb","Klaus Wedemeier","spd","Wedemeier III",1991,1995,"fdp",1995,1,0
"hb","Klaus Wedemeier","spd","Wedemeier III",1991,1995,"fw",1995,0,0
"hb","Klaus Wedemeier","spd","Wedemeier III",1991,1995,"gb/bhe",1995,0,0
"hb","Klaus Wedemeier","spd","Wedemeier III",1991,1995,"gru",1995,1,0
"hb","Klaus Wedemeier","spd","Wedemeier III",1991,1995,"kpd",1995,0,0
"hb","Klaus Wedemeier","spd","Wedemeier III",1991,1995,"lin",1995,0,0
"hb","Klaus Wedemeier","spd","Wedemeier III",1991,1995,"lpd",1995,0,0
"hb","Klaus Wedemeier","spd","Wedemeier III",1991,1995,"nlp",1995,0,0
"hb","Klaus Wedemeier","spd","Wedemeier III",1991,1995,"pro",1995,0,0
"hb","Klaus Wedemeier","spd","Wedemeier III",1991,1995,"spd",1995,1,1
"hb","Klaus Wedemeier","spd","Wedemeier III",1991,1995,"sps",1995,0,0
"hb","Klaus Wedemeier","spd","Wedemeier III",1991,1995,"ssw",1995,0,0
"hb","Klaus Wedemeier","spd","Wedemeier III",1991,1995,"statt",1995,0,0
"hb","Klaus Wedemeier","spd","Wedemeier III",1991,1995,"wav",1995,0,0
"hb","Klaus Wedemeier","spd","Wedemeier III",1991,1995,"zentrum",1995,0,0
"he","Hans Eichel","spd","Kabinett Eichel I",1991,1995,"bdv",1995,0,0
"he","Hans Eichel","spd","Kabinett Eichel I",1991,1995,"bhe",1995,0,0
"he","Hans Eichel","spd","Kabinett Eichel I",1991,1995,"bp",1995,0,0
"he","Hans Eichel","spd","Kabinett Eichel I",1991,1995,"bsw",1995,0,0
"he","Hans Eichel","spd","Kabinett Eichel I",1991,1995,"cdu",1995,0,0
"he","Hans Eichel","spd","Kabinett Eichel I",1991,1995,"cvp",1995,0,0
"he","Hans Eichel","spd","Kabinett Eichel I",1991,1995,"dp",1995,0,0
"he","Hans Eichel","spd","Kabinett Eichel I",1991,1995,"dps",1995,0,0
"he","Hans Eichel","spd","Kabinett Eichel I",1991,1995,"fdp",1995,0,0
"he","Hans Eichel","spd","Kabinett Eichel I",1991,1995,"fw",1995,0,0
"he","Hans Eichel","spd","Kabinett Eichel I",1991,1995,"gb/bhe",1995,0,0
"he","Hans Eichel","spd","Kabinett Eichel I",1991,1995,"gru",1995,1,0
"he","Hans Eichel","spd","Kabinett Eichel I",1991,1995,"kpd",1995,0,0
"he","Hans Eichel","spd","Kabinett Eichel I",1991,1995,"lin",1995,0,0
"he","Hans Eichel","spd","Kabinett Eichel I",1991,1995,"lpd",1995,0,0
"he","Hans Eichel","spd","Kabinett Eichel I",1991,1995,"nlp",1995,0,0
"he","Hans Eichel","spd","Kabinett Eichel I",1991,1995,"pro",1995,0,0
"he","Hans Eichel","spd","Kabinett Eichel I",1991,1995,"spd",1995,1,1
"he","Hans Eichel","spd","Kabinett Eichel I",1991,1995,"sps",1995,0,0
"he","Hans Eichel","spd","Kabinett Eichel I",1991,1995,"ssw",1995,0,0
"he","Hans Eichel","spd","Kabinett Eichel I",1991,1995,"statt",1995,0,0
"he","Hans Eichel","spd","Kabinett Eichel I",1991,1995,"wav",1995,0,0
"he","Hans Eichel","spd","Kabinett Eichel I",1991,1995,"zentrum",1995,0,0
"hh","Henning Voscherau","spd","Kabinett Voscherau II",1991,1993,"bdv",1993,0,0
"hh","Henning Voscherau","spd","Kabinett Voscherau II",1991,1993,"bhe",1993,0,0
"hh","Henning Voscherau","spd","Kabinett Voscherau II",1991,1993,"bp",1993,0,0
"hh","Henning Voscherau","spd","Kabinett Voscherau II",1991,1993,"bsw",1993,0,0
"hh","Henning Voscherau","spd","Kabinett Voscherau II",1991,1993,"cdu",1993,0,0
"hh","Henning Voscherau","spd","Kabinett Voscherau II",1991,1993,"cvp",1993,0,0
"hh","Henning Voscherau","spd","Kabinett Voscherau II",1991,1993,"dp",1993,0,0
"hh","Henning Voscherau","spd","Kabinett Voscherau II",1991,1993,"dps",1993,0,0
"hh","Henning Voscherau","spd","Kabinett Voscherau II",1991,1993,"fdp",1993,0,0
"hh","Henning Voscherau","spd","Kabinett Voscherau II",1991,1993,"fw",1993,0,0
"hh","Henning Voscherau","spd","Kabinett Voscherau II",1991,1993,"gb/bhe",1993,0,0
"hh","Henning Voscherau","spd","Kabinett Voscherau II",1991,1993,"gru",1993,0,0
"hh","Henning Voscherau","spd","Kabinett Voscherau II",1991,1993,"kpd",1993,0,0
"hh","Henning Voscherau","spd","Kabinett Voscherau II",1991,1993,"lin",1993,0,0
"hh","Henning Voscherau","spd","Kabinett Voscherau II",1991,1993,"lpd",1993,0,0
"hh","Henning Voscherau","spd","Kabinett Voscherau II",1991,1993,"nlp",1993,0,0
"hh","Henning Voscherau","spd","Kabinett Voscherau II",1991,1993,"pro",1993,0,0
"hh","Henning Voscherau","spd","Kabinett Voscherau II",1991,1993,"spd",1993,1,1
"hh","Henning Voscherau","spd","Kabinett Voscherau II",1991,1993,"sps",1993,0,0
"hh","Henning Voscherau","spd","Kabinett Voscherau II",1991,1993,"ssw",1993,0,0
"hh","Henning Voscherau","spd","Kabinett Voscherau II",1991,1993,"statt",1993,0,0
"hh","Henning Voscherau","spd","Kabinett Voscherau II",1991,1993,"wav",1993,0,0
"hh","Henning Voscherau","spd","Kabinett Voscherau II",1991,1993,"zentrum",1993,0,0
"rp","Rudolf Scharping","spd","Scharping",1991,1994,"bdv",1994,0,0
"rp","Rudolf Scharping","spd","Scharping",1991,1994,"bhe",1994,0,0
"rp","Rudolf Scharping","spd","Scharping",1991,1994,"bp",1994,0,0
"rp","Rudolf Scharping","spd","Scharping",1991,1994,"bsw",1994,0,0
"rp","Rudolf Scharping","spd","Scharping",1991,1994,"cdu",1994,0,0
"rp","Rudolf Scharping","spd","Scharping",1991,1994,"cvp",1994,0,0
"rp","Rudolf Scharping","spd","Scharping",1991,1994,"dp",1994,0,0
"rp","Rudolf Scharping","spd","Scharping",1991,1994,"dps",1994,0,0
"rp","Rudolf Scharping","spd","Scharping",1991,1994,"fdp",1994,1,0
"rp","Rudolf Scharping","spd","Scharping",1991,1994,"fw",1994,0,0
"rp","Rudolf Scharping","spd","Scharping",1991,1994,"gb/bhe",1994,0,0
"rp","Rudolf Scharping","spd","Scharping",1991,1994,"gru",1994,0,0
"rp","Rudolf Scharping","spd","Scharping",1991,1994,"kpd",1994,0,0
"rp","Rudolf Scharping","spd","Scharping",1991,1994,"lin",1994,0,0
"rp","Rudolf Scharping","spd","Scharping",1991,1994,"lpd",1994,0,0
"rp","Rudolf Scharping","spd","Scharping",1991,1994,"nlp",1994,0,0
"rp","Rudolf Scharping","spd","Scharping",1991,1994,"pro",1994,0,0
"rp","Rudolf Scharping","spd","Scharping",1991,1994,"spd",1994,1,1
"rp","Rudolf Scharping","spd","Scharping",1991,1994,"sps",1994,0,0
"rp","Rudolf Scharping","spd","Scharping",1991,1994,"ssw",1994,0,0
"rp","Rudolf Scharping","spd","Scharping",1991,1994,"statt",1994,0,0
"rp","Rudolf Scharping","spd","Scharping",1991,1994,"wav",1994,0,0
"rp","Rudolf Scharping","spd","Scharping",1991,1994,"zentrum",1994,0,0
"st","Werner Münch","cdu","Kabinett Münch",1991,1993,"bdv",1993,0,0
"st","Werner Münch","cdu","Kabinett Münch",1991,1993,"bhe",1993,0,0
"st","Werner Münch","cdu","Kabinett Münch",1991,1993,"bp",1993,0,0
"st","Werner Münch","cdu","Kabinett Münch",1991,1993,"bsw",1993,0,0
"st","Werner Münch","cdu","Kabinett Münch",1991,1993,"cdu",1993,1,1
"st","Werner Münch","cdu","Kabinett Münch",1991,1993,"cvp",1993,0,0
"st","Werner Münch","cdu","Kabinett Münch",1991,1993,"dp",1993,0,0
"st","Werner Münch","cdu","Kabinett Münch",1991,1993,"dps",1993,0,0
"st","Werner Münch","cdu","Kabinett Münch",1991,1993,"fdp",1993,1,0
"st","Werner Münch","cdu","Kabinett Münch",1991,1993,"fw",1993,0,0
"st","Werner Münch","cdu","Kabinett Münch",1991,1993,"gb/bhe",1993,0,0
"st","Werner Münch","cdu","Kabinett Münch",1991,1993,"gru",1993,0,0
"st","Werner Münch","cdu","Kabinett Münch",1991,1993,"kpd",1993,0,0
"st","Werner Münch","cdu","Kabinett Münch",1991,1993,"lin",1993,0,0
"st","Werner Münch","cdu","Kabinett Münch",1991,1993,"lpd",1993,0,0
"st","Werner Münch","cdu","Kabinett Münch",1991,1993,"nlp",1993,0,0
"st","Werner Münch","cdu","Kabinett Münch",1991,1993,"pro",1993,0,0
"st","Werner Münch","cdu","Kabinett Münch",1991,1993,"spd",1993,0,0
"st","Werner Münch","cdu","Kabinett Münch",1991,1993,"sps",1993,0,0
"st","Werner Münch","cdu","Kabinett Münch",1991,1993,"ssw",1993,0,0
"st","Werner Münch","cdu","Kabinett Münch",1991,1993,"statt",1993,0,0
"st","Werner Münch","cdu","Kabinett Münch",1991,1993,"wav",1993,0,0
"st","Werner Münch","cdu","Kabinett Münch",1991,1993,"zentrum",1993,0,0
"bw","Erwin Teufel","cdu","Kabinett Teufel II",1992,1996,"bdv",1996,0,0
"bw","Erwin Teufel","cdu","Kabinett Teufel II",1992,1996,"bhe",1996,0,0
"bw","Erwin Teufel","cdu","Kabinett Teufel II",1992,1996,"bp",1996,0,0
"bw","Erwin Teufel","cdu","Kabinett Teufel II",1992,1996,"bsw",1996,0,0
"bw","Erwin Teufel","cdu","Kabinett Teufel II",1992,1996,"cdu",1996,1,1
"bw","Erwin Teufel","cdu","Kabinett Teufel II",1992,1996,"cvp",1996,0,0
"bw","Erwin Teufel","cdu","Kabinett Teufel II",1992,1996,"dp",1996,0,0
"bw","Erwin Teufel","cdu","Kabinett Teufel II",1992,1996,"dps",1996,0,0
"bw","Erwin Teufel","cdu","Kabinett Teufel II",1992,1996,"fdp",1996,0,0
"bw","Erwin Teufel","cdu","Kabinett Teufel II",1992,1996,"fw",1996,0,0
"bw","Erwin Teufel","cdu","Kabinett Teufel II",1992,1996,"gb/bhe",1996,0,0
"bw","Erwin Teufel","cdu","Kabinett Teufel II",1992,1996,"gru",1996,0,0
"bw","Erwin Teufel","cdu","Kabinett Teufel II",1992,1996,"kpd",1996,0,0
"bw","Erwin Teufel","cdu","Kabinett Teufel II",1992,1996,"lin",1996,0,0
"bw","Erwin Teufel","cdu","Kabinett Teufel II",1992,1996,"lpd",1996,0,0
"bw","Erwin Teufel","cdu","Kabinett Teufel II",1992,1996,"nlp",1996,0,0
"bw","Erwin Teufel","cdu","Kabinett Teufel II",1992,1996,"pro",1996,0,0
"bw","Erwin Teufel","cdu","Kabinett Teufel II",1992,1996,"spd",1996,1,0
"bw","Erwin Teufel","cdu","Kabinett Teufel II",1992,1996,"sps",1996,0,0
"bw","Erwin Teufel","cdu","Kabinett Teufel II",1992,1996,"ssw",1996,0,0
"bw","Erwin Teufel","cdu","Kabinett Teufel II",1992,1996,"statt",1996,0,0
"bw","Erwin Teufel","cdu","Kabinett Teufel II",1992,1996,"wav",1996,0,0
"bw","Erwin Teufel","cdu","Kabinett Teufel II",1992,1996,"zentrum",1996,0,0
"mv","Berndt Seite","cdu","Kabinett Seite I",1992,1994,"bdv",1994,0,0
"mv","Berndt Seite","cdu","Kabinett Seite I",1992,1994,"bhe",1994,0,0
"mv","Berndt Seite","cdu","Kabinett Seite I",1992,1994,"bp",1994,0,0
"mv","Berndt Seite","cdu","Kabinett Seite I",1992,1994,"bsw",1994,0,0
"mv","Berndt Seite","cdu","Kabinett Seite I",1992,1994,"cdu",1994,1,1
"mv","Berndt Seite","cdu","Kabinett Seite I",1992,1994,"cvp",1994,0,0
"mv","Berndt Seite","cdu","Kabinett Seite I",1992,1994,"dp",1994,0,0
"mv","Berndt Seite","cdu","Kabinett Seite I",1992,1994,"dps",1994,0,0
"mv","Berndt Seite","cdu","Kabinett Seite I",1992,1994,"fdp",1994,1,0
"mv","Berndt Seite","cdu","Kabinett Seite I",1992,1994,"fw",1994,0,0
"mv","Berndt Seite","cdu","Kabinett Seite I",1992,1994,"gb/bhe",1994,0,0
"mv","Berndt Seite","cdu","Kabinett Seite I",1992,1994,"gru",1994,0,0
"mv","Berndt Seite","cdu","Kabinett Seite I",1992,1994,"kpd",1994,0,0
"mv","Berndt Seite","cdu","Kabinett Seite I",1992,1994,"lin",1994,0,0
"mv","Berndt Seite","cdu","Kabinett Seite I",1992,1994,"lpd",1994,0,0
"mv","Berndt Seite","cdu","Kabinett Seite I",1992,1994,"nlp",1994,0,0
"mv","Berndt Seite","cdu","Kabinett Seite I",1992,1994,"pro",1994,0,0
"mv","Berndt Seite","cdu","Kabinett Seite I",1992,1994,"spd",1994,0,0
"mv","Berndt Seite","cdu","Kabinett Seite I",1992,1994,"sps",1994,0,0
"mv","Berndt Seite","cdu","Kabinett Seite I",1992,1994,"ssw",1994,0,0
"mv","Berndt Seite","cdu","Kabinett Seite I",1992,1994,"statt",1994,0,0
"mv","Berndt Seite","cdu","Kabinett Seite I",1992,1994,"wav",1994,0,0
"mv","Berndt Seite","cdu","Kabinett Seite I",1992,1994,"zentrum",1994,0,0
"sh","Björn Engholm","spd","Kabinett Engholm II",1992,1993,"bdv",1993,0,0
"sh","Björn Engholm","spd","Kabinett Engholm II",1992,1993,"bhe",1993,0,0
"sh","Björn Engholm","spd","Kabinett Engholm II",1992,1993,"bp",1993,0,0
"sh","Björn Engholm","spd","Kabinett Engholm II",1992,1993,"bsw",1993,0,0
"sh","Björn Engholm","spd","Kabinett Engholm II",1992,1993,"cdu",1993,0,0
"sh","Björn Engholm","spd","Kabinett Engholm II",1992,1993,"cvp",1993,0,0
"sh","Björn Engholm","spd","Kabinett Engholm II",1992,1993,"dp",1993,0,0
"sh","Björn Engholm","spd","Kabinett Engholm II",1992,1993,"dps",1993,0,0
"sh","Björn Engholm","spd","Kabinett Engholm II",1992,1993,"fdp",1993,0,0
"sh","Björn Engholm","spd","Kabinett Engholm II",1992,1993,"fw",1993,0,0
"sh","Björn Engholm","spd","Kabinett Engholm II",1992,1993,"gb/bhe",1993,0,0
"sh","Björn Engholm","spd","Kabinett Engholm II",1992,1993,"gru",1993,0,0
"sh","Björn Engholm","spd","Kabinett Engholm II",1992,1993,"kpd",1993,0,0
"sh","Björn Engholm","spd","Kabinett Engholm II",1992,1993,"lin",1993,0,0
"sh","Björn Engholm","spd","Kabinett Engholm II",1992,1993,"lpd",1993,0,0
"sh","Björn Engholm","spd","Kabinett Engholm II",1992,1993,"nlp",1993,0,0
"sh","Björn Engholm","spd","Kabinett Engholm II",1992,1993,"pro",1993,0,0
"sh","Björn Engholm","spd","Kabinett Engholm II",1992,1993,"spd",1993,1,1
"sh","Björn Engholm","spd","Kabinett Engholm II",1992,1993,"sps",1993,0,0
"sh","Björn Engholm","spd","Kabinett Engholm II",1992,1993,"ssw",1993,0,0
"sh","Björn Engholm","spd","Kabinett Engholm II",1992,1993,"statt",1993,0,0
"sh","Björn Engholm","spd","Kabinett Engholm II",1992,1993,"wav",1993,0,0
"sh","Björn Engholm","spd","Kabinett Engholm II",1992,1993,"zentrum",1993,0,0
"th","Bernhard Vogel","cdu","Kabinett Vogel I",1992,1994,"bdv",1994,0,0
"th","Bernhard Vogel","cdu","Kabinett Vogel I",1992,1994,"bhe",1994,0,0
"th","Bernhard Vogel","cdu","Kabinett Vogel I",1992,1994,"bp",1994,0,0
"th","Bernhard Vogel","cdu","Kabinett Vogel I",1992,1994,"bsw",1994,0,0
"th","Bernhard Vogel","cdu","Kabinett Vogel I",1992,1994,"cdu",1994,1,1
"th","Bernhard Vogel","cdu","Kabinett Vogel I",1992,1994,"cvp",1994,0,0
"th","Bernhard Vogel","cdu","Kabinett Vogel I",1992,1994,"dp",1994,0,0
"th","Bernhard Vogel","cdu","Kabinett Vogel I",1992,1994,"dps",1994,0,0
"th","Bernhard Vogel","cdu","Kabinett Vogel I",1992,1994,"fdp",1994,0,0
"th","Bernhard Vogel","cdu","Kabinett Vogel I",1992,1994,"fw",1994,0,0
"th","Bernhard Vogel","cdu","Kabinett Vogel I",1992,1994,"gb/bhe",1994,0,0
"th","Bernhard Vogel","cdu","Kabinett Vogel I",1992,1994,"gru",1994,0,0
"th","Bernhard Vogel","cdu","Kabinett Vogel I",1992,1994,"kpd",1994,0,0
"th","Bernhard Vogel","cdu","Kabinett Vogel I",1992,1994,"lin",1994,0,0
"th","Bernhard Vogel","cdu","Kabinett Vogel I",1992,1994,"lpd",1994,0,0
"th","Bernhard Vogel","cdu","Kabinett Vogel I",1992,1994,"nlp",1994,0,0
"th","Bernhard Vogel","cdu","Kabinett Vogel I",1992,1994,"pro",1994,0,0
"th","Bernhard Vogel","cdu","Kabinett Vogel I",1992,1994,"spd",1994,0,0
"th","Bernhard Vogel","cdu","Kabinett Vogel I",1992,1994,"sps",1994,0,0
"th","Bernhard Vogel","cdu","Kabinett Vogel I",1992,1994,"ssw",1994,0,0
"th","Bernhard Vogel","cdu","Kabinett Vogel I",1992,1994,"statt",1994,0,0
"th","Bernhard Vogel","cdu","Kabinett Vogel I",1992,1994,"wav",1994,0,0
"th","Bernhard Vogel","cdu","Kabinett Vogel I",1992,1994,"zentrum",1994,0,0
"by","Edmund Stoiber","cdu","Kabinett Stoiber I",1993,1994,"bdv",1994,0,0
"by","Edmund Stoiber","cdu","Kabinett Stoiber I",1993,1994,"bhe",1994,0,0
"by","Edmund Stoiber","cdu","Kabinett Stoiber I",1993,1994,"bp",1994,0,0
"by","Edmund Stoiber","cdu","Kabinett Stoiber I",1993,1994,"bsw",1994,0,0
"by","Edmund Stoiber","cdu","Kabinett Stoiber I",1993,1994,"cdu",1994,1,1
"by","Edmund Stoiber","cdu","Kabinett Stoiber I",1993,1994,"cvp",1994,0,0
"by","Edmund Stoiber","cdu","Kabinett Stoiber I",1993,1994,"dp",1994,0,0
"by","Edmund Stoiber","cdu","Kabinett Stoiber I",1993,1994,"dps",1994,0,0
"by","Edmund Stoiber","cdu","Kabinett Stoiber I",1993,1994,"fdp",1994,0,0
"by","Edmund Stoiber","cdu","Kabinett Stoiber I",1993,1994,"fw",1994,0,0
"by","Edmund Stoiber","cdu","Kabinett Stoiber I",1993,1994,"gb/bhe",1994,0,0
"by","Edmund Stoiber","cdu","Kabinett Stoiber I",1993,1994,"gru",1994,0,0
"by","Edmund Stoiber","cdu","Kabinett Stoiber I",1993,1994,"kpd",1994,0,0
"by","Edmund Stoiber","cdu","Kabinett Stoiber I",1993,1994,"lin",1994,0,0
"by","Edmund Stoiber","cdu","Kabinett Stoiber I",1993,1994,"lpd",1994,0,0
"by","Edmund Stoiber","cdu","Kabinett Stoiber I",1993,1994,"nlp",1994,0,0
"by","Edmund Stoiber","cdu","Kabinett Stoiber I",1993,1994,"pro",1994,0,0
"by","Edmund Stoiber","cdu","Kabinett Stoiber I",1993,1994,"spd",1994,0,0
"by","Edmund Stoiber","cdu","Kabinett Stoiber I",1993,1994,"sps",1994,0,0
"by","Edmund Stoiber","cdu","Kabinett Stoiber I",1993,1994,"ssw",1994,0,0
"by","Edmund Stoiber","cdu","Kabinett Stoiber I",1993,1994,"statt",1994,0,0
"by","Edmund Stoiber","cdu","Kabinett Stoiber I",1993,1994,"wav",1994,0,0
"by","Edmund Stoiber","cdu","Kabinett Stoiber I",1993,1994,"zentrum",1994,0,0
"hh","Henning Voscherau","spd","Kabinett Voscherau III",1993,1997,"bdv",1997,0,0
"hh","Henning Voscherau","spd","Kabinett Voscherau III",1993,1997,"bhe",1997,0,0
"hh","Henning Voscherau","spd","Kabinett Voscherau III",1993,1997,"bp",1997,0,0
"hh","Henning Voscherau","spd","Kabinett Voscherau III",1993,1997,"bsw",1997,0,0
"hh","Henning Voscherau","spd","Kabinett Voscherau III",1993,1997,"cdu",1997,0,0
"hh","Henning Voscherau","spd","Kabinett Voscherau III",1993,1997,"cvp",1997,0,0
"hh","Henning Voscherau","spd","Kabinett Voscherau III",1993,1997,"dp",1997,0,0
"hh","Henning Voscherau","spd","Kabinett Voscherau III",1993,1997,"dps",1997,0,0
"hh","Henning Voscherau","spd","Kabinett Voscherau III",1993,1997,"fdp",1997,0,0
"hh","Henning Voscherau","spd","Kabinett Voscherau III",1993,1997,"fw",1997,0,0
"hh","Henning Voscherau","spd","Kabinett Voscherau III",1993,1997,"gb/bhe",1997,0,0
"hh","Henning Voscherau","spd","Kabinett Voscherau III",1993,1997,"gru",1997,0,0
"hh","Henning Voscherau","spd","Kabinett Voscherau III",1993,1997,"kpd",1997,0,0
"hh","Henning Voscherau","spd","Kabinett Voscherau III",1993,1997,"lin",1997,0,0
"hh","Henning Voscherau","spd","Kabinett Voscherau III",1993,1997,"lpd",1997,0,0
"hh","Henning Voscherau","spd","Kabinett Voscherau III",1993,1997,"nlp",1997,0,0
"hh","Henning Voscherau","spd","Kabinett Voscherau III",1993,1997,"pro",1997,0,0
"hh","Henning Voscherau","spd","Kabinett Voscherau III",1993,1997,"spd",1997,1,1
"hh","Henning Voscherau","spd","Kabinett Voscherau III",1993,1997,"sps",1997,0,0
"hh","Henning Voscherau","spd","Kabinett Voscherau III",1993,1997,"ssw",1997,0,0
"hh","Henning Voscherau","spd","Kabinett Voscherau III",1993,1997,"statt",1997,1,0
"hh","Henning Voscherau","spd","Kabinett Voscherau III",1993,1997,"wav",1997,0,0
"hh","Henning Voscherau","spd","Kabinett Voscherau III",1993,1997,"zentrum",1997,0,0
"sh","Heide Simonis","spd","Kabinett Simonis I",1993,1996,"bdv",1996,0,0
"sh","Heide Simonis","spd","Kabinett Simonis I",1993,1996,"bhe",1996,0,0
"sh","Heide Simonis","spd","Kabinett Simonis I",1993,1996,"bp",1996,0,0
"sh","Heide Simonis","spd","Kabinett Simonis I",1993,1996,"bsw",1996,0,0
"sh","Heide Simonis","spd","Kabinett Simonis I",1993,1996,"cdu",1996,0,0
"sh","Heide Simonis","spd","Kabinett Simonis I",1993,1996,"cvp",1996,0,0
"sh","Heide Simonis","spd","Kabinett Simonis I",1993,1996,"dp",1996,0,0
"sh","Heide Simonis","spd","Kabinett Simonis I",1993,1996,"dps",1996,0,0
"sh","Heide Simonis","spd","Kabinett Simonis I",1993,1996,"fdp",1996,0,0
"sh","Heide Simonis","spd","Kabinett Simonis I",1993,1996,"fw",1996,0,0
"sh","Heide Simonis","spd","Kabinett Simonis I",1993,1996,"gb/bhe",1996,0,0
"sh","Heide Simonis","spd","Kabinett Simonis I",1993,1996,"gru",1996,0,0
"sh","Heide Simonis","spd","Kabinett Simonis I",1993,1996,"kpd",1996,0,0
"sh","Heide Simonis","spd","Kabinett Simonis I",1993,1996,"lin",1996,0,0
"sh","Heide Simonis","spd","Kabinett Simonis I",1993,1996,"lpd",1996,0,0
"sh","Heide Simonis","spd","Kabinett Simonis I",1993,1996,"nlp",1996,0,0
"sh","Heide Simonis","spd","Kabinett Simonis I",1993,1996,"pro",1996,0,0
"sh","Heide Simonis","spd","Kabinett Simonis I",1993,1996,"spd",1996,1,1
"sh","Heide Simonis","spd","Kabinett Simonis I",1993,1996,"sps",1996,0,0
"sh","Heide Simonis","spd","Kabinett Simonis I",1993,1996,"ssw",1996,0,0
"sh","Heide Simonis","spd","Kabinett Simonis I",1993,1996,"statt",1996,0,0
"sh","Heide Simonis","spd","Kabinett Simonis I",1993,1996,"wav",1996,0,0
"sh","Heide Simonis","spd","Kabinett Simonis I",1993,1996,"zentrum",1996,0,0
"st","Christoph Bergner","cdu","Kabinett Bergner",1993,1994,"bdv",1994,0,0
"st","Christoph Bergner","cdu","Kabinett Bergner",1993,1994,"bhe",1994,0,0
"st","Christoph Bergner","cdu","Kabinett Bergner",1993,1994,"bp",1994,0,0
"st","Christoph Bergner","cdu","Kabinett Bergner",1993,1994,"bsw",1994,0,0
"st","Christoph Bergner","cdu","Kabinett Bergner",1993,1994,"cdu",1994,1,1
"st","Christoph Bergner","cdu","Kabinett Bergner",1993,1994,"cvp",1994,0,0
"st","Christoph Bergner","cdu","Kabinett Bergner",1993,1994,"dp",1994,0,0
"st","Christoph Bergner","cdu","Kabinett Bergner",1993,1994,"dps",1994,0,0
"st","Christoph Bergner","cdu","Kabinett Bergner",1993,1994,"fdp",1994,1,0
"st","Christoph Bergner","cdu","Kabinett Bergner",1993,1994,"fw",1994,0,0
"st","Christoph Bergner","cdu","Kabinett Bergner",1993,1994,"gb/bhe",1994,0,0
"st","Christoph Bergner","cdu","Kabinett Bergner",1993,1994,"gru",1994,0,0
"st","Christoph Bergner","cdu","Kabinett Bergner",1993,1994,"kpd",1994,0,0
"st","Christoph Bergner","cdu","Kabinett Bergner",1993,1994,"lin",1994,0,0
"st","Christoph Bergner","cdu","Kabinett Bergner",1993,1994,"lpd",1994,0,0
"st","Christoph Bergner","cdu","Kabinett Bergner",1993,1994,"nlp",1994,0,0
"st","Christoph Bergner","cdu","Kabinett Bergner",1993,1994,"pro",1994,0,0
"st","Christoph Bergner","cdu","Kabinett Bergner",1993,1994,"spd",1994,0,0
"st","Christoph Bergner","cdu","Kabinett Bergner",1993,1994,"sps",1994,0,0
"st","Christoph Bergner","cdu","Kabinett Bergner",1993,1994,"ssw",1994,0,0
"st","Christoph Bergner","cdu","Kabinett Bergner",1993,1994,"statt",1994,0,0
"st","Christoph Bergner","cdu","Kabinett Bergner",1993,1994,"wav",1994,0,0
"st","Christoph Bergner","cdu","Kabinett Bergner",1993,1994,"zentrum",1994,0,0
"bb","Manfred Stolpe ","spd","Kabinett Stolpe II",1994,1999,"bdv",1999,0,0
"bb","Manfred Stolpe ","spd","Kabinett Stolpe II",1994,1999,"bhe",1999,0,0
"bb","Manfred Stolpe ","spd","Kabinett Stolpe II",1994,1999,"bp",1999,0,0
"bb","Manfred Stolpe ","spd","Kabinett Stolpe II",1994,1999,"bsw",1999,0,0
"bb","Manfred Stolpe ","spd","Kabinett Stolpe II",1994,1999,"cdu",1999,0,0
"bb","Manfred Stolpe ","spd","Kabinett Stolpe II",1994,1999,"cvp",1999,0,0
"bb","Manfred Stolpe ","spd","Kabinett Stolpe II",1994,1999,"dp",1999,0,0
"bb","Manfred Stolpe ","spd","Kabinett Stolpe II",1994,1999,"dps",1999,0,0
"bb","Manfred Stolpe ","spd","Kabinett Stolpe II",1994,1999,"fdp",1999,0,0
"bb","Manfred Stolpe ","spd","Kabinett Stolpe II",1994,1999,"fw",1999,0,0
"bb","Manfred Stolpe ","spd","Kabinett Stolpe II",1994,1999,"gb/bhe",1999,0,0
"bb","Manfred Stolpe ","spd","Kabinett Stolpe II",1994,1999,"gru",1999,0,0
"bb","Manfred Stolpe ","spd","Kabinett Stolpe II",1994,1999,"kpd",1999,0,0
"bb","Manfred Stolpe ","spd","Kabinett Stolpe II",1994,1999,"lin",1999,0,0
"bb","Manfred Stolpe ","spd","Kabinett Stolpe II",1994,1999,"lpd",1999,0,0
"bb","Manfred Stolpe ","spd","Kabinett Stolpe II",1994,1999,"nlp",1999,0,0
"bb","Manfred Stolpe ","spd","Kabinett Stolpe II",1994,1999,"pro",1999,0,0
"bb","Manfred Stolpe ","spd","Kabinett Stolpe II",1994,1999,"spd",1999,1,1
"bb","Manfred Stolpe ","spd","Kabinett Stolpe II",1994,1999,"sps",1999,0,0
"bb","Manfred Stolpe ","spd","Kabinett Stolpe II",1994,1999,"ssw",1999,0,0
"bb","Manfred Stolpe ","spd","Kabinett Stolpe II",1994,1999,"statt",1999,0,0
"bb","Manfred Stolpe ","spd","Kabinett Stolpe II",1994,1999,"wav",1999,0,0
"bb","Manfred Stolpe ","spd","Kabinett Stolpe II",1994,1999,"zentrum",1999,0,0
"by","Edmund Stoiber","cdu","Kabinett Stoiber II",1994,1998,"bdv",1998,0,0
"by","Edmund Stoiber","cdu","Kabinett Stoiber II",1994,1998,"bhe",1998,0,0
"by","Edmund Stoiber","cdu","Kabinett Stoiber II",1994,1998,"bp",1998,0,0
"by","Edmund Stoiber","cdu","Kabinett Stoiber II",1994,1998,"bsw",1998,0,0
"by","Edmund Stoiber","cdu","Kabinett Stoiber II",1994,1998,"cdu",1998,1,1
"by","Edmund Stoiber","cdu","Kabinett Stoiber II",1994,1998,"cvp",1998,0,0
"by","Edmund Stoiber","cdu","Kabinett Stoiber II",1994,1998,"dp",1998,0,0
"by","Edmund Stoiber","cdu","Kabinett Stoiber II",1994,1998,"dps",1998,0,0
"by","Edmund Stoiber","cdu","Kabinett Stoiber II",1994,1998,"fdp",1998,0,0
"by","Edmund Stoiber","cdu","Kabinett Stoiber II",1994,1998,"fw",1998,0,0
"by","Edmund Stoiber","cdu","Kabinett Stoiber II",1994,1998,"gb/bhe",1998,0,0
"by","Edmund Stoiber","cdu","Kabinett Stoiber II",1994,1998,"gru",1998,0,0
"by","Edmund Stoiber","cdu","Kabinett Stoiber II",1994,1998,"kpd",1998,0,0
"by","Edmund Stoiber","cdu","Kabinett Stoiber II",1994,1998,"lin",1998,0,0
"by","Edmund Stoiber","cdu","Kabinett Stoiber II",1994,1998,"lpd",1998,0,0
"by","Edmund Stoiber","cdu","Kabinett Stoiber II",1994,1998,"nlp",1998,0,0
"by","Edmund Stoiber","cdu","Kabinett Stoiber II",1994,1998,"pro",1998,0,0
"by","Edmund Stoiber","cdu","Kabinett Stoiber II",1994,1998,"spd",1998,0,0
"by","Edmund Stoiber","cdu","Kabinett Stoiber II",1994,1998,"sps",1998,0,0
"by","Edmund Stoiber","cdu","Kabinett Stoiber II",1994,1998,"ssw",1998,0,0
"by","Edmund Stoiber","cdu","Kabinett Stoiber II",1994,1998,"statt",1998,0,0
"by","Edmund Stoiber","cdu","Kabinett Stoiber II",1994,1998,"wav",1998,0,0
"by","Edmund Stoiber","cdu","Kabinett Stoiber II",1994,1998,"zentrum",1998,0,0
"mv","Berndt Seite","cdu","Kabinett Seite II",1994,1998,"bdv",1998,0,0
"mv","Berndt Seite","cdu","Kabinett Seite II",1994,1998,"bhe",1998,0,0
"mv","Berndt Seite","cdu","Kabinett Seite II",1994,1998,"bp",1998,0,0
"mv","Berndt Seite","cdu","Kabinett Seite II",1994,1998,"bsw",1998,0,0
"mv","Berndt Seite","cdu","Kabinett Seite II",1994,1998,"cdu",1998,1,1
"mv","Berndt Seite","cdu","Kabinett Seite II",1994,1998,"cvp",1998,0,0
"mv","Berndt Seite","cdu","Kabinett Seite II",1994,1998,"dp",1998,0,0
"mv","Berndt Seite","cdu","Kabinett Seite II",1994,1998,"dps",1998,0,0
"mv","Berndt Seite","cdu","Kabinett Seite II",1994,1998,"fdp",1998,0,0
"mv","Berndt Seite","cdu","Kabinett Seite II",1994,1998,"fw",1998,0,0
"mv","Berndt Seite","cdu","Kabinett Seite II",1994,1998,"gb/bhe",1998,0,0
"mv","Berndt Seite","cdu","Kabinett Seite II",1994,1998,"gru",1998,0,0
"mv","Berndt Seite","cdu","Kabinett Seite II",1994,1998,"kpd",1998,0,0
"mv","Berndt Seite","cdu","Kabinett Seite II",1994,1998,"lin",1998,0,0
"mv","Berndt Seite","cdu","Kabinett Seite II",1994,1998,"lpd",1998,0,0
"mv","Berndt Seite","cdu","Kabinett Seite II",1994,1998,"nlp",1998,0,0
"mv","Berndt Seite","cdu","Kabinett Seite II",1994,1998,"pro",1998,0,0
"mv","Berndt Seite","cdu","Kabinett Seite II",1994,1998,"spd",1998,1,0
"mv","Berndt Seite","cdu","Kabinett Seite II",1994,1998,"sps",1998,0,0
"mv","Berndt Seite","cdu","Kabinett Seite II",1994,1998,"ssw",1998,0,0
"mv","Berndt Seite","cdu","Kabinett Seite II",1994,1998,"statt",1998,0,0
"mv","Berndt Seite","cdu","Kabinett Seite II",1994,1998,"wav",1998,0,0
"mv","Berndt Seite","cdu","Kabinett Seite II",1994,1998,"zentrum",1998,0,0
"rp","Kurt Beck","spd","Beck I",1994,1996,"bdv",1996,0,0
"rp","Kurt Beck","spd","Beck I",1994,1996,"bhe",1996,0,0
"rp","Kurt Beck","spd","Beck I",1994,1996,"bp",1996,0,0
"rp","Kurt Beck","spd","Beck I",1994,1996,"bsw",1996,0,0
"rp","Kurt Beck","spd","Beck I",1994,1996,"cdu",1996,0,0
"rp","Kurt Beck","spd","Beck I",1994,1996,"cvp",1996,0,0
"rp","Kurt Beck","spd","Beck I",1994,1996,"dp",1996,0,0
"rp","Kurt Beck","spd","Beck I",1994,1996,"dps",1996,0,0
"rp","Kurt Beck","spd","Beck I",1994,1996,"fdp",1996,1,0
"rp","Kurt Beck","spd","Beck I",1994,1996,"fw",1996,0,0
"rp","Kurt Beck","spd","Beck I",1994,1996,"gb/bhe",1996,0,0
"rp","Kurt Beck","spd","Beck I",1994,1996,"gru",1996,0,0
"rp","Kurt Beck","spd","Beck I",1994,1996,"kpd",1996,0,0
"rp","Kurt Beck","spd","Beck I",1994,1996,"lin",1996,0,0
"rp","Kurt Beck","spd","Beck I",1994,1996,"lpd",1996,0,0
"rp","Kurt Beck","spd","Beck I",1994,1996,"nlp",1996,0,0
"rp","Kurt Beck","spd","Beck I",1994,1996,"pro",1996,0,0
"rp","Kurt Beck","spd","Beck I",1994,1996,"spd",1996,1,1
"rp","Kurt Beck","spd","Beck I",1994,1996,"sps",1996,0,0
"rp","Kurt Beck","spd","Beck I",1994,1996,"ssw",1996,0,0
"rp","Kurt Beck","spd","Beck I",1994,1996,"statt",1996,0,0
"rp","Kurt Beck","spd","Beck I",1994,1996,"wav",1996,0,0
"rp","Kurt Beck","spd","Beck I",1994,1996,"zentrum",1996,0,0
"sl","Oskar Lafontaine","spd","Kabinett Lafontaine III",1994,1998,"bdv",1998,0,0
"sl","Oskar Lafontaine","spd","Kabinett Lafontaine III",1994,1998,"bhe",1998,0,0
"sl","Oskar Lafontaine","spd","Kabinett Lafontaine III",1994,1998,"bp",1998,0,0
"sl","Oskar Lafontaine","spd","Kabinett Lafontaine III",1994,1998,"bsw",1998,0,0
"sl","Oskar Lafontaine","spd","Kabinett Lafontaine III",1994,1998,"cdu",1998,0,0
"sl","Oskar Lafontaine","spd","Kabinett Lafontaine III",1994,1998,"cvp",1998,0,0
"sl","Oskar Lafontaine","spd","Kabinett Lafontaine III",1994,1998,"dp",1998,0,0
"sl","Oskar Lafontaine","spd","Kabinett Lafontaine III",1994,1998,"dps",1998,0,0
"sl","Oskar Lafontaine","spd","Kabinett Lafontaine III",1994,1998,"fdp",1998,0,0
"sl","Oskar Lafontaine","spd","Kabinett Lafontaine III",1994,1998,"fw",1998,0,0
"sl","Oskar Lafontaine","spd","Kabinett Lafontaine III",1994,1998,"gb/bhe",1998,0,0
"sl","Oskar Lafontaine","spd","Kabinett Lafontaine III",1994,1998,"gru",1998,0,0
"sl","Oskar Lafontaine","spd","Kabinett Lafontaine III",1994,1998,"kpd",1998,0,0
"sl","Oskar Lafontaine","spd","Kabinett Lafontaine III",1994,1998,"lin",1998,0,0
"sl","Oskar Lafontaine","spd","Kabinett Lafontaine III",1994,1998,"lpd",1998,0,0
"sl","Oskar Lafontaine","spd","Kabinett Lafontaine III",1994,1998,"nlp",1998,0,0
"sl","Oskar Lafontaine","spd","Kabinett Lafontaine III",1994,1998,"pro",1998,0,0
"sl","Oskar Lafontaine","spd","Kabinett Lafontaine III",1994,1998,"spd",1998,1,1
"sl","Oskar Lafontaine","spd","Kabinett Lafontaine III",1994,1998,"sps",1998,0,0
"sl","Oskar Lafontaine","spd","Kabinett Lafontaine III",1994,1998,"ssw",1998,0,0
"sl","Oskar Lafontaine","spd","Kabinett Lafontaine III",1994,1998,"statt",1998,0,0
"sl","Oskar Lafontaine","spd","Kabinett Lafontaine III",1994,1998,"wav",1998,0,0
"sl","Oskar Lafontaine","spd","Kabinett Lafontaine III",1994,1998,"zentrum",1998,0,0
"sn","Kurt Biedenkopf ","cdu","Kabinett Biedenkopf II",1994,1999,"bdv",1999,0,0
"sn","Kurt Biedenkopf ","cdu","Kabinett Biedenkopf II",1994,1999,"bhe",1999,0,0
"sn","Kurt Biedenkopf ","cdu","Kabinett Biedenkopf II",1994,1999,"bp",1999,0,0
"sn","Kurt Biedenkopf ","cdu","Kabinett Biedenkopf II",1994,1999,"bsw",1999,0,0
"sn","Kurt Biedenkopf ","cdu","Kabinett Biedenkopf II",1994,1999,"cdu",1999,1,1
"sn","Kurt Biedenkopf ","cdu","Kabinett Biedenkopf II",1994,1999,"cvp",1999,0,0
"sn","Kurt Biedenkopf ","cdu","Kabinett Biedenkopf II",1994,1999,"dp",1999,0,0
"sn","Kurt Biedenkopf ","cdu","Kabinett Biedenkopf II",1994,1999,"dps",1999,0,0
"sn","Kurt Biedenkopf ","cdu","Kabinett Biedenkopf II",1994,1999,"fdp",1999,0,0
"sn","Kurt Biedenkopf ","cdu","Kabinett Biedenkopf II",1994,1999,"fw",1999,0,0
"sn","Kurt Biedenkopf ","cdu","Kabinett Biedenkopf II",1994,1999,"gb/bhe",1999,0,0
"sn","Kurt Biedenkopf ","cdu","Kabinett Biedenkopf II",1994,1999,"gru",1999,0,0
"sn","Kurt Biedenkopf ","cdu","Kabinett Biedenkopf II",1994,1999,"kpd",1999,0,0
"sn","Kurt Biedenkopf ","cdu","Kabinett Biedenkopf II",1994,1999,"lin",1999,0,0
"sn","Kurt Biedenkopf ","cdu","Kabinett Biedenkopf II",1994,1999,"lpd",1999,0,0
"sn","Kurt Biedenkopf ","cdu","Kabinett Biedenkopf II",1994,1999,"nlp",1999,0,0
"sn","Kurt Biedenkopf ","cdu","Kabinett Biedenkopf II",1994,1999,"pro",1999,0,0
"sn","Kurt Biedenkopf ","cdu","Kabinett Biedenkopf II",1994,1999,"spd",1999,0,0
"sn","Kurt Biedenkopf ","cdu","Kabinett Biedenkopf II",1994,1999,"sps",1999,0,0
"sn","Kurt Biedenkopf ","cdu","Kabinett Biedenkopf II",1994,1999,"ssw",1999,0,0
"sn","Kurt Biedenkopf ","cdu","Kabinett Biedenkopf II",1994,1999,"statt",1999,0,0
"sn","Kurt Biedenkopf ","cdu","Kabinett Biedenkopf II",1994,1999,"wav",1999,0,0
"sn","Kurt Biedenkopf ","cdu","Kabinett Biedenkopf II",1994,1999,"zentrum",1999,0,0
"st","Reinhard Höppner","spd","Kabinett Höppner I",1994,1998,"bdv",1998,0,0
"st","Reinhard Höppner","spd","Kabinett Höppner I",1994,1998,"bhe",1998,0,0
"st","Reinhard Höppner","spd","Kabinett Höppner I",1994,1998,"bp",1998,0,0
"st","Reinhard Höppner","spd","Kabinett Höppner I",1994,1998,"bsw",1998,0,0
"st","Reinhard Höppner","spd","Kabinett Höppner I",1994,1998,"cdu",1998,0,0
"st","Reinhard Höppner","spd","Kabinett Höppner I",1994,1998,"cvp",1998,0,0
"st","Reinhard Höppner","spd","Kabinett Höppner I",1994,1998,"dp",1998,0,0
"st","Reinhard Höppner","spd","Kabinett Höppner I",1994,1998,"dps",1998,0,0
"st","Reinhard Höppner","spd","Kabinett Höppner I",1994,1998,"fdp",1998,0,0
"st","Reinhard Höppner","spd","Kabinett Höppner I",1994,1998,"fw",1998,0,0
"st","Reinhard Höppner","spd","Kabinett Höppner I",1994,1998,"gb/bhe",1998,0,0
"st","Reinhard Höppner","spd","Kabinett Höppner I",1994,1998,"gru",1998,1,0
"st","Reinhard Höppner","spd","Kabinett Höppner I",1994,1998,"kpd",1998,0,0
"st","Reinhard Höppner","spd","Kabinett Höppner I",1994,1998,"lin",1998,0,0
"st","Reinhard Höppner","spd","Kabinett Höppner I",1994,1998,"lpd",1998,0,0
"st","Reinhard Höppner","spd","Kabinett Höppner I",1994,1998,"nlp",1998,0,0
"st","Reinhard Höppner","spd","Kabinett Höppner I",1994,1998,"pro",1998,0,0
"st","Reinhard Höppner","spd","Kabinett Höppner I",1994,1998,"spd",1998,1,1
"st","Reinhard Höppner","spd","Kabinett Höppner I",1994,1998,"sps",1998,0,0
"st","Reinhard Höppner","spd","Kabinett Höppner I",1994,1998,"ssw",1998,0,0
"st","Reinhard Höppner","spd","Kabinett Höppner I",1994,1998,"statt",1998,0,0
"st","Reinhard Höppner","spd","Kabinett Höppner I",1994,1998,"wav",1998,0,0
"st","Reinhard Höppner","spd","Kabinett Höppner I",1994,1998,"zentrum",1998,0,0
"th","Bernhard Vogel","cdu","Kabinett Vogel II",1994,1999,"bdv",1999,0,0
"th","Bernhard Vogel","cdu","Kabinett Vogel II",1994,1999,"bhe",1999,0,0
"th","Bernhard Vogel","cdu","Kabinett Vogel II",1994,1999,"bp",1999,0,0
"th","Bernhard Vogel","cdu","Kabinett Vogel II",1994,1999,"bsw",1999,0,0
"th","Bernhard Vogel","cdu","Kabinett Vogel II",1994,1999,"cdu",1999,1,1
"th","Bernhard Vogel","cdu","Kabinett Vogel II",1994,1999,"cvp",1999,0,0
"th","Bernhard Vogel","cdu","Kabinett Vogel II",1994,1999,"dp",1999,0,0
"th","Bernhard Vogel","cdu","Kabinett Vogel II",1994,1999,"dps",1999,0,0
"th","Bernhard Vogel","cdu","Kabinett Vogel II",1994,1999,"fdp",1999,0,0
"th","Bernhard Vogel","cdu","Kabinett Vogel II",1994,1999,"fw",1999,0,0
"th","Bernhard Vogel","cdu","Kabinett Vogel II",1994,1999,"gb/bhe",1999,0,0
"th","Bernhard Vogel","cdu","Kabinett Vogel II",1994,1999,"gru",1999,0,0
"th","Bernhard Vogel","cdu","Kabinett Vogel II",1994,1999,"kpd",1999,0,0
"th","Bernhard Vogel","cdu","Kabinett Vogel II",1994,1999,"lin",1999,0,0
"th","Bernhard Vogel","cdu","Kabinett Vogel II",1994,1999,"lpd",1999,0,0
"th","Bernhard Vogel","cdu","Kabinett Vogel II",1994,1999,"nlp",1999,0,0
"th","Bernhard Vogel","cdu","Kabinett Vogel II",1994,1999,"pro",1999,0,0
"th","Bernhard Vogel","cdu","Kabinett Vogel II",1994,1999,"spd",1999,1,0
"th","Bernhard Vogel","cdu","Kabinett Vogel II",1994,1999,"sps",1999,0,0
"th","Bernhard Vogel","cdu","Kabinett Vogel II",1994,1999,"ssw",1999,0,0
"th","Bernhard Vogel","cdu","Kabinett Vogel II",1994,1999,"statt",1999,0,0
"th","Bernhard Vogel","cdu","Kabinett Vogel II",1994,1999,"wav",1999,0,0
"th","Bernhard Vogel","cdu","Kabinett Vogel II",1994,1999,"zentrum",1999,0,0
"hb","Henning Scherf","spd","Scherf I",1995,1999,"bdv",1999,0,0
"hb","Henning Scherf","spd","Scherf I",1995,1999,"bhe",1999,0,0
"hb","Henning Scherf","spd","Scherf I",1995,1999,"bp",1999,0,0
"hb","Henning Scherf","spd","Scherf I",1995,1999,"bsw",1999,0,0
"hb","Henning Scherf","spd","Scherf I",1995,1999,"cdu",1999,1,0
"hb","Henning Scherf","spd","Scherf I",1995,1999,"cvp",1999,0,0
"hb","Henning Scherf","spd","Scherf I",1995,1999,"dp",1999,0,0
"hb","Henning Scherf","spd","Scherf I",1995,1999,"dps",1999,0,0
"hb","Henning Scherf","spd","Scherf I",1995,1999,"fdp",1999,0,0
"hb","Henning Scherf","spd","Scherf I",1995,1999,"fw",1999,0,0
"hb","Henning Scherf","spd","Scherf I",1995,1999,"gb/bhe",1999,0,0
"hb","Henning Scherf","spd","Scherf I",1995,1999,"gru",1999,0,0
"hb","Henning Scherf","spd","Scherf I",1995,1999,"kpd",1999,0,0
"hb","Henning Scherf","spd","Scherf I",1995,1999,"lin",1999,0,0
"hb","Henning Scherf","spd","Scherf I",1995,1999,"lpd",1999,0,0
"hb","Henning Scherf","spd","Scherf I",1995,1999,"nlp",1999,0,0
"hb","Henning Scherf","spd","Scherf I",1995,1999,"pro",1999,0,0
"hb","Henning Scherf","spd","Scherf I",1995,1999,"spd",1999,1,1
"hb","Henning Scherf","spd","Scherf I",1995,1999,"sps",1999,0,0
"hb","Henning Scherf","spd","Scherf I",1995,1999,"ssw",1999,0,0
"hb","Henning Scherf","spd","Scherf I",1995,1999,"statt",1999,0,0
"hb","Henning Scherf","spd","Scherf I",1995,1999,"wav",1999,0,0
"hb","Henning Scherf","spd","Scherf I",1995,1999,"zentrum",1999,0,0
"he","Hans Eichel","spd","Kabinett Eichel II",1995,1999,"bdv",1999,0,0
"he","Hans Eichel","spd","Kabinett Eichel II",1995,1999,"bhe",1999,0,0
"he","Hans Eichel","spd","Kabinett Eichel II",1995,1999,"bp",1999,0,0
"he","Hans Eichel","spd","Kabinett Eichel II",1995,1999,"bsw",1999,0,0
"he","Hans Eichel","spd","Kabinett Eichel II",1995,1999,"cdu",1999,0,0
"he","Hans Eichel","spd","Kabinett Eichel II",1995,1999,"cvp",1999,0,0
"he","Hans Eichel","spd","Kabinett Eichel II",1995,1999,"dp",1999,0,0
"he","Hans Eichel","spd","Kabinett Eichel II",1995,1999,"dps",1999,0,0
"he","Hans Eichel","spd","Kabinett Eichel II",1995,1999,"fdp",1999,0,0
"he","Hans Eichel","spd","Kabinett Eichel II",1995,1999,"fw",1999,0,0
"he","Hans Eichel","spd","Kabinett Eichel II",1995,1999,"gb/bhe",1999,0,0
"he","Hans Eichel","spd","Kabinett Eichel II",1995,1999,"gru",1999,1,0
"he","Hans Eichel","spd","Kabinett Eichel II",1995,1999,"kpd",1999,0,0
"he","Hans Eichel","spd","Kabinett Eichel II",1995,1999,"lin",1999,0,0
"he","Hans Eichel","spd","Kabinett Eichel II",1995,1999,"lpd",1999,0,0
"he","Hans Eichel","spd","Kabinett Eichel II",1995,1999,"nlp",1999,0,0
"he","Hans Eichel","spd","Kabinett Eichel II",1995,1999,"pro",1999,0,0
"he","Hans Eichel","spd","Kabinett Eichel II",1995,1999,"spd",1999,1,1
"he","Hans Eichel","spd","Kabinett Eichel II",1995,1999,"sps",1999,0,0
"he","Hans Eichel","spd","Kabinett Eichel II",1995,1999,"ssw",1999,0,0
"he","Hans Eichel","spd","Kabinett Eichel II",1995,1999,"statt",1999,0,0
"he","Hans Eichel","spd","Kabinett Eichel II",1995,1999,"wav",1999,0,0
"he","Hans Eichel","spd","Kabinett Eichel II",1995,1999,"zentrum",1999,0,0
"nw","Johannes Rau","spd","Kabinett Rau V",1995,1998,"bdv",1998,0,0
"nw","Johannes Rau","spd","Kabinett Rau V",1995,1998,"bhe",1998,0,0
"nw","Johannes Rau","spd","Kabinett Rau V",1995,1998,"bp",1998,0,0
"nw","Johannes Rau","spd","Kabinett Rau V",1995,1998,"bsw",1998,0,0
"nw","Johannes Rau","spd","Kabinett Rau V",1995,1998,"cdu",1998,0,0
"nw","Johannes Rau","spd","Kabinett Rau V",1995,1998,"cvp",1998,0,0
"nw","Johannes Rau","spd","Kabinett Rau V",1995,1998,"dp",1998,0,0
"nw","Johannes Rau","spd","Kabinett Rau V",1995,1998,"dps",1998,0,0
"nw","Johannes Rau","spd","Kabinett Rau V",1995,1998,"fdp",1998,0,0
"nw","Johannes Rau","spd","Kabinett Rau V",1995,1998,"fw",1998,0,0
"nw","Johannes Rau","spd","Kabinett Rau V",1995,1998,"gb/bhe",1998,0,0
"nw","Johannes Rau","spd","Kabinett Rau V",1995,1998,"gru",1998,1,0
"nw","Johannes Rau","spd","Kabinett Rau V",1995,1998,"kpd",1998,0,0
"nw","Johannes Rau","spd","Kabinett Rau V",1995,1998,"lin",1998,0,0
"nw","Johannes Rau","spd","Kabinett Rau V",1995,1998,"lpd",1998,0,0
"nw","Johannes Rau","spd","Kabinett Rau V",1995,1998,"nlp",1998,0,0
"nw","Johannes Rau","spd","Kabinett Rau V",1995,1998,"pro",1998,0,0
"nw","Johannes Rau","spd","Kabinett Rau V",1995,1998,"spd",1998,1,1
"nw","Johannes Rau","spd","Kabinett Rau V",1995,1998,"sps",1998,0,0
"nw","Johannes Rau","spd","Kabinett Rau V",1995,1998,"ssw",1998,0,0
"nw","Johannes Rau","spd","Kabinett Rau V",1995,1998,"statt",1998,0,0
"nw","Johannes Rau","spd","Kabinett Rau V",1995,1998,"wav",1998,0,0
"nw","Johannes Rau","spd","Kabinett Rau V",1995,1998,"zentrum",1998,0,0
"be","Eberhard Diepgen","cdu","Kabinett Diepgen IV",1996,1999,"bdv",1999,0,0
"be","Eberhard Diepgen","cdu","Kabinett Diepgen IV",1996,1999,"bhe",1999,0,0
"be","Eberhard Diepgen","cdu","Kabinett Diepgen IV",1996,1999,"bp",1999,0,0
"be","Eberhard Diepgen","cdu","Kabinett Diepgen IV",1996,1999,"bsw",1999,0,0
"be","Eberhard Diepgen","cdu","Kabinett Diepgen IV",1996,1999,"cdu",1999,1,1
"be","Eberhard Diepgen","cdu","Kabinett Diepgen IV",1996,1999,"cvp",1999,0,0
"be","Eberhard Diepgen","cdu","Kabinett Diepgen IV",1996,1999,"dp",1999,0,0
"be","Eberhard Diepgen","cdu","Kabinett Diepgen IV",1996,1999,"dps",1999,0,0
"be","Eberhard Diepgen","cdu","Kabinett Diepgen IV",1996,1999,"fdp",1999,0,0
"be","Eberhard Diepgen","cdu","Kabinett Diepgen IV",1996,1999,"fw",1999,0,0
"be","Eberhard Diepgen","cdu","Kabinett Diepgen IV",1996,1999,"gb/bhe",1999,0,0
"be","Eberhard Diepgen","cdu","Kabinett Diepgen IV",1996,1999,"gru",1999,0,0
"be","Eberhard Diepgen","cdu","Kabinett Diepgen IV",1996,1999,"kpd",1999,0,0
"be","Eberhard Diepgen","cdu","Kabinett Diepgen IV",1996,1999,"lin",1999,0,0
"be","Eberhard Diepgen","cdu","Kabinett Diepgen IV",1996,1999,"lpd",1999,0,0
"be","Eberhard Diepgen","cdu","Kabinett Diepgen IV",1996,1999,"nlp",1999,0,0
"be","Eberhard Diepgen","cdu","Kabinett Diepgen IV",1996,1999,"pro",1999,0,0
"be","Eberhard Diepgen","cdu","Kabinett Diepgen IV",1996,1999,"spd",1999,1,0
"be","Eberhard Diepgen","cdu","Kabinett Diepgen IV",1996,1999,"sps",1999,0,0
"be","Eberhard Diepgen","cdu","Kabinett Diepgen IV",1996,1999,"ssw",1999,0,0
"be","Eberhard Diepgen","cdu","Kabinett Diepgen IV",1996,1999,"statt",1999,0,0
"be","Eberhard Diepgen","cdu","Kabinett Diepgen IV",1996,1999,"wav",1999,0,0
"be","Eberhard Diepgen","cdu","Kabinett Diepgen IV",1996,1999,"zentrum",1999,0,0
"bw","Erwin Teufel","cdu","Kabinett Teufel III",1996,2001,"bdv",2001,0,0
"bw","Erwin Teufel","cdu","Kabinett Teufel III",1996,2001,"bhe",2001,0,0
"bw","Erwin Teufel","cdu","Kabinett Teufel III",1996,2001,"bp",2001,0,0
"bw","Erwin Teufel","cdu","Kabinett Teufel III",1996,2001,"bsw",2001,0,0
"bw","Erwin Teufel","cdu","Kabinett Teufel III",1996,2001,"cdu",2001,1,1
"bw","Erwin Teufel","cdu","Kabinett Teufel III",1996,2001,"cvp",2001,0,0
"bw","Erwin Teufel","cdu","Kabinett Teufel III",1996,2001,"dp",2001,0,0
"bw","Erwin Teufel","cdu","Kabinett Teufel III",1996,2001,"dps",2001,0,0
"bw","Erwin Teufel","cdu","Kabinett Teufel III",1996,2001,"fdp",2001,1,0
"bw","Erwin Teufel","cdu","Kabinett Teufel III",1996,2001,"fw",2001,0,0
"bw","Erwin Teufel","cdu","Kabinett Teufel III",1996,2001,"gb/bhe",2001,0,0
"bw","Erwin Teufel","cdu","Kabinett Teufel III",1996,2001,"gru",2001,0,0
"bw","Erwin Teufel","cdu","Kabinett Teufel III",1996,2001,"kpd",2001,0,0
"bw","Erwin Teufel","cdu","Kabinett Teufel III",1996,2001,"lin",2001,0,0
"bw","Erwin Teufel","cdu","Kabinett Teufel III",1996,2001,"lpd",2001,0,0
"bw","Erwin Teufel","cdu","Kabinett Teufel III",1996,2001,"nlp",2001,0,0
"bw","Erwin Teufel","cdu","Kabinett Teufel III",1996,2001,"pro",2001,0,0
"bw","Erwin Teufel","cdu","Kabinett Teufel III",1996,2001,"spd",2001,0,0
"bw","Erwin Teufel","cdu","Kabinett Teufel III",1996,2001,"sps",2001,0,0
"bw","Erwin Teufel","cdu","Kabinett Teufel III",1996,2001,"ssw",2001,0,0
"bw","Erwin Teufel","cdu","Kabinett Teufel III",1996,2001,"statt",2001,0,0
"bw","Erwin Teufel","cdu","Kabinett Teufel III",1996,2001,"wav",2001,0,0
"bw","Erwin Teufel","cdu","Kabinett Teufel III",1996,2001,"zentrum",2001,0,0
"rp","Kurt Beck","spd","Beck II",1996,2001,"bdv",2001,0,0
"rp","Kurt Beck","spd","Beck II",1996,2001,"bhe",2001,0,0
"rp","Kurt Beck","spd","Beck II",1996,2001,"bp",2001,0,0
"rp","Kurt Beck","spd","Beck II",1996,2001,"bsw",2001,0,0
"rp","Kurt Beck","spd","Beck II",1996,2001,"cdu",2001,0,0
"rp","Kurt Beck","spd","Beck II",1996,2001,"cvp",2001,0,0
"rp","Kurt Beck","spd","Beck II",1996,2001,"dp",2001,0,0
"rp","Kurt Beck","spd","Beck II",1996,2001,"dps",2001,0,0
"rp","Kurt Beck","spd","Beck II",1996,2001,"fdp",2001,1,0
"rp","Kurt Beck","spd","Beck II",1996,2001,"fw",2001,0,0
"rp","Kurt Beck","spd","Beck II",1996,2001,"gb/bhe",2001,0,0
"rp","Kurt Beck","spd","Beck II",1996,2001,"gru",2001,0,0
"rp","Kurt Beck","spd","Beck II",1996,2001,"kpd",2001,0,0
"rp","Kurt Beck","spd","Beck II",1996,2001,"lin",2001,0,0
"rp","Kurt Beck","spd","Beck II",1996,2001,"lpd",2001,0,0
"rp","Kurt Beck","spd","Beck II",1996,2001,"nlp",2001,0,0
"rp","Kurt Beck","spd","Beck II",1996,2001,"pro",2001,0,0
"rp","Kurt Beck","spd","Beck II",1996,2001,"spd",2001,1,1
"rp","Kurt Beck","spd","Beck II",1996,2001,"sps",2001,0,0
"rp","Kurt Beck","spd","Beck II",1996,2001,"ssw",2001,0,0
"rp","Kurt Beck","spd","Beck II",1996,2001,"statt",2001,0,0
"rp","Kurt Beck","spd","Beck II",1996,2001,"wav",2001,0,0
"rp","Kurt Beck","spd","Beck II",1996,2001,"zentrum",2001,0,0
"sh","Heide Simonis","spd","Kabinett Simonis II",1996,2000,"bdv",2000,0,0
"sh","Heide Simonis","spd","Kabinett Simonis II",1996,2000,"bhe",2000,0,0
"sh","Heide Simonis","spd","Kabinett Simonis II",1996,2000,"bp",2000,0,0
"sh","Heide Simonis","spd","Kabinett Simonis II",1996,2000,"bsw",2000,0,0
"sh","Heide Simonis","spd","Kabinett Simonis II",1996,2000,"cdu",2000,0,0
"sh","Heide Simonis","spd","Kabinett Simonis II",1996,2000,"cvp",2000,0,0
"sh","Heide Simonis","spd","Kabinett Simonis II",1996,2000,"dp",2000,0,0
"sh","Heide Simonis","spd","Kabinett Simonis II",1996,2000,"dps",2000,0,0
"sh","Heide Simonis","spd","Kabinett Simonis II",1996,2000,"fdp",2000,0,0
"sh","Heide Simonis","spd","Kabinett Simonis II",1996,2000,"fw",2000,0,0
"sh","Heide Simonis","spd","Kabinett Simonis II",1996,2000,"gb/bhe",2000,0,0
"sh","Heide Simonis","spd","Kabinett Simonis II",1996,2000,"gru",2000,1,0
"sh","Heide Simonis","spd","Kabinett Simonis II",1996,2000,"kpd",2000,0,0
"sh","Heide Simonis","spd","Kabinett Simonis II",1996,2000,"lin",2000,0,0
"sh","Heide Simonis","spd","Kabinett Simonis II",1996,2000,"lpd",2000,0,0
"sh","Heide Simonis","spd","Kabinett Simonis II",1996,2000,"nlp",2000,0,0
"sh","Heide Simonis","spd","Kabinett Simonis II",1996,2000,"pro",2000,0,0
"sh","Heide Simonis","spd","Kabinett Simonis II",1996,2000,"spd",2000,1,1
"sh","Heide Simonis","spd","Kabinett Simonis II",1996,2000,"sps",2000,0,0
"sh","Heide Simonis","spd","Kabinett Simonis II",1996,2000,"ssw",2000,0,0
"sh","Heide Simonis","spd","Kabinett Simonis II",1996,2000,"statt",2000,0,0
"sh","Heide Simonis","spd","Kabinett Simonis II",1996,2000,"wav",2000,0,0
"sh","Heide Simonis","spd","Kabinett Simonis II",1996,2000,"zentrum",2000,0,0
"hh","Ortwin Runde","spd","Kabinett Runde",1997,2001,"bdv",2001,0,0
"hh","Ortwin Runde","spd","Kabinett Runde",1997,2001,"bhe",2001,0,0
"hh","Ortwin Runde","spd","Kabinett Runde",1997,2001,"bp",2001,0,0
"hh","Ortwin Runde","spd","Kabinett Runde",1997,2001,"bsw",2001,0,0
"hh","Ortwin Runde","spd","Kabinett Runde",1997,2001,"cdu",2001,0,0
"hh","Ortwin Runde","spd","Kabinett Runde",1997,2001,"cvp",2001,0,0
"hh","Ortwin Runde","spd","Kabinett Runde",1997,2001,"dp",2001,0,0
"hh","Ortwin Runde","spd","Kabinett Runde",1997,2001,"dps",2001,0,0
"hh","Ortwin Runde","spd","Kabinett Runde",1997,2001,"fdp",2001,0,0
"hh","Ortwin Runde","spd","Kabinett Runde",1997,2001,"fw",2001,0,0
"hh","Ortwin Runde","spd","Kabinett Runde",1997,2001,"gb/bhe",2001,0,0
"hh","Ortwin Runde","spd","Kabinett Runde",1997,2001,"gru",2001,1,0
"hh","Ortwin Runde","spd","Kabinett Runde",1997,2001,"kpd",2001,0,0
"hh","Ortwin Runde","spd","Kabinett Runde",1997,2001,"lin",2001,0,0
"hh","Ortwin Runde","spd","Kabinett Runde",1997,2001,"lpd",2001,0,0
"hh","Ortwin Runde","spd","Kabinett Runde",1997,2001,"nlp",2001,0,0
"hh","Ortwin Runde","spd","Kabinett Runde",1997,2001,"pro",2001,0,0
"hh","Ortwin Runde","spd","Kabinett Runde",1997,2001,"spd",2001,1,1
"hh","Ortwin Runde","spd","Kabinett Runde",1997,2001,"sps",2001,0,0
"hh","Ortwin Runde","spd","Kabinett Runde",1997,2001,"ssw",2001,0,0
"hh","Ortwin Runde","spd","Kabinett Runde",1997,2001,"statt",2001,0,0
"hh","Ortwin Runde","spd","Kabinett Runde",1997,2001,"wav",2001,0,0
"hh","Ortwin Runde","spd","Kabinett Runde",1997,2001,"zentrum",2001,0,0
"by","Edmund Stoiber","cdu","Kabinett Stoiber III",1998,2003,"bdv",2003,0,0
"by","Edmund Stoiber","cdu","Kabinett Stoiber III",1998,2003,"bhe",2003,0,0
"by","Edmund Stoiber","cdu","Kabinett Stoiber III",1998,2003,"bp",2003,0,0
"by","Edmund Stoiber","cdu","Kabinett Stoiber III",1998,2003,"bsw",2003,0,0
"by","Edmund Stoiber","cdu","Kabinett Stoiber III",1998,2003,"cdu",2003,1,1
"by","Edmund Stoiber","cdu","Kabinett Stoiber III",1998,2003,"cvp",2003,0,0
"by","Edmund Stoiber","cdu","Kabinett Stoiber III",1998,2003,"dp",2003,0,0
"by","Edmund Stoiber","cdu","Kabinett Stoiber III",1998,2003,"dps",2003,0,0
"by","Edmund Stoiber","cdu","Kabinett Stoiber III",1998,2003,"fdp",2003,0,0
"by","Edmund Stoiber","cdu","Kabinett Stoiber III",1998,2003,"fw",2003,0,0
"by","Edmund Stoiber","cdu","Kabinett Stoiber III",1998,2003,"gb/bhe",2003,0,0
"by","Edmund Stoiber","cdu","Kabinett Stoiber III",1998,2003,"gru",2003,0,0
"by","Edmund Stoiber","cdu","Kabinett Stoiber III",1998,2003,"kpd",2003,0,0
"by","Edmund Stoiber","cdu","Kabinett Stoiber III",1998,2003,"lin",2003,0,0
"by","Edmund Stoiber","cdu","Kabinett Stoiber III",1998,2003,"lpd",2003,0,0
"by","Edmund Stoiber","cdu","Kabinett Stoiber III",1998,2003,"nlp",2003,0,0
"by","Edmund Stoiber","cdu","Kabinett Stoiber III",1998,2003,"pro",2003,0,0
"by","Edmund Stoiber","cdu","Kabinett Stoiber III",1998,2003,"spd",2003,0,0
"by","Edmund Stoiber","cdu","Kabinett Stoiber III",1998,2003,"sps",2003,0,0
"by","Edmund Stoiber","cdu","Kabinett Stoiber III",1998,2003,"ssw",2003,0,0
"by","Edmund Stoiber","cdu","Kabinett Stoiber III",1998,2003,"statt",2003,0,0
"by","Edmund Stoiber","cdu","Kabinett Stoiber III",1998,2003,"wav",2003,0,0
"by","Edmund Stoiber","cdu","Kabinett Stoiber III",1998,2003,"zentrum",2003,0,0
"mv","Harald Ringstorff","spd","Kabinett Ringstorff I",1998,2002,"bdv",2002,0,0
"mv","Harald Ringstorff","spd","Kabinett Ringstorff I",1998,2002,"bhe",2002,0,0
"mv","Harald Ringstorff","spd","Kabinett Ringstorff I",1998,2002,"bp",2002,0,0
"mv","Harald Ringstorff","spd","Kabinett Ringstorff I",1998,2002,"bsw",2002,0,0
"mv","Harald Ringstorff","spd","Kabinett Ringstorff I",1998,2002,"cdu",2002,0,0
"mv","Harald Ringstorff","spd","Kabinett Ringstorff I",1998,2002,"cvp",2002,0,0
"mv","Harald Ringstorff","spd","Kabinett Ringstorff I",1998,2002,"dp",2002,0,0
"mv","Harald Ringstorff","spd","Kabinett Ringstorff I",1998,2002,"dps",2002,0,0
"mv","Harald Ringstorff","spd","Kabinett Ringstorff I",1998,2002,"fdp",2002,0,0
"mv","Harald Ringstorff","spd","Kabinett Ringstorff I",1998,2002,"fw",2002,0,0
"mv","Harald Ringstorff","spd","Kabinett Ringstorff I",1998,2002,"gb/bhe",2002,0,0
"mv","Harald Ringstorff","spd","Kabinett Ringstorff I",1998,2002,"gru",2002,0,0
"mv","Harald Ringstorff","spd","Kabinett Ringstorff I",1998,2002,"kpd",2002,0,0
"mv","Harald Ringstorff","spd","Kabinett Ringstorff I",1998,2002,"lin",2002,1,0
"mv","Harald Ringstorff","spd","Kabinett Ringstorff I",1998,2002,"lpd",2002,0,0
"mv","Harald Ringstorff","spd","Kabinett Ringstorff I",1998,2002,"nlp",2002,0,0
"mv","Harald Ringstorff","spd","Kabinett Ringstorff I",1998,2002,"pro",2002,0,0
"mv","Harald Ringstorff","spd","Kabinett Ringstorff I",1998,2002,"spd",2002,1,1
"mv","Harald Ringstorff","spd","Kabinett Ringstorff I",1998,2002,"sps",2002,0,0
"mv","Harald Ringstorff","spd","Kabinett Ringstorff I",1998,2002,"ssw",2002,0,0
"mv","Harald Ringstorff","spd","Kabinett Ringstorff I",1998,2002,"statt",2002,0,0
"mv","Harald Ringstorff","spd","Kabinett Ringstorff I",1998,2002,"wav",2002,0,0
"mv","Harald Ringstorff","spd","Kabinett Ringstorff I",1998,2002,"zentrum",2002,0,0
"ni","Gerhard Glogowski","spd","Glogowski",1998,1999,"bdv",1999,0,0
"ni","Gerhard Glogowski","spd","Glogowski",1998,1999,"bhe",1999,0,0
"ni","Gerhard Glogowski","spd","Glogowski",1998,1999,"bp",1999,0,0
"ni","Gerhard Glogowski","spd","Glogowski",1998,1999,"bsw",1999,0,0
"ni","Gerhard Glogowski","spd","Glogowski",1998,1999,"cdu",1999,0,0
"ni","Gerhard Glogowski","spd","Glogowski",1998,1999,"cvp",1999,0,0
"ni","Gerhard Glogowski","spd","Glogowski",1998,1999,"dp",1999,0,0
"ni","Gerhard Glogowski","spd","Glogowski",1998,1999,"dps",1999,0,0
"ni","Gerhard Glogowski","spd","Glogowski",1998,1999,"fdp",1999,0,0
"ni","Gerhard Glogowski","spd","Glogowski",1998,1999,"fw",1999,0,0
"ni","Gerhard Glogowski","spd","Glogowski",1998,1999,"gb/bhe",1999,0,0
"ni","Gerhard Glogowski","spd","Glogowski",1998,1999,"gru",1999,0,0
"ni","Gerhard Glogowski","spd","Glogowski",1998,1999,"kpd",1999,0,0
"ni","Gerhard Glogowski","spd","Glogowski",1998,1999,"lin",1999,0,0
"ni","Gerhard Glogowski","spd","Glogowski",1998,1999,"lpd",1999,0,0
"ni","Gerhard Glogowski","spd","Glogowski",1998,1999,"nlp",1999,0,0
"ni","Gerhard Glogowski","spd","Glogowski",1998,1999,"pro",1999,0,0
"ni","Gerhard Glogowski","spd","Glogowski",1998,1999,"spd",1999,1,1
"ni","Gerhard Glogowski","spd","Glogowski",1998,1999,"sps",1999,0,0
"ni","Gerhard Glogowski","spd","Glogowski",1998,1999,"ssw",1999,0,0
"ni","Gerhard Glogowski","spd","Glogowski",1998,1999,"statt",1999,0,0
"ni","Gerhard Glogowski","spd","Glogowski",1998,1999,"wav",1999,0,0
"ni","Gerhard Glogowski","spd","Glogowski",1998,1999,"zentrum",1999,0,0
"ni","Gerhard Schröder","spd","Schröder III",1998,1998,"bdv",1998,0,0
"ni","Gerhard Schröder","spd","Schröder III",1998,1998,"bhe",1998,0,0
"ni","Gerhard Schröder","spd","Schröder III",1998,1998,"bp",1998,0,0
"ni","Gerhard Schröder","spd","Schröder III",1998,1998,"bsw",1998,0,0
"ni","Gerhard Schröder","spd","Schröder III",1998,1998,"cdu",1998,0,0
"ni","Gerhard Schröder","spd","Schröder III",1998,1998,"cvp",1998,0,0
"ni","Gerhard Schröder","spd","Schröder III",1998,1998,"dp",1998,0,0
"ni","Gerhard Schröder","spd","Schröder III",1998,1998,"dps",1998,0,0
"ni","Gerhard Schröder","spd","Schröder III",1998,1998,"fdp",1998,0,0
"ni","Gerhard Schröder","spd","Schröder III",1998,1998,"fw",1998,0,0
"ni","Gerhard Schröder","spd","Schröder III",1998,1998,"gb/bhe",1998,0,0
"ni","Gerhard Schröder","spd","Schröder III",1998,1998,"gru",1998,0,0
"ni","Gerhard Schröder","spd","Schröder III",1998,1998,"kpd",1998,0,0
"ni","Gerhard Schröder","spd","Schröder III",1998,1998,"lin",1998,0,0
"ni","Gerhard Schröder","spd","Schröder III",1998,1998,"lpd",1998,0,0
"ni","Gerhard Schröder","spd","Schröder III",1998,1998,"nlp",1998,0,0
"ni","Gerhard Schröder","spd","Schröder III",1998,1998,"pro",1998,0,0
"ni","Gerhard Schröder","spd","Schröder III",1998,1998,"spd",1998,1,1
"ni","Gerhard Schröder","spd","Schröder III",1998,1998,"sps",1998,0,0
"ni","Gerhard Schröder","spd","Schröder III",1998,1998,"ssw",1998,0,0
"ni","Gerhard Schröder","spd","Schröder III",1998,1998,"statt",1998,0,0
"ni","Gerhard Schröder","spd","Schröder III",1998,1998,"wav",1998,0,0
"ni","Gerhard Schröder","spd","Schröder III",1998,1998,"zentrum",1998,0,0
"nw","Wolfgang Clement","spd","Kabinett Clement I",1998,2000,"bdv",2000,0,0
"nw","Wolfgang Clement","spd","Kabinett Clement I",1998,2000,"bhe",2000,0,0
"nw","Wolfgang Clement","spd","Kabinett Clement I",1998,2000,"bp",2000,0,0
"nw","Wolfgang Clement","spd","Kabinett Clement I",1998,2000,"bsw",2000,0,0
"nw","Wolfgang Clement","spd","Kabinett Clement I",1998,2000,"cdu",2000,0,0
"nw","Wolfgang Clement","spd","Kabinett Clement I",1998,2000,"cvp",2000,0,0
"nw","Wolfgang Clement","spd","Kabinett Clement I",1998,2000,"dp",2000,0,0
"nw","Wolfgang Clement","spd","Kabinett Clement I",1998,2000,"dps",2000,0,0
"nw","Wolfgang Clement","spd","Kabinett Clement I",1998,2000,"fdp",2000,0,0
"nw","Wolfgang Clement","spd","Kabinett Clement I",1998,2000,"fw",2000,0,0
"nw","Wolfgang Clement","spd","Kabinett Clement I",1998,2000,"gb/bhe",2000,0,0
"nw","Wolfgang Clement","spd","Kabinett Clement I",1998,2000,"gru",2000,1,0
"nw","Wolfgang Clement","spd","Kabinett Clement I",1998,2000,"kpd",2000,0,0
"nw","Wolfgang Clement","spd","Kabinett Clement I",1998,2000,"lin",2000,0,0
"nw","Wolfgang Clement","spd","Kabinett Clement I",1998,2000,"lpd",2000,0,0
"nw","Wolfgang Clement","spd","Kabinett Clement I",1998,2000,"nlp",2000,0,0
"nw","Wolfgang Clement","spd","Kabinett Clement I",1998,2000,"pro",2000,0,0
"nw","Wolfgang Clement","spd","Kabinett Clement I",1998,2000,"spd",2000,1,1
"nw","Wolfgang Clement","spd","Kabinett Clement I",1998,2000,"sps",2000,0,0
"nw","Wolfgang Clement","spd","Kabinett Clement I",1998,2000,"ssw",2000,0,0
"nw","Wolfgang Clement","spd","Kabinett Clement I",1998,2000,"statt",2000,0,0
"nw","Wolfgang Clement","spd","Kabinett Clement I",1998,2000,"wav",2000,0,0
"nw","Wolfgang Clement","spd","Kabinett Clement I",1998,2000,"zentrum",2000,0,0
"sl","Reinhard Klimmt","spd","Kabinett Klimmt",1998,1999,"bdv",1999,0,0
"sl","Reinhard Klimmt","spd","Kabinett Klimmt",1998,1999,"bhe",1999,0,0
"sl","Reinhard Klimmt","spd","Kabinett Klimmt",1998,1999,"bp",1999,0,0
"sl","Reinhard Klimmt","spd","Kabinett Klimmt",1998,1999,"bsw",1999,0,0
"sl","Reinhard Klimmt","spd","Kabinett Klimmt",1998,1999,"cdu",1999,0,0
"sl","Reinhard Klimmt","spd","Kabinett Klimmt",1998,1999,"cvp",1999,0,0
"sl","Reinhard Klimmt","spd","Kabinett Klimmt",1998,1999,"dp",1999,0,0
"sl","Reinhard Klimmt","spd","Kabinett Klimmt",1998,1999,"dps",1999,0,0
"sl","Reinhard Klimmt","spd","Kabinett Klimmt",1998,1999,"fdp",1999,0,0
"sl","Reinhard Klimmt","spd","Kabinett Klimmt",1998,1999,"fw",1999,0,0
"sl","Reinhard Klimmt","spd","Kabinett Klimmt",1998,1999,"gb/bhe",1999,0,0
"sl","Reinhard Klimmt","spd","Kabinett Klimmt",1998,1999,"gru",1999,0,0
"sl","Reinhard Klimmt","spd","Kabinett Klimmt",1998,1999,"kpd",1999,0,0
"sl","Reinhard Klimmt","spd","Kabinett Klimmt",1998,1999,"lin",1999,0,0
"sl","Reinhard Klimmt","spd","Kabinett Klimmt",1998,1999,"lpd",1999,0,0
"sl","Reinhard Klimmt","spd","Kabinett Klimmt",1998,1999,"nlp",1999,0,0
"sl","Reinhard Klimmt","spd","Kabinett Klimmt",1998,1999,"pro",1999,0,0
"sl","Reinhard Klimmt","spd","Kabinett Klimmt",1998,1999,"spd",1999,1,1
"sl","Reinhard Klimmt","spd","Kabinett Klimmt",1998,1999,"sps",1999,0,0
"sl","Reinhard Klimmt","spd","Kabinett Klimmt",1998,1999,"ssw",1999,0,0
"sl","Reinhard Klimmt","spd","Kabinett Klimmt",1998,1999,"statt",1999,0,0
"sl","Reinhard Klimmt","spd","Kabinett Klimmt",1998,1999,"wav",1999,0,0
"sl","Reinhard Klimmt","spd","Kabinett Klimmt",1998,1999,"zentrum",1999,0,0
"st","Reinhard Höppner","spd","Kabinett Höppner II",1998,2002,"bdv",2002,0,0
"st","Reinhard Höppner","spd","Kabinett Höppner II",1998,2002,"bhe",2002,0,0
"st","Reinhard Höppner","spd","Kabinett Höppner II",1998,2002,"bp",2002,0,0
"st","Reinhard Höppner","spd","Kabinett Höppner II",1998,2002,"bsw",2002,0,0
"st","Reinhard Höppner","spd","Kabinett Höppner II",1998,2002,"cdu",2002,0,0
"st","Reinhard Höppner","spd","Kabinett Höppner II",1998,2002,"cvp",2002,0,0
"st","Reinhard Höppner","spd","Kabinett Höppner II",1998,2002,"dp",2002,0,0
"st","Reinhard Höppner","spd","Kabinett Höppner II",1998,2002,"dps",2002,0,0
"st","Reinhard Höppner","spd","Kabinett Höppner II",1998,2002,"fdp",2002,0,0
"st","Reinhard Höppner","spd","Kabinett Höppner II",1998,2002,"fw",2002,0,0
"st","Reinhard Höppner","spd","Kabinett Höppner II",1998,2002,"gb/bhe",2002,0,0
"st","Reinhard Höppner","spd","Kabinett Höppner II",1998,2002,"gru",2002,0,0
"st","Reinhard Höppner","spd","Kabinett Höppner II",1998,2002,"kpd",2002,0,0
"st","Reinhard Höppner","spd","Kabinett Höppner II",1998,2002,"lin",2002,0,0
"st","Reinhard Höppner","spd","Kabinett Höppner II",1998,2002,"lpd",2002,0,0
"st","Reinhard Höppner","spd","Kabinett Höppner II",1998,2002,"nlp",2002,0,0
"st","Reinhard Höppner","spd","Kabinett Höppner II",1998,2002,"pro",2002,0,0
"st","Reinhard Höppner","spd","Kabinett Höppner II",1998,2002,"spd",2002,1,1
"st","Reinhard Höppner","spd","Kabinett Höppner II",1998,2002,"sps",2002,0,0
"st","Reinhard Höppner","spd","Kabinett Höppner II",1998,2002,"ssw",2002,0,0
"st","Reinhard Höppner","spd","Kabinett Höppner II",1998,2002,"statt",2002,0,0
"st","Reinhard Höppner","spd","Kabinett Höppner II",1998,2002,"wav",2002,0,0
"st","Reinhard Höppner","spd","Kabinett Höppner II",1998,2002,"zentrum",2002,0,0
"bb","Manfred Stolpe ","spd","Kabinett Stolpe III",1999,2002,"bdv",2002,0,0
"bb","Manfred Stolpe ","spd","Kabinett Stolpe III",1999,2002,"bhe",2002,0,0
"bb","Manfred Stolpe ","spd","Kabinett Stolpe III",1999,2002,"bp",2002,0,0
"bb","Manfred Stolpe ","spd","Kabinett Stolpe III",1999,2002,"bsw",2002,0,0
"bb","Manfred Stolpe ","spd","Kabinett Stolpe III",1999,2002,"cdu",2002,1,0
"bb","Manfred Stolpe ","spd","Kabinett Stolpe III",1999,2002,"cvp",2002,0,0
"bb","Manfred Stolpe ","spd","Kabinett Stolpe III",1999,2002,"dp",2002,0,0
"bb","Manfred Stolpe ","spd","Kabinett Stolpe III",1999,2002,"dps",2002,0,0
"bb","Manfred Stolpe ","spd","Kabinett Stolpe III",1999,2002,"fdp",2002,0,0
"bb","Manfred Stolpe ","spd","Kabinett Stolpe III",1999,2002,"fw",2002,0,0
"bb","Manfred Stolpe ","spd","Kabinett Stolpe III",1999,2002,"gb/bhe",2002,0,0
"bb","Manfred Stolpe ","spd","Kabinett Stolpe III",1999,2002,"gru",2002,0,0
"bb","Manfred Stolpe ","spd","Kabinett Stolpe III",1999,2002,"kpd",2002,0,0
"bb","Manfred Stolpe ","spd","Kabinett Stolpe III",1999,2002,"lin",2002,0,0
"bb","Manfred Stolpe ","spd","Kabinett Stolpe III",1999,2002,"lpd",2002,0,0
"bb","Manfred Stolpe ","spd","Kabinett Stolpe III",1999,2002,"nlp",2002,0,0
"bb","Manfred Stolpe ","spd","Kabinett Stolpe III",1999,2002,"pro",2002,0,0
"bb","Manfred Stolpe ","spd","Kabinett Stolpe III",1999,2002,"spd",2002,1,1
"bb","Manfred Stolpe ","spd","Kabinett Stolpe III",1999,2002,"sps",2002,0,0
"bb","Manfred Stolpe ","spd","Kabinett Stolpe III",1999,2002,"ssw",2002,0,0
"bb","Manfred Stolpe ","spd","Kabinett Stolpe III",1999,2002,"statt",2002,0,0
"bb","Manfred Stolpe ","spd","Kabinett Stolpe III",1999,2002,"wav",2002,0,0
"bb","Manfred Stolpe ","spd","Kabinett Stolpe III",1999,2002,"zentrum",2002,0,0
"be","Eberhard Diepgen","cdu","Kabinett Diepgen V",1999,2001,"bdv",2001,0,0
"be","Eberhard Diepgen","cdu","Kabinett Diepgen V",1999,2001,"bhe",2001,0,0
"be","Eberhard Diepgen","cdu","Kabinett Diepgen V",1999,2001,"bp",2001,0,0
"be","Eberhard Diepgen","cdu","Kabinett Diepgen V",1999,2001,"bsw",2001,0,0
"be","Eberhard Diepgen","cdu","Kabinett Diepgen V",1999,2001,"cdu",2001,0,1
"be","Eberhard Diepgen","cdu","Kabinett Diepgen V",1999,2001,"cvp",2001,0,0
"be","Eberhard Diepgen","cdu","Kabinett Diepgen V",1999,2001,"dp",2001,0,0
"be","Eberhard Diepgen","cdu","Kabinett Diepgen V",1999,2001,"dps",2001,0,0
"be","Eberhard Diepgen","cdu","Kabinett Diepgen V",1999,2001,"fdp",2001,0,0
"be","Eberhard Diepgen","cdu","Kabinett Diepgen V",1999,2001,"fw",2001,0,0
"be","Eberhard Diepgen","cdu","Kabinett Diepgen V",1999,2001,"gb/bhe",2001,0,0
"be","Eberhard Diepgen","cdu","Kabinett Diepgen V",1999,2001,"gru",2001,0,0
"be","Eberhard Diepgen","cdu","Kabinett Diepgen V",1999,2001,"kpd",2001,0,0
"be","Eberhard Diepgen","cdu","Kabinett Diepgen V",1999,2001,"lin",2001,0,0
"be","Eberhard Diepgen","cdu","Kabinett Diepgen V",1999,2001,"lpd",2001,0,0
"be","Eberhard Diepgen","cdu","Kabinett Diepgen V",1999,2001,"nlp",2001,0,0
"be","Eberhard Diepgen","cdu","Kabinett Diepgen V",1999,2001,"pro",2001,0,0
"be","Eberhard Diepgen","cdu","Kabinett Diepgen V",1999,2001,"spd",2001,1,0
"be","Eberhard Diepgen","cdu","Kabinett Diepgen V",1999,2001,"sps",2001,0,0
"be","Eberhard Diepgen","cdu","Kabinett Diepgen V",1999,2001,"ssw",2001,0,0
"be","Eberhard Diepgen","cdu","Kabinett Diepgen V",1999,2001,"statt",2001,0,0
"be","Eberhard Diepgen","cdu","Kabinett Diepgen V",1999,2001,"wav",2001,0,0
"be","Eberhard Diepgen","cdu","Kabinett Diepgen V",1999,2001,"zentrum",2001,0,0
"hb","Henning Scherf","spd","Scherf II",1999,2003,"bdv",2003,0,0
"hb","Henning Scherf","spd","Scherf II",1999,2003,"bhe",2003,0,0
"hb","Henning Scherf","spd","Scherf II",1999,2003,"bp",2003,0,0
"hb","Henning Scherf","spd","Scherf II",1999,2003,"bsw",2003,0,0
"hb","Henning Scherf","spd","Scherf II",1999,2003,"cdu",2003,1,0
"hb","Henning Scherf","spd","Scherf II",1999,2003,"cvp",2003,0,0
"hb","Henning Scherf","spd","Scherf II",1999,2003,"dp",2003,0,0
"hb","Henning Scherf","spd","Scherf II",1999,2003,"dps",2003,0,0
"hb","Henning Scherf","spd","Scherf II",1999,2003,"fdp",2003,0,0
"hb","Henning Scherf","spd","Scherf II",1999,2003,"fw",2003,0,0
"hb","Henning Scherf","spd","Scherf II",1999,2003,"gb/bhe",2003,0,0
"hb","Henning Scherf","spd","Scherf II",1999,2003,"gru",2003,0,0
"hb","Henning Scherf","spd","Scherf II",1999,2003,"kpd",2003,0,0
"hb","Henning Scherf","spd","Scherf II",1999,2003,"lin",2003,0,0
"hb","Henning Scherf","spd","Scherf II",1999,2003,"lpd",2003,0,0
"hb","Henning Scherf","spd","Scherf II",1999,2003,"nlp",2003,0,0
"hb","Henning Scherf","spd","Scherf II",1999,2003,"pro",2003,0,0
"hb","Henning Scherf","spd","Scherf II",1999,2003,"spd",2003,1,1
"hb","Henning Scherf","spd","Scherf II",1999,2003,"sps",2003,0,0
"hb","Henning Scherf","spd","Scherf II",1999,2003,"ssw",2003,0,0
"hb","Henning Scherf","spd","Scherf II",1999,2003,"statt",2003,0,0
"hb","Henning Scherf","spd","Scherf II",1999,2003,"wav",2003,0,0
"hb","Henning Scherf","spd","Scherf II",1999,2003,"zentrum",2003,0,0
"he","Roland Koch","spd","Kabinett Koch I",1999,2003,"bdv",2003,0,0
"he","Roland Koch","spd","Kabinett Koch I",1999,2003,"bhe",2003,0,0
"he","Roland Koch","spd","Kabinett Koch I",1999,2003,"bp",2003,0,0
"he","Roland Koch","spd","Kabinett Koch I",1999,2003,"bsw",2003,0,0
"he","Roland Koch","spd","Kabinett Koch I",1999,2003,"cdu",2003,1,0
"he","Roland Koch","spd","Kabinett Koch I",1999,2003,"cvp",2003,0,0
"he","Roland Koch","spd","Kabinett Koch I",1999,2003,"dp",2003,0,0
"he","Roland Koch","spd","Kabinett Koch I",1999,2003,"dps",2003,0,0
"he","Roland Koch","spd","Kabinett Koch I",1999,2003,"fdp",2003,1,0
"he","Roland Koch","spd","Kabinett Koch I",1999,2003,"fw",2003,0,0
"he","Roland Koch","spd","Kabinett Koch I",1999,2003,"gb/bhe",2003,0,0
"he","Roland Koch","spd","Kabinett Koch I",1999,2003,"gru",2003,0,0
"he","Roland Koch","spd","Kabinett Koch I",1999,2003,"kpd",2003,0,0
"he","Roland Koch","spd","Kabinett Koch I",1999,2003,"lin",2003,0,0
"he","Roland Koch","spd","Kabinett Koch I",1999,2003,"lpd",2003,0,0
"he","Roland Koch","spd","Kabinett Koch I",1999,2003,"nlp",2003,0,0
"he","Roland Koch","spd","Kabinett Koch I",1999,2003,"pro",2003,0,0
"he","Roland Koch","spd","Kabinett Koch I",1999,2003,"spd",2003,0,1
"he","Roland Koch","spd","Kabinett Koch I",1999,2003,"sps",2003,0,0
"he","Roland Koch","spd","Kabinett Koch I",1999,2003,"ssw",2003,0,0
"he","Roland Koch","spd","Kabinett Koch I",1999,2003,"statt",2003,0,0
"he","Roland Koch","spd","Kabinett Koch I",1999,2003,"wav",2003,0,0
"he","Roland Koch","spd","Kabinett Koch I",1999,2003,"zentrum",2003,0,0
"ni","Sigmar Gabriel","spd","Gabriel",1999,2003,"bdv",2003,0,0
"ni","Sigmar Gabriel","spd","Gabriel",1999,2003,"bhe",2003,0,0
"ni","Sigmar Gabriel","spd","Gabriel",1999,2003,"bp",2003,0,0
"ni","Sigmar Gabriel","spd","Gabriel",1999,2003,"bsw",2003,0,0
"ni","Sigmar Gabriel","spd","Gabriel",1999,2003,"cdu",2003,0,0
"ni","Sigmar Gabriel","spd","Gabriel",1999,2003,"cvp",2003,0,0
"ni","Sigmar Gabriel","spd","Gabriel",1999,2003,"dp",2003,0,0
"ni","Sigmar Gabriel","spd","Gabriel",1999,2003,"dps",2003,0,0
"ni","Sigmar Gabriel","spd","Gabriel",1999,2003,"fdp",2003,0,0
"ni","Sigmar Gabriel","spd","Gabriel",1999,2003,"fw",2003,0,0
"ni","Sigmar Gabriel","spd","Gabriel",1999,2003,"gb/bhe",2003,0,0
"ni","Sigmar Gabriel","spd","Gabriel",1999,2003,"gru",2003,0,0
"ni","Sigmar Gabriel","spd","Gabriel",1999,2003,"kpd",2003,0,0
"ni","Sigmar Gabriel","spd","Gabriel",1999,2003,"lin",2003,0,0
"ni","Sigmar Gabriel","spd","Gabriel",1999,2003,"lpd",2003,0,0
"ni","Sigmar Gabriel","spd","Gabriel",1999,2003,"nlp",2003,0,0
"ni","Sigmar Gabriel","spd","Gabriel",1999,2003,"pro",2003,0,0
"ni","Sigmar Gabriel","spd","Gabriel",1999,2003,"spd",2003,1,1
"ni","Sigmar Gabriel","spd","Gabriel",1999,2003,"sps",2003,0,0
"ni","Sigmar Gabriel","spd","Gabriel",1999,2003,"ssw",2003,0,0
"ni","Sigmar Gabriel","spd","Gabriel",1999,2003,"statt",2003,0,0
"ni","Sigmar Gabriel","spd","Gabriel",1999,2003,"wav",2003,0,0
"ni","Sigmar Gabriel","spd","Gabriel",1999,2003,"zentrum",2003,0,0
"sl","Peter Müller","cdu","Kabinett Müller I",1999,2004,"bdv",2004,0,0
"sl","Peter Müller","cdu","Kabinett Müller I",1999,2004,"bhe",2004,0,0
"sl","Peter Müller","cdu","Kabinett Müller I",1999,2004,"bp",2004,0,0
"sl","Peter Müller","cdu","Kabinett Müller I",1999,2004,"bsw",2004,0,0
"sl","Peter Müller","cdu","Kabinett Müller I",1999,2004,"cdu",2004,1,1
"sl","Peter Müller","cdu","Kabinett Müller I",1999,2004,"cvp",2004,0,0
"sl","Peter Müller","cdu","Kabinett Müller I",1999,2004,"dp",2004,0,0
"sl","Peter Müller","cdu","Kabinett Müller I",1999,2004,"dps",2004,0,0
"sl","Peter Müller","cdu","Kabinett Müller I",1999,2004,"fdp",2004,0,0
"sl","Peter Müller","cdu","Kabinett Müller I",1999,2004,"fw",2004,0,0
"sl","Peter Müller","cdu","Kabinett Müller I",1999,2004,"gb/bhe",2004,0,0
"sl","Peter Müller","cdu","Kabinett Müller I",1999,2004,"gru",2004,0,0
"sl","Peter Müller","cdu","Kabinett Müller I",1999,2004,"kpd",2004,0,0
"sl","Peter Müller","cdu","Kabinett Müller I",1999,2004,"lin",2004,0,0
"sl","Peter Müller","cdu","Kabinett Müller I",1999,2004,"lpd",2004,0,0
"sl","Peter Müller","cdu","Kabinett Müller I",1999,2004,"nlp",2004,0,0
"sl","Peter Müller","cdu","Kabinett Müller I",1999,2004,"pro",2004,0,0
"sl","Peter Müller","cdu","Kabinett Müller I",1999,2004,"spd",2004,0,0
"sl","Peter Müller","cdu","Kabinett Müller I",1999,2004,"sps",2004,0,0
"sl","Peter Müller","cdu","Kabinett Müller I",1999,2004,"ssw",2004,0,0
"sl","Peter Müller","cdu","Kabinett Müller I",1999,2004,"statt",2004,0,0
"sl","Peter Müller","cdu","Kabinett Müller I",1999,2004,"wav",2004,0,0
"sl","Peter Müller","cdu","Kabinett Müller I",1999,2004,"zentrum",2004,0,0
"sn","Kurt Biedenkopf","cdu","Kabinett Biedenkopf III",1999,2002,"bdv",2002,0,0
"sn","Kurt Biedenkopf","cdu","Kabinett Biedenkopf III",1999,2002,"bhe",2002,0,0
"sn","Kurt Biedenkopf","cdu","Kabinett Biedenkopf III",1999,2002,"bp",2002,0,0
"sn","Kurt Biedenkopf","cdu","Kabinett Biedenkopf III",1999,2002,"bsw",2002,0,0
"sn","Kurt Biedenkopf","cdu","Kabinett Biedenkopf III",1999,2002,"cdu",2002,1,1
"sn","Kurt Biedenkopf","cdu","Kabinett Biedenkopf III",1999,2002,"cvp",2002,0,0
"sn","Kurt Biedenkopf","cdu","Kabinett Biedenkopf III",1999,2002,"dp",2002,0,0
"sn","Kurt Biedenkopf","cdu","Kabinett Biedenkopf III",1999,2002,"dps",2002,0,0
"sn","Kurt Biedenkopf","cdu","Kabinett Biedenkopf III",1999,2002,"fdp",2002,0,0
"sn","Kurt Biedenkopf","cdu","Kabinett Biedenkopf III",1999,2002,"fw",2002,0,0
"sn","Kurt Biedenkopf","cdu","Kabinett Biedenkopf III",1999,2002,"gb/bhe",2002,0,0
"sn","Kurt Biedenkopf","cdu","Kabinett Biedenkopf III",1999,2002,"gru",2002,0,0
"sn","Kurt Biedenkopf","cdu","Kabinett Biedenkopf III",1999,2002,"kpd",2002,0,0
"sn","Kurt Biedenkopf","cdu","Kabinett Biedenkopf III",1999,2002,"lin",2002,0,0
"sn","Kurt Biedenkopf","cdu","Kabinett Biedenkopf III",1999,2002,"lpd",2002,0,0
"sn","Kurt Biedenkopf","cdu","Kabinett Biedenkopf III",1999,2002,"nlp",2002,0,0
"sn","Kurt Biedenkopf","cdu","Kabinett Biedenkopf III",1999,2002,"pro",2002,0,0
"sn","Kurt Biedenkopf","cdu","Kabinett Biedenkopf III",1999,2002,"spd",2002,0,0
"sn","Kurt Biedenkopf","cdu","Kabinett Biedenkopf III",1999,2002,"sps",2002,0,0
"sn","Kurt Biedenkopf","cdu","Kabinett Biedenkopf III",1999,2002,"ssw",2002,0,0
"sn","Kurt Biedenkopf","cdu","Kabinett Biedenkopf III",1999,2002,"statt",2002,0,0
"sn","Kurt Biedenkopf","cdu","Kabinett Biedenkopf III",1999,2002,"wav",2002,0,0
"sn","Kurt Biedenkopf","cdu","Kabinett Biedenkopf III",1999,2002,"zentrum",2002,0,0
"th","Bernhard Vogel","cdu","Kabinett Vogel III",1999,2003,"bdv",2003,0,0
"th","Bernhard Vogel","cdu","Kabinett Vogel III",1999,2003,"bhe",2003,0,0
"th","Bernhard Vogel","cdu","Kabinett Vogel III",1999,2003,"bp",2003,0,0
"th","Bernhard Vogel","cdu","Kabinett Vogel III",1999,2003,"bsw",2003,0,0
"th","Bernhard Vogel","cdu","Kabinett Vogel III",1999,2003,"cdu",2003,1,1
"th","Bernhard Vogel","cdu","Kabinett Vogel III",1999,2003,"cvp",2003,0,0
"th","Bernhard Vogel","cdu","Kabinett Vogel III",1999,2003,"dp",2003,0,0
"th","Bernhard Vogel","cdu","Kabinett Vogel III",1999,2003,"dps",2003,0,0
"th","Bernhard Vogel","cdu","Kabinett Vogel III",1999,2003,"fdp",2003,0,0
"th","Bernhard Vogel","cdu","Kabinett Vogel III",1999,2003,"fw",2003,0,0
"th","Bernhard Vogel","cdu","Kabinett Vogel III",1999,2003,"gb/bhe",2003,0,0
"th","Bernhard Vogel","cdu","Kabinett Vogel III",1999,2003,"gru",2003,0,0
"th","Bernhard Vogel","cdu","Kabinett Vogel III",1999,2003,"kpd",2003,0,0
"th","Bernhard Vogel","cdu","Kabinett Vogel III",1999,2003,"lin",2003,0,0
"th","Bernhard Vogel","cdu","Kabinett Vogel III",1999,2003,"lpd",2003,0,0
"th","Bernhard Vogel","cdu","Kabinett Vogel III",1999,2003,"nlp",2003,0,0
"th","Bernhard Vogel","cdu","Kabinett Vogel III",1999,2003,"pro",2003,0,0
"th","Bernhard Vogel","cdu","Kabinett Vogel III",1999,2003,"spd",2003,0,0
"th","Bernhard Vogel","cdu","Kabinett Vogel III",1999,2003,"sps",2003,0,0
"th","Bernhard Vogel","cdu","Kabinett Vogel III",1999,2003,"ssw",2003,0,0
"th","Bernhard Vogel","cdu","Kabinett Vogel III",1999,2003,"statt",2003,0,0
"th","Bernhard Vogel","cdu","Kabinett Vogel III",1999,2003,"wav",2003,0,0
"th","Bernhard Vogel","cdu","Kabinett Vogel III",1999,2003,"zentrum",2003,0,0
"nw","Wolfgang Clement","spd","Kabinett Clement II",2000,2002,"bdv",2002,0,0
"nw","Wolfgang Clement","spd","Kabinett Clement II",2000,2002,"bhe",2002,0,0
"nw","Wolfgang Clement","spd","Kabinett Clement II",2000,2002,"bp",2002,0,0
"nw","Wolfgang Clement","spd","Kabinett Clement II",2000,2002,"bsw",2002,0,0
"nw","Wolfgang Clement","spd","Kabinett Clement II",2000,2002,"cdu",2002,0,0
"nw","Wolfgang Clement","spd","Kabinett Clement II",2000,2002,"cvp",2002,0,0
"nw","Wolfgang Clement","spd","Kabinett Clement II",2000,2002,"dp",2002,0,0
"nw","Wolfgang Clement","spd","Kabinett Clement II",2000,2002,"dps",2002,0,0
"nw","Wolfgang Clement","spd","Kabinett Clement II",2000,2002,"fdp",2002,0,0
"nw","Wolfgang Clement","spd","Kabinett Clement II",2000,2002,"fw",2002,0,0
"nw","Wolfgang Clement","spd","Kabinett Clement II",2000,2002,"gb/bhe",2002,0,0
"nw","Wolfgang Clement","spd","Kabinett Clement II",2000,2002,"gru",2002,1,0
"nw","Wolfgang Clement","spd","Kabinett Clement II",2000,2002,"kpd",2002,0,0
"nw","Wolfgang Clement","spd","Kabinett Clement II",2000,2002,"lin",2002,0,0
"nw","Wolfgang Clement","spd","Kabinett Clement II",2000,2002,"lpd",2002,0,0
"nw","Wolfgang Clement","spd","Kabinett Clement II",2000,2002,"nlp",2002,0,0
"nw","Wolfgang Clement","spd","Kabinett Clement II",2000,2002,"pro",2002,0,0
"nw","Wolfgang Clement","spd","Kabinett Clement II",2000,2002,"spd",2002,1,1
"nw","Wolfgang Clement","spd","Kabinett Clement II",2000,2002,"sps",2002,0,0
"nw","Wolfgang Clement","spd","Kabinett Clement II",2000,2002,"ssw",2002,0,0
"nw","Wolfgang Clement","spd","Kabinett Clement II",2000,2002,"statt",2002,0,0
"nw","Wolfgang Clement","spd","Kabinett Clement II",2000,2002,"wav",2002,0,0
"nw","Wolfgang Clement","spd","Kabinett Clement II",2000,2002,"zentrum",2002,0,0
"sh","Heide Simonis","spd","Kabinett Simonis III",2000,2005,"bdv",2005,0,0
"sh","Heide Simonis","spd","Kabinett Simonis III",2000,2005,"bhe",2005,0,0
"sh","Heide Simonis","spd","Kabinett Simonis III",2000,2005,"bp",2005,0,0
"sh","Heide Simonis","spd","Kabinett Simonis III",2000,2005,"bsw",2005,0,0
"sh","Heide Simonis","spd","Kabinett Simonis III",2000,2005,"cdu",2005,0,0
"sh","Heide Simonis","spd","Kabinett Simonis III",2000,2005,"cvp",2005,0,0
"sh","Heide Simonis","spd","Kabinett Simonis III",2000,2005,"dp",2005,0,0
"sh","Heide Simonis","spd","Kabinett Simonis III",2000,2005,"dps",2005,0,0
"sh","Heide Simonis","spd","Kabinett Simonis III",2000,2005,"fdp",2005,0,0
"sh","Heide Simonis","spd","Kabinett Simonis III",2000,2005,"fw",2005,0,0
"sh","Heide Simonis","spd","Kabinett Simonis III",2000,2005,"gb/bhe",2005,0,0
"sh","Heide Simonis","spd","Kabinett Simonis III",2000,2005,"gru",2005,1,0
"sh","Heide Simonis","spd","Kabinett Simonis III",2000,2005,"kpd",2005,0,0
"sh","Heide Simonis","spd","Kabinett Simonis III",2000,2005,"lin",2005,0,0
"sh","Heide Simonis","spd","Kabinett Simonis III",2000,2005,"lpd",2005,0,0
"sh","Heide Simonis","spd","Kabinett Simonis III",2000,2005,"nlp",2005,0,0
"sh","Heide Simonis","spd","Kabinett Simonis III",2000,2005,"pro",2005,0,0
"sh","Heide Simonis","spd","Kabinett Simonis III",2000,2005,"spd",2005,1,1
"sh","Heide Simonis","spd","Kabinett Simonis III",2000,2005,"sps",2005,0,0
"sh","Heide Simonis","spd","Kabinett Simonis III",2000,2005,"ssw",2005,0,0
"sh","Heide Simonis","spd","Kabinett Simonis III",2000,2005,"statt",2005,0,0
"sh","Heide Simonis","spd","Kabinett Simonis III",2000,2005,"wav",2005,0,0
"sh","Heide Simonis","spd","Kabinett Simonis III",2000,2005,"zentrum",2005,0,0
"be","Klaus Wowereit","spd","Kabinett Wowereit I",2001,2002,"bdv",2002,0,0
"be","Klaus Wowereit","spd","Kabinett Wowereit I",2001,2002,"bhe",2002,0,0
"be","Klaus Wowereit","spd","Kabinett Wowereit I",2001,2002,"bp",2002,0,0
"be","Klaus Wowereit","spd","Kabinett Wowereit I",2001,2002,"bsw",2002,0,0
"be","Klaus Wowereit","spd","Kabinett Wowereit I",2001,2002,"cdu",2002,0,0
"be","Klaus Wowereit","spd","Kabinett Wowereit I",2001,2002,"cvp",2002,0,0
"be","Klaus Wowereit","spd","Kabinett Wowereit I",2001,2002,"dp",2002,0,0
"be","Klaus Wowereit","spd","Kabinett Wowereit I",2001,2002,"dps",2002,0,0
"be","Klaus Wowereit","spd","Kabinett Wowereit I",2001,2002,"fdp",2002,0,0
"be","Klaus Wowereit","spd","Kabinett Wowereit I",2001,2002,"fw",2002,0,0
"be","Klaus Wowereit","spd","Kabinett Wowereit I",2001,2002,"gb/bhe",2002,0,0
"be","Klaus Wowereit","spd","Kabinett Wowereit I",2001,2002,"gru",2002,0,0
"be","Klaus Wowereit","spd","Kabinett Wowereit I",2001,2002,"kpd",2002,0,0
"be","Klaus Wowereit","spd","Kabinett Wowereit I",2001,2002,"lin",2002,1,0
"be","Klaus Wowereit","spd","Kabinett Wowereit I",2001,2002,"lpd",2002,0,0
"be","Klaus Wowereit","spd","Kabinett Wowereit I",2001,2002,"nlp",2002,0,0
"be","Klaus Wowereit","spd","Kabinett Wowereit I",2001,2002,"pro",2002,0,0
"be","Klaus Wowereit","spd","Kabinett Wowereit I",2001,2002,"spd",2002,1,1
"be","Klaus Wowereit","spd","Kabinett Wowereit I",2001,2002,"sps",2002,0,0
"be","Klaus Wowereit","spd","Kabinett Wowereit I",2001,2002,"ssw",2002,0,0
"be","Klaus Wowereit","spd","Kabinett Wowereit I",2001,2002,"statt",2002,0,0
"be","Klaus Wowereit","spd","Kabinett Wowereit I",2001,2002,"wav",2002,0,0
"be","Klaus Wowereit","spd","Kabinett Wowereit I",2001,2002,"zentrum",2002,0,0
"bw","Erwin Teufel","cdu","Kabinett Teufel IV",2001,2005,"bdv",2005,0,0
"bw","Erwin Teufel","cdu","Kabinett Teufel IV",2001,2005,"bhe",2005,0,0
"bw","Erwin Teufel","cdu","Kabinett Teufel IV",2001,2005,"bp",2005,0,0
"bw","Erwin Teufel","cdu","Kabinett Teufel IV",2001,2005,"bsw",2005,0,0
"bw","Erwin Teufel","cdu","Kabinett Teufel IV",2001,2005,"cdu",2005,1,1
"bw","Erwin Teufel","cdu","Kabinett Teufel IV",2001,2005,"cvp",2005,0,0
"bw","Erwin Teufel","cdu","Kabinett Teufel IV",2001,2005,"dp",2005,0,0
"bw","Erwin Teufel","cdu","Kabinett Teufel IV",2001,2005,"dps",2005,0,0
"bw","Erwin Teufel","cdu","Kabinett Teufel IV",2001,2005,"fdp",2005,1,0
"bw","Erwin Teufel","cdu","Kabinett Teufel IV",2001,2005,"fw",2005,0,0
"bw","Erwin Teufel","cdu","Kabinett Teufel IV",2001,2005,"gb/bhe",2005,0,0
"bw","Erwin Teufel","cdu","Kabinett Teufel IV",2001,2005,"gru",2005,0,0
"bw","Erwin Teufel","cdu","Kabinett Teufel IV",2001,2005,"kpd",2005,0,0
"bw","Erwin Teufel","cdu","Kabinett Teufel IV",2001,2005,"lin",2005,0,0
"bw","Erwin Teufel","cdu","Kabinett Teufel IV",2001,2005,"lpd",2005,0,0
"bw","Erwin Teufel","cdu","Kabinett Teufel IV",2001,2005,"nlp",2005,0,0
"bw","Erwin Teufel","cdu","Kabinett Teufel IV",2001,2005,"pro",2005,0,0
"bw","Erwin Teufel","cdu","Kabinett Teufel IV",2001,2005,"spd",2005,0,0
"bw","Erwin Teufel","cdu","Kabinett Teufel IV",2001,2005,"sps",2005,0,0
"bw","Erwin Teufel","cdu","Kabinett Teufel IV",2001,2005,"ssw",2005,0,0
"bw","Erwin Teufel","cdu","Kabinett Teufel IV",2001,2005,"statt",2005,0,0
"bw","Erwin Teufel","cdu","Kabinett Teufel IV",2001,2005,"wav",2005,0,0
"bw","Erwin Teufel","cdu","Kabinett Teufel IV",2001,2005,"zentrum",2005,0,0
"hh","Ole von Beust","cdu","Kabinett von Beust I",2001,2004,"bdv",2004,0,0
"hh","Ole von Beust","cdu","Kabinett von Beust I",2001,2004,"bhe",2004,0,0
"hh","Ole von Beust","cdu","Kabinett von Beust I",2001,2004,"bp",2004,0,0
"hh","Ole von Beust","cdu","Kabinett von Beust I",2001,2004,"bsw",2004,0,0
"hh","Ole von Beust","cdu","Kabinett von Beust I",2001,2004,"cdu",2004,1,1
"hh","Ole von Beust","cdu","Kabinett von Beust I",2001,2004,"cvp",2004,0,0
"hh","Ole von Beust","cdu","Kabinett von Beust I",2001,2004,"dp",2004,0,0
"hh","Ole von Beust","cdu","Kabinett von Beust I",2001,2004,"dps",2004,0,0
"hh","Ole von Beust","cdu","Kabinett von Beust I",2001,2004,"fdp",2004,1,0
"hh","Ole von Beust","cdu","Kabinett von Beust I",2001,2004,"fw",2004,0,0
"hh","Ole von Beust","cdu","Kabinett von Beust I",2001,2004,"gb/bhe",2004,0,0
"hh","Ole von Beust","cdu","Kabinett von Beust I",2001,2004,"gru",2004,0,0
"hh","Ole von Beust","cdu","Kabinett von Beust I",2001,2004,"kpd",2004,0,0
"hh","Ole von Beust","cdu","Kabinett von Beust I",2001,2004,"lin",2004,0,0
"hh","Ole von Beust","cdu","Kabinett von Beust I",2001,2004,"lpd",2004,0,0
"hh","Ole von Beust","cdu","Kabinett von Beust I",2001,2004,"nlp",2004,0,0
"hh","Ole von Beust","cdu","Kabinett von Beust I",2001,2004,"pro",2004,1,0
"hh","Ole von Beust","cdu","Kabinett von Beust I",2001,2004,"spd",2004,0,0
"hh","Ole von Beust","cdu","Kabinett von Beust I",2001,2004,"sps",2004,0,0
"hh","Ole von Beust","cdu","Kabinett von Beust I",2001,2004,"ssw",2004,0,0
"hh","Ole von Beust","cdu","Kabinett von Beust I",2001,2004,"statt",2004,0,0
"hh","Ole von Beust","cdu","Kabinett von Beust I",2001,2004,"wav",2004,0,0
"hh","Ole von Beust","cdu","Kabinett von Beust I",2001,2004,"zentrum",2004,0,0
"rp","Kurt Beck","spd","Beck III",2001,2006,"bdv",2006,0,0
"rp","Kurt Beck","spd","Beck III",2001,2006,"bhe",2006,0,0
"rp","Kurt Beck","spd","Beck III",2001,2006,"bp",2006,0,0
"rp","Kurt Beck","spd","Beck III",2001,2006,"bsw",2006,0,0
"rp","Kurt Beck","spd","Beck III",2001,2006,"cdu",2006,0,0
"rp","Kurt Beck","spd","Beck III",2001,2006,"cvp",2006,0,0
"rp","Kurt Beck","spd","Beck III",2001,2006,"dp",2006,0,0
"rp","Kurt Beck","spd","Beck III",2001,2006,"dps",2006,0,0
"rp","Kurt Beck","spd","Beck III",2001,2006,"fdp",2006,1,0
"rp","Kurt Beck","spd","Beck III",2001,2006,"fw",2006,0,0
"rp","Kurt Beck","spd","Beck III",2001,2006,"gb/bhe",2006,0,0
"rp","Kurt Beck","spd","Beck III",2001,2006,"gru",2006,0,0
"rp","Kurt Beck","spd","Beck III",2001,2006,"kpd",2006,0,0
"rp","Kurt Beck","spd","Beck III",2001,2006,"lin",2006,0,0
"rp","Kurt Beck","spd","Beck III",2001,2006,"lpd",2006,0,0
"rp","Kurt Beck","spd","Beck III",2001,2006,"nlp",2006,0,0
"rp","Kurt Beck","spd","Beck III",2001,2006,"pro",2006,0,0
"rp","Kurt Beck","spd","Beck III",2001,2006,"spd",2006,1,1
"rp","Kurt Beck","spd","Beck III",2001,2006,"sps",2006,0,0
"rp","Kurt Beck","spd","Beck III",2001,2006,"ssw",2006,0,0
"rp","Kurt Beck","spd","Beck III",2001,2006,"statt",2006,0,0
"rp","Kurt Beck","spd","Beck III",2001,2006,"wav",2006,0,0
"rp","Kurt Beck","spd","Beck III",2001,2006,"zentrum",2006,0,0
"bb","Matthias Platzeck","spd","Kabinett Platzeck I",2002,2004,"bdv",2004,0,0
"bb","Matthias Platzeck","spd","Kabinett Platzeck I",2002,2004,"bhe",2004,0,0
"bb","Matthias Platzeck","spd","Kabinett Platzeck I",2002,2004,"bp",2004,0,0
"bb","Matthias Platzeck","spd","Kabinett Platzeck I",2002,2004,"bsw",2004,0,0
"bb","Matthias Platzeck","spd","Kabinett Platzeck I",2002,2004,"cdu",2004,1,0
"bb","Matthias Platzeck","spd","Kabinett Platzeck I",2002,2004,"cvp",2004,0,0
"bb","Matthias Platzeck","spd","Kabinett Platzeck I",2002,2004,"dp",2004,0,0
"bb","Matthias Platzeck","spd","Kabinett Platzeck I",2002,2004,"dps",2004,0,0
"bb","Matthias Platzeck","spd","Kabinett Platzeck I",2002,2004,"fdp",2004,0,0
"bb","Matthias Platzeck","spd","Kabinett Platzeck I",2002,2004,"fw",2004,0,0
"bb","Matthias Platzeck","spd","Kabinett Platzeck I",2002,2004,"gb/bhe",2004,0,0
"bb","Matthias Platzeck","spd","Kabinett Platzeck I",2002,2004,"gru",2004,0,0
"bb","Matthias Platzeck","spd","Kabinett Platzeck I",2002,2004,"kpd",2004,0,0
"bb","Matthias Platzeck","spd","Kabinett Platzeck I",2002,2004,"lin",2004,0,0
"bb","Matthias Platzeck","spd","Kabinett Platzeck I",2002,2004,"lpd",2004,0,0
"bb","Matthias Platzeck","spd","Kabinett Platzeck I",2002,2004,"nlp",2004,0,0
"bb","Matthias Platzeck","spd","Kabinett Platzeck I",2002,2004,"pro",2004,0,0
"bb","Matthias Platzeck","spd","Kabinett Platzeck I",2002,2004,"spd",2004,1,1
"bb","Matthias Platzeck","spd","Kabinett Platzeck I",2002,2004,"sps",2004,0,0
"bb","Matthias Platzeck","spd","Kabinett Platzeck I",2002,2004,"ssw",2004,0,0
"bb","Matthias Platzeck","spd","Kabinett Platzeck I",2002,2004,"statt",2004,0,0
"bb","Matthias Platzeck","spd","Kabinett Platzeck I",2002,2004,"wav",2004,0,0
"bb","Matthias Platzeck","spd","Kabinett Platzeck I",2002,2004,"zentrum",2004,0,0
"be","Klaus Wowereit","spd","Kabinett Wowereit II",2002,2006,"bdv",2006,0,0
"be","Klaus Wowereit","spd","Kabinett Wowereit II",2002,2006,"bhe",2006,0,0
"be","Klaus Wowereit","spd","Kabinett Wowereit II",2002,2006,"bp",2006,0,0
"be","Klaus Wowereit","spd","Kabinett Wowereit II",2002,2006,"bsw",2006,0,0
"be","Klaus Wowereit","spd","Kabinett Wowereit II",2002,2006,"cdu",2006,0,0
"be","Klaus Wowereit","spd","Kabinett Wowereit II",2002,2006,"cvp",2006,0,0
"be","Klaus Wowereit","spd","Kabinett Wowereit II",2002,2006,"dp",2006,0,0
"be","Klaus Wowereit","spd","Kabinett Wowereit II",2002,2006,"dps",2006,0,0
"be","Klaus Wowereit","spd","Kabinett Wowereit II",2002,2006,"fdp",2006,0,0
"be","Klaus Wowereit","spd","Kabinett Wowereit II",2002,2006,"fw",2006,0,0
"be","Klaus Wowereit","spd","Kabinett Wowereit II",2002,2006,"gb/bhe",2006,0,0
"be","Klaus Wowereit","spd","Kabinett Wowereit II",2002,2006,"gru",2006,0,0
"be","Klaus Wowereit","spd","Kabinett Wowereit II",2002,2006,"kpd",2006,0,0
"be","Klaus Wowereit","spd","Kabinett Wowereit II",2002,2006,"lin",2006,1,0
"be","Klaus Wowereit","spd","Kabinett Wowereit II",2002,2006,"lpd",2006,0,0
"be","Klaus Wowereit","spd","Kabinett Wowereit II",2002,2006,"nlp",2006,0,0
"be","Klaus Wowereit","spd","Kabinett Wowereit II",2002,2006,"pro",2006,0,0
"be","Klaus Wowereit","spd","Kabinett Wowereit II",2002,2006,"spd",2006,1,1
"be","Klaus Wowereit","spd","Kabinett Wowereit II",2002,2006,"sps",2006,0,0
"be","Klaus Wowereit","spd","Kabinett Wowereit II",2002,2006,"ssw",2006,0,0
"be","Klaus Wowereit","spd","Kabinett Wowereit II",2002,2006,"statt",2006,0,0
"be","Klaus Wowereit","spd","Kabinett Wowereit II",2002,2006,"wav",2006,0,0
"be","Klaus Wowereit","spd","Kabinett Wowereit II",2002,2006,"zentrum",2006,0,0
"mv","Harald Ringstorff","spd","Kabinett Ringstorff II",2002,2006,"bdv",2006,0,0
"mv","Harald Ringstorff","spd","Kabinett Ringstorff II",2002,2006,"bhe",2006,0,0
"mv","Harald Ringstorff","spd","Kabinett Ringstorff II",2002,2006,"bp",2006,0,0
"mv","Harald Ringstorff","spd","Kabinett Ringstorff II",2002,2006,"bsw",2006,0,0
"mv","Harald Ringstorff","spd","Kabinett Ringstorff II",2002,2006,"cdu",2006,0,0
"mv","Harald Ringstorff","spd","Kabinett Ringstorff II",2002,2006,"cvp",2006,0,0
"mv","Harald Ringstorff","spd","Kabinett Ringstorff II",2002,2006,"dp",2006,0,0
"mv","Harald Ringstorff","spd","Kabinett Ringstorff II",2002,2006,"dps",2006,0,0
"mv","Harald Ringstorff","spd","Kabinett Ringstorff II",2002,2006,"fdp",2006,0,0
"mv","Harald Ringstorff","spd","Kabinett Ringstorff II",2002,2006,"fw",2006,0,0
"mv","Harald Ringstorff","spd","Kabinett Ringstorff II",2002,2006,"gb/bhe",2006,0,0
"mv","Harald Ringstorff","spd","Kabinett Ringstorff II",2002,2006,"gru",2006,0,0
"mv","Harald Ringstorff","spd","Kabinett Ringstorff II",2002,2006,"kpd",2006,0,0
"mv","Harald Ringstorff","spd","Kabinett Ringstorff II",2002,2006,"lin",2006,1,0
"mv","Harald Ringstorff","spd","Kabinett Ringstorff II",2002,2006,"lpd",2006,0,0
"mv","Harald Ringstorff","spd","Kabinett Ringstorff II",2002,2006,"nlp",2006,0,0
"mv","Harald Ringstorff","spd","Kabinett Ringstorff II",2002,2006,"pro",2006,0,0
"mv","Harald Ringstorff","spd","Kabinett Ringstorff II",2002,2006,"spd",2006,1,1
"mv","Harald Ringstorff","spd","Kabinett Ringstorff II",2002,2006,"sps",2006,0,0
"mv","Harald Ringstorff","spd","Kabinett Ringstorff II",2002,2006,"ssw",2006,0,0
"mv","Harald Ringstorff","spd","Kabinett Ringstorff II",2002,2006,"statt",2006,0,0
"mv","Harald Ringstorff","spd","Kabinett Ringstorff II",2002,2006,"wav",2006,0,0
"mv","Harald Ringstorff","spd","Kabinett Ringstorff II",2002,2006,"zentrum",2006,0,0
"nw","Peer Steinbrück","spd","Kabinett Steinbrück",2002,2005,"bdv",2005,0,0
"nw","Peer Steinbrück","spd","Kabinett Steinbrück",2002,2005,"bhe",2005,0,0
"nw","Peer Steinbrück","spd","Kabinett Steinbrück",2002,2005,"bp",2005,0,0
"nw","Peer Steinbrück","spd","Kabinett Steinbrück",2002,2005,"bsw",2005,0,0
"nw","Peer Steinbrück","spd","Kabinett Steinbrück",2002,2005,"cdu",2005,0,0
"nw","Peer Steinbrück","spd","Kabinett Steinbrück",2002,2005,"cvp",2005,0,0
"nw","Peer Steinbrück","spd","Kabinett Steinbrück",2002,2005,"dp",2005,0,0
"nw","Peer Steinbrück","spd","Kabinett Steinbrück",2002,2005,"dps",2005,0,0
"nw","Peer Steinbrück","spd","Kabinett Steinbrück",2002,2005,"fdp",2005,0,0
"nw","Peer Steinbrück","spd","Kabinett Steinbrück",2002,2005,"fw",2005,0,0
"nw","Peer Steinbrück","spd","Kabinett Steinbrück",2002,2005,"gb/bhe",2005,0,0
"nw","Peer Steinbrück","spd","Kabinett Steinbrück",2002,2005,"gru",2005,1,0
"nw","Peer Steinbrück","spd","Kabinett Steinbrück",2002,2005,"kpd",2005,0,0
"nw","Peer Steinbrück","spd","Kabinett Steinbrück",2002,2005,"lin",2005,0,0
"nw","Peer Steinbrück","spd","Kabinett Steinbrück",2002,2005,"lpd",2005,0,0
"nw","Peer Steinbrück","spd","Kabinett Steinbrück",2002,2005,"nlp",2005,0,0
"nw","Peer Steinbrück","spd","Kabinett Steinbrück",2002,2005,"pro",2005,0,0
"nw","Peer Steinbrück","spd","Kabinett Steinbrück",2002,2005,"spd",2005,1,1
"nw","Peer Steinbrück","spd","Kabinett Steinbrück",2002,2005,"sps",2005,0,0
"nw","Peer Steinbrück","spd","Kabinett Steinbrück",2002,2005,"ssw",2005,0,0
"nw","Peer Steinbrück","spd","Kabinett Steinbrück",2002,2005,"statt",2005,0,0
"nw","Peer Steinbrück","spd","Kabinett Steinbrück",2002,2005,"wav",2005,0,0
"nw","Peer Steinbrück","spd","Kabinett Steinbrück",2002,2005,"zentrum",2005,0,0
"sn","Georg Milbradt","cdu","Kabinett Milbradt I",2002,2004,"bdv",2004,0,0
"sn","Georg Milbradt","cdu","Kabinett Milbradt I",2002,2004,"bhe",2004,0,0
"sn","Georg Milbradt","cdu","Kabinett Milbradt I",2002,2004,"bp",2004,0,0
"sn","Georg Milbradt","cdu","Kabinett Milbradt I",2002,2004,"bsw",2004,0,0
"sn","Georg Milbradt","cdu","Kabinett Milbradt I",2002,2004,"cdu",2004,1,1
"sn","Georg Milbradt","cdu","Kabinett Milbradt I",2002,2004,"cvp",2004,0,0
"sn","Georg Milbradt","cdu","Kabinett Milbradt I",2002,2004,"dp",2004,0,0
"sn","Georg Milbradt","cdu","Kabinett Milbradt I",2002,2004,"dps",2004,0,0
"sn","Georg Milbradt","cdu","Kabinett Milbradt I",2002,2004,"fdp",2004,0,0
"sn","Georg Milbradt","cdu","Kabinett Milbradt I",2002,2004,"fw",2004,0,0
"sn","Georg Milbradt","cdu","Kabinett Milbradt I",2002,2004,"gb/bhe",2004,0,0
"sn","Georg Milbradt","cdu","Kabinett Milbradt I",2002,2004,"gru",2004,0,0
"sn","Georg Milbradt","cdu","Kabinett Milbradt I",2002,2004,"kpd",2004,0,0
"sn","Georg Milbradt","cdu","Kabinett Milbradt I",2002,2004,"lin",2004,0,0
"sn","Georg Milbradt","cdu","Kabinett Milbradt I",2002,2004,"lpd",2004,0,0
"sn","Georg Milbradt","cdu","Kabinett Milbradt I",2002,2004,"nlp",2004,0,0
"sn","Georg Milbradt","cdu","Kabinett Milbradt I",2002,2004,"pro",2004,0,0
"sn","Georg Milbradt","cdu","Kabinett Milbradt I",2002,2004,"spd",2004,0,0
"sn","Georg Milbradt","cdu","Kabinett Milbradt I",2002,2004,"sps",2004,0,0
"sn","Georg Milbradt","cdu","Kabinett Milbradt I",2002,2004,"ssw",2004,0,0
"sn","Georg Milbradt","cdu","Kabinett Milbradt I",2002,2004,"statt",2004,0,0
"sn","Georg Milbradt","cdu","Kabinett Milbradt I",2002,2004,"wav",2004,0,0
"sn","Georg Milbradt","cdu","Kabinett Milbradt I",2002,2004,"zentrum",2004,0,0
"st","Wolfgang Böhmer","cdu","Kabinett Böhmer I",2002,2006,"bdv",2006,0,0
"st","Wolfgang Böhmer","cdu","Kabinett Böhmer I",2002,2006,"bhe",2006,0,0
"st","Wolfgang Böhmer","cdu","Kabinett Böhmer I",2002,2006,"bp",2006,0,0
"st","Wolfgang Böhmer","cdu","Kabinett Böhmer I",2002,2006,"bsw",2006,0,0
"st","Wolfgang Böhmer","cdu","Kabinett Böhmer I",2002,2006,"cdu",2006,1,1
"st","Wolfgang Böhmer","cdu","Kabinett Böhmer I",2002,2006,"cvp",2006,0,0
"st","Wolfgang Böhmer","cdu","Kabinett Böhmer I",2002,2006,"dp",2006,0,0
"st","Wolfgang Böhmer","cdu","Kabinett Böhmer I",2002,2006,"dps",2006,0,0
"st","Wolfgang Böhmer","cdu","Kabinett Böhmer I",2002,2006,"fdp",2006,1,0
"st","Wolfgang Böhmer","cdu","Kabinett Böhmer I",2002,2006,"fw",2006,0,0
"st","Wolfgang Böhmer","cdu","Kabinett Böhmer I",2002,2006,"gb/bhe",2006,0,0
"st","Wolfgang Böhmer","cdu","Kabinett Böhmer I",2002,2006,"gru",2006,0,0
"st","Wolfgang Böhmer","cdu","Kabinett Böhmer I",2002,2006,"kpd",2006,0,0
"st","Wolfgang Böhmer","cdu","Kabinett Böhmer I",2002,2006,"lin",2006,0,0
"st","Wolfgang Böhmer","cdu","Kabinett Böhmer I",2002,2006,"lpd",2006,0,0
"st","Wolfgang Böhmer","cdu","Kabinett Böhmer I",2002,2006,"nlp",2006,0,0
"st","Wolfgang Böhmer","cdu","Kabinett Böhmer I",2002,2006,"pro",2006,0,0
"st","Wolfgang Böhmer","cdu","Kabinett Böhmer I",2002,2006,"spd",2006,0,0
"st","Wolfgang Böhmer","cdu","Kabinett Böhmer I",2002,2006,"sps",2006,0,0
"st","Wolfgang Böhmer","cdu","Kabinett Böhmer I",2002,2006,"ssw",2006,0,0
"st","Wolfgang Böhmer","cdu","Kabinett Böhmer I",2002,2006,"statt",2006,0,0
"st","Wolfgang Böhmer","cdu","Kabinett Böhmer I",2002,2006,"wav",2006,0,0
"st","Wolfgang Böhmer","cdu","Kabinett Böhmer I",2002,2006,"zentrum",2006,0,0
"by","Edmund Stoiber","cdu","Kabinett Stoiber IV",2003,2007,"bdv",2007,0,0
"by","Edmund Stoiber","cdu","Kabinett Stoiber IV",2003,2007,"bhe",2007,0,0
"by","Edmund Stoiber","cdu","Kabinett Stoiber IV",2003,2007,"bp",2007,0,0
"by","Edmund Stoiber","cdu","Kabinett Stoiber IV",2003,2007,"bsw",2007,0,0
"by","Edmund Stoiber","cdu","Kabinett Stoiber IV",2003,2007,"cdu",2007,1,1
"by","Edmund Stoiber","cdu","Kabinett Stoiber IV",2003,2007,"cvp",2007,0,0
"by","Edmund Stoiber","cdu","Kabinett Stoiber IV",2003,2007,"dp",2007,0,0
"by","Edmund Stoiber","cdu","Kabinett Stoiber IV",2003,2007,"dps",2007,0,0
"by","Edmund Stoiber","cdu","Kabinett Stoiber IV",2003,2007,"fdp",2007,0,0
"by","Edmund Stoiber","cdu","Kabinett Stoiber IV",2003,2007,"fw",2007,0,0
"by","Edmund Stoiber","cdu","Kabinett Stoiber IV",2003,2007,"gb/bhe",2007,0,0
"by","Edmund Stoiber","cdu","Kabinett Stoiber IV",2003,2007,"gru",2007,0,0
"by","Edmund Stoiber","cdu","Kabinett Stoiber IV",2003,2007,"kpd",2007,0,0
"by","Edmund Stoiber","cdu","Kabinett Stoiber IV",2003,2007,"lin",2007,0,0
"by","Edmund Stoiber","cdu","Kabinett Stoiber IV",2003,2007,"lpd",2007,0,0
"by","Edmund Stoiber","cdu","Kabinett Stoiber IV",2003,2007,"nlp",2007,0,0
"by","Edmund Stoiber","cdu","Kabinett Stoiber IV",2003,2007,"pro",2007,0,0
"by","Edmund Stoiber","cdu","Kabinett Stoiber IV",2003,2007,"spd",2007,0,0
"by","Edmund Stoiber","cdu","Kabinett Stoiber IV",2003,2007,"sps",2007,0,0
"by","Edmund Stoiber","cdu","Kabinett Stoiber IV",2003,2007,"ssw",2007,0,0
"by","Edmund Stoiber","cdu","Kabinett Stoiber IV",2003,2007,"statt",2007,0,0
"by","Edmund Stoiber","cdu","Kabinett Stoiber IV",2003,2007,"wav",2007,0,0
"by","Edmund Stoiber","cdu","Kabinett Stoiber IV",2003,2007,"zentrum",2007,0,0
"hb","Henning Scherf","spd","Scherf III",2003,2005,"bdv",2005,0,0
"hb","Henning Scherf","spd","Scherf III",2003,2005,"bhe",2005,0,0
"hb","Henning Scherf","spd","Scherf III",2003,2005,"bp",2005,0,0
"hb","Henning Scherf","spd","Scherf III",2003,2005,"bsw",2005,0,0
"hb","Henning Scherf","spd","Scherf III",2003,2005,"cdu",2005,1,0
"hb","Henning Scherf","spd","Scherf III",2003,2005,"cvp",2005,0,0
"hb","Henning Scherf","spd","Scherf III",2003,2005,"dp",2005,0,0
"hb","Henning Scherf","spd","Scherf III",2003,2005,"dps",2005,0,0
"hb","Henning Scherf","spd","Scherf III",2003,2005,"fdp",2005,0,0
"hb","Henning Scherf","spd","Scherf III",2003,2005,"fw",2005,0,0
"hb","Henning Scherf","spd","Scherf III",2003,2005,"gb/bhe",2005,0,0
"hb","Henning Scherf","spd","Scherf III",2003,2005,"gru",2005,0,0
"hb","Henning Scherf","spd","Scherf III",2003,2005,"kpd",2005,0,0
"hb","Henning Scherf","spd","Scherf III",2003,2005,"lin",2005,0,0
"hb","Henning Scherf","spd","Scherf III",2003,2005,"lpd",2005,0,0
"hb","Henning Scherf","spd","Scherf III",2003,2005,"nlp",2005,0,0
"hb","Henning Scherf","spd","Scherf III",2003,2005,"pro",2005,0,0
"hb","Henning Scherf","spd","Scherf III",2003,2005,"spd",2005,1,1
"hb","Henning Scherf","spd","Scherf III",2003,2005,"sps",2005,0,0
"hb","Henning Scherf","spd","Scherf III",2003,2005,"ssw",2005,0,0
"hb","Henning Scherf","spd","Scherf III",2003,2005,"statt",2005,0,0
"hb","Henning Scherf","spd","Scherf III",2003,2005,"wav",2005,0,0
"hb","Henning Scherf","spd","Scherf III",2003,2005,"zentrum",2005,0,0
"he","Roland Koch","cdu","Kabinett Koch II",2003,2010,"bdv",2008,0,0
"he","Roland Koch","cdu","Kabinett Koch II",2003,2010,"bdv",2009,0,0
"he","Roland Koch","cdu","Kabinett Koch II",2003,2010,"bhe",2008,0,0
"he","Roland Koch","cdu","Kabinett Koch II",2003,2010,"bhe",2009,0,0
"he","Roland Koch","cdu","Kabinett Koch II",2003,2010,"bp",2008,0,0
"he","Roland Koch","cdu","Kabinett Koch II",2003,2010,"bp",2009,0,0
"he","Roland Koch","cdu","Kabinett Koch II",2003,2010,"bsw",2008,0,0
"he","Roland Koch","cdu","Kabinett Koch II",2003,2010,"cdu",2008,1,1
"he","Roland Koch","cdu","Kabinett Koch II",2003,2010,"cdu",2009,1,1
"he","Roland Koch","cdu","Kabinett Koch II",2003,2010,"cvp",2008,0,0
"he","Roland Koch","cdu","Kabinett Koch II",2003,2010,"cvp",2009,0,0
"he","Roland Koch","cdu","Kabinett Koch II",2003,2010,"dp",2008,0,0
"he","Roland Koch","cdu","Kabinett Koch II",2003,2010,"dp",2009,0,0
"he","Roland Koch","cdu","Kabinett Koch II",2003,2010,"dps",2008,0,0
"he","Roland Koch","cdu","Kabinett Koch II",2003,2010,"dps",2009,0,0
"he","Roland Koch","cdu","Kabinett Koch II",2003,2010,"fdp",2008,0,0
"he","Roland Koch","cdu","Kabinett Koch II",2003,2010,"fdp",2009,0,0
"he","Roland Koch","cdu","Kabinett Koch II",2003,2010,"fw",2008,0,0
"he","Roland Koch","cdu","Kabinett Koch II",2003,2010,"fw",2009,0,0
"he","Roland Koch","cdu","Kabinett Koch II",2003,2010,"gb/bhe",2008,0,0
"he","Roland Koch","cdu","Kabinett Koch II",2003,2010,"gb/bhe",2009,0,0
"he","Roland Koch","cdu","Kabinett Koch II",2003,2010,"gru",2008,0,0
"he","Roland Koch","cdu","Kabinett Koch II",2003,2010,"gru",2009,0,0
"he","Roland Koch","cdu","Kabinett Koch II",2003,2010,"kpd",2008,0,0
"he","Roland Koch","cdu","Kabinett Koch II",2003,2010,"kpd",2009,0,0
"he","Roland Koch","cdu","Kabinett Koch II",2003,2010,"lin",2008,0,0
"he","Roland Koch","cdu","Kabinett Koch II",2003,2010,"lin",2009,0,0
"he","Roland Koch","cdu","Kabinett Koch II",2003,2010,"lpd",2008,0,0
"he","Roland Koch","cdu","Kabinett Koch II",2003,2010,"lpd",2009,0,0
"he","Roland Koch","cdu","Kabinett Koch II",2003,2010,"nlp",2008,0,0
"he","Roland Koch","cdu","Kabinett Koch II",2003,2010,"nlp",2009,0,0
"he","Roland Koch","cdu","Kabinett Koch II",2003,2010,"pro",2008,0,0
"he","Roland Koch","cdu","Kabinett Koch II",2003,2010,"pro",2009,0,0
"he","Roland Koch","cdu","Kabinett Koch II",2003,2010,"spd",2008,0,0
"he","Roland Koch","cdu","Kabinett Koch II",2003,2010,"spd",2009,0,0
"he","Roland Koch","cdu","Kabinett Koch II",2003,2010,"sps",2008,0,0
"he","Roland Koch","cdu","Kabinett Koch II",2003,2010,"sps",2009,0,0
"he","Roland Koch","cdu","Kabinett Koch II",2003,2010,"ssw",2008,0,0
"he","Roland Koch","cdu","Kabinett Koch II",2003,2010,"ssw",2009,0,0
"he","Roland Koch","cdu","Kabinett Koch II",2003,2010,"statt",2008,0,0
"he","Roland Koch","cdu","Kabinett Koch II",2003,2010,"statt",2009,0,0
"he","Roland Koch","cdu","Kabinett Koch II",2003,2010,"wav",2008,0,0
"he","Roland Koch","cdu","Kabinett Koch II",2003,2010,"wav",2009,0,0
"he","Roland Koch","cdu","Kabinett Koch II",2003,2010,"zentrum",2008,0,0
"he","Roland Koch","cdu","Kabinett Koch II",2003,2010,"zentrum",2009,0,0
"ni","Christian Wulff","cdu","Wulff I",2003,2008,"bdv",2008,0,0
"ni","Christian Wulff","cdu","Wulff I",2003,2008,"bhe",2008,0,0
"ni","Christian Wulff","cdu","Wulff I",2003,2008,"bp",2008,0,0
"ni","Christian Wulff","cdu","Wulff I",2003,2008,"bsw",2008,0,0
"ni","Christian Wulff","cdu","Wulff I",2003,2008,"cdu",2008,1,1
"ni","Christian Wulff","cdu","Wulff I",2003,2008,"cvp",2008,0,0
"ni","Christian Wulff","cdu","Wulff I",2003,2008,"dp",2008,0,0
"ni","Christian Wulff","cdu","Wulff I",2003,2008,"dps",2008,0,0
"ni","Christian Wulff","cdu","Wulff I",2003,2008,"fdp",2008,1,0
"ni","Christian Wulff","cdu","Wulff I",2003,2008,"fw",2008,0,0
"ni","Christian Wulff","cdu","Wulff I",2003,2008,"gb/bhe",2008,0,0
"ni","Christian Wulff","cdu","Wulff I",2003,2008,"gru",2008,0,0
"ni","Christian Wulff","cdu","Wulff I",2003,2008,"kpd",2008,0,0
"ni","Christian Wulff","cdu","Wulff I",2003,2008,"lin",2008,0,0
"ni","Christian Wulff","cdu","Wulff I",2003,2008,"lpd",2008,0,0
"ni","Christian Wulff","cdu","Wulff I",2003,2008,"nlp",2008,0,0
"ni","Christian Wulff","cdu","Wulff I",2003,2008,"pro",2008,0,0
"ni","Christian Wulff","cdu","Wulff I",2003,2008,"spd",2008,0,0
"ni","Christian Wulff","cdu","Wulff I",2003,2008,"sps",2008,0,0
"ni","Christian Wulff","cdu","Wulff I",2003,2008,"ssw",2008,0,0
"ni","Christian Wulff","cdu","Wulff I",2003,2008,"statt",2008,0,0
"ni","Christian Wulff","cdu","Wulff I",2003,2008,"wav",2008,0,0
"ni","Christian Wulff","cdu","Wulff I",2003,2008,"zentrum",2008,0,0
"th","Dieter Althaus","cdu","Kabinett Althaus I",2003,2004,"bdv",2004,0,0
"th","Dieter Althaus","cdu","Kabinett Althaus I",2003,2004,"bhe",2004,0,0
"th","Dieter Althaus","cdu","Kabinett Althaus I",2003,2004,"bp",2004,0,0
"th","Dieter Althaus","cdu","Kabinett Althaus I",2003,2004,"bsw",2004,0,0
"th","Dieter Althaus","cdu","Kabinett Althaus I",2003,2004,"cdu",2004,1,1
"th","Dieter Althaus","cdu","Kabinett Althaus I",2003,2004,"cvp",2004,0,0
"th","Dieter Althaus","cdu","Kabinett Althaus I",2003,2004,"dp",2004,0,0
"th","Dieter Althaus","cdu","Kabinett Althaus I",2003,2004,"dps",2004,0,0
"th","Dieter Althaus","cdu","Kabinett Althaus I",2003,2004,"fdp",2004,0,0
"th","Dieter Althaus","cdu","Kabinett Althaus I",2003,2004,"fw",2004,0,0
"th","Dieter Althaus","cdu","Kabinett Althaus I",2003,2004,"gb/bhe",2004,0,0
"th","Dieter Althaus","cdu","Kabinett Althaus I",2003,2004,"gru",2004,0,0
"th","Dieter Althaus","cdu","Kabinett Althaus I",2003,2004,"kpd",2004,0,0
"th","Dieter Althaus","cdu","Kabinett Althaus I",2003,2004,"lin",2004,0,0
"th","Dieter Althaus","cdu","Kabinett Althaus I",2003,2004,"lpd",2004,0,0
"th","Dieter Althaus","cdu","Kabinett Althaus I",2003,2004,"nlp",2004,0,0
"th","Dieter Althaus","cdu","Kabinett Althaus I",2003,2004,"pro",2004,0,0
"th","Dieter Althaus","cdu","Kabinett Althaus I",2003,2004,"spd",2004,0,0
"th","Dieter Althaus","cdu","Kabinett Althaus I",2003,2004,"sps",2004,0,0
"th","Dieter Althaus","cdu","Kabinett Althaus I",2003,2004,"ssw",2004,0,0
"th","Dieter Althaus","cdu","Kabinett Althaus I",2003,2004,"statt",2004,0,0
"th","Dieter Althaus","cdu","Kabinett Althaus I",2003,2004,"wav",2004,0,0
"th","Dieter Althaus","cdu","Kabinett Althaus I",2003,2004,"zentrum",2004,0,0
"bb","Matthias Platzeck","spd","Kabinett Platzeck II",2004,2009,"bdv",2009,0,0
"bb","Matthias Platzeck","spd","Kabinett Platzeck II",2004,2009,"bhe",2009,0,0
"bb","Matthias Platzeck","spd","Kabinett Platzeck II",2004,2009,"bp",2009,0,0
"bb","Matthias Platzeck","spd","Kabinett Platzeck II",2004,2009,"bsw",2009,0,0
"bb","Matthias Platzeck","spd","Kabinett Platzeck II",2004,2009,"cdu",2009,1,0
"bb","Matthias Platzeck","spd","Kabinett Platzeck II",2004,2009,"cvp",2009,0,0
"bb","Matthias Platzeck","spd","Kabinett Platzeck II",2004,2009,"dp",2009,0,0
"bb","Matthias Platzeck","spd","Kabinett Platzeck II",2004,2009,"dps",2009,0,0
"bb","Matthias Platzeck","spd","Kabinett Platzeck II",2004,2009,"fdp",2009,0,0
"bb","Matthias Platzeck","spd","Kabinett Platzeck II",2004,2009,"fw",2009,0,0
"bb","Matthias Platzeck","spd","Kabinett Platzeck II",2004,2009,"gb/bhe",2009,0,0
"bb","Matthias Platzeck","spd","Kabinett Platzeck II",2004,2009,"gru",2009,0,0
"bb","Matthias Platzeck","spd","Kabinett Platzeck II",2004,2009,"kpd",2009,0,0
"bb","Matthias Platzeck","spd","Kabinett Platzeck II",2004,2009,"lin",2009,0,0
"bb","Matthias Platzeck","spd","Kabinett Platzeck II",2004,2009,"lpd",2009,0,0
"bb","Matthias Platzeck","spd","Kabinett Platzeck II",2004,2009,"nlp",2009,0,0
"bb","Matthias Platzeck","spd","Kabinett Platzeck II",2004,2009,"pro",2009,0,0
"bb","Matthias Platzeck","spd","Kabinett Platzeck II",2004,2009,"spd",2009,1,1
"bb","Matthias Platzeck","spd","Kabinett Platzeck II",2004,2009,"sps",2009,0,0
"bb","Matthias Platzeck","spd","Kabinett Platzeck II",2004,2009,"ssw",2009,0,0
"bb","Matthias Platzeck","spd","Kabinett Platzeck II",2004,2009,"statt",2009,0,0
"bb","Matthias Platzeck","spd","Kabinett Platzeck II",2004,2009,"wav",2009,0,0
"bb","Matthias Platzeck","spd","Kabinett Platzeck II",2004,2009,"zentrum",2009,0,0
"hh","Ole von Beust","cdu","Kabinett von Beust II",2004,2008,"bdv",2008,0,0
"hh","Ole von Beust","cdu","Kabinett von Beust II",2004,2008,"bhe",2008,0,0
"hh","Ole von Beust","cdu","Kabinett von Beust II",2004,2008,"bp",2008,0,0
"hh","Ole von Beust","cdu","Kabinett von Beust II",2004,2008,"bsw",2008,0,0
"hh","Ole von Beust","cdu","Kabinett von Beust II",2004,2008,"cdu",2008,1,1
"hh","Ole von Beust","cdu","Kabinett von Beust II",2004,2008,"cvp",2008,0,0
"hh","Ole von Beust","cdu","Kabinett von Beust II",2004,2008,"dp",2008,0,0
"hh","Ole von Beust","cdu","Kabinett von Beust II",2004,2008,"dps",2008,0,0
"hh","Ole von Beust","cdu","Kabinett von Beust II",2004,2008,"fdp",2008,0,0
"hh","Ole von Beust","cdu","Kabinett von Beust II",2004,2008,"fw",2008,0,0
"hh","Ole von Beust","cdu","Kabinett von Beust II",2004,2008,"gb/bhe",2008,0,0
"hh","Ole von Beust","cdu","Kabinett von Beust II",2004,2008,"gru",2008,0,0
"hh","Ole von Beust","cdu","Kabinett von Beust II",2004,2008,"kpd",2008,0,0
"hh","Ole von Beust","cdu","Kabinett von Beust II",2004,2008,"lin",2008,0,0
"hh","Ole von Beust","cdu","Kabinett von Beust II",2004,2008,"lpd",2008,0,0
"hh","Ole von Beust","cdu","Kabinett von Beust II",2004,2008,"nlp",2008,0,0
"hh","Ole von Beust","cdu","Kabinett von Beust II",2004,2008,"pro",2008,0,0
"hh","Ole von Beust","cdu","Kabinett von Beust II",2004,2008,"spd",2008,0,0
"hh","Ole von Beust","cdu","Kabinett von Beust II",2004,2008,"sps",2008,0,0
"hh","Ole von Beust","cdu","Kabinett von Beust II",2004,2008,"ssw",2008,0,0
"hh","Ole von Beust","cdu","Kabinett von Beust II",2004,2008,"statt",2008,0,0
"hh","Ole von Beust","cdu","Kabinett von Beust II",2004,2008,"wav",2008,0,0
"hh","Ole von Beust","cdu","Kabinett von Beust II",2004,2008,"zentrum",2008,0,0
"sl","Peter Müller","cdu","Kabinett Müller II",2004,2009,"bdv",2009,0,0
"sl","Peter Müller","cdu","Kabinett Müller II",2004,2009,"bhe",2009,0,0
"sl","Peter Müller","cdu","Kabinett Müller II",2004,2009,"bp",2009,0,0
"sl","Peter Müller","cdu","Kabinett Müller II",2004,2009,"bsw",2009,0,0
"sl","Peter Müller","cdu","Kabinett Müller II",2004,2009,"cdu",2009,1,1
"sl","Peter Müller","cdu","Kabinett Müller II",2004,2009,"cvp",2009,0,0
"sl","Peter Müller","cdu","Kabinett Müller II",2004,2009,"dp",2009,0,0
"sl","Peter Müller","cdu","Kabinett Müller II",2004,2009,"dps",2009,0,0
"sl","Peter Müller","cdu","Kabinett Müller II",2004,2009,"fdp",2009,0,0
"sl","Peter Müller","cdu","Kabinett Müller II",2004,2009,"fw",2009,0,0
"sl","Peter Müller","cdu","Kabinett Müller II",2004,2009,"gb/bhe",2009,0,0
"sl","Peter Müller","cdu","Kabinett Müller II",2004,2009,"gru",2009,0,0
"sl","Peter Müller","cdu","Kabinett Müller II",2004,2009,"kpd",2009,0,0
"sl","Peter Müller","cdu","Kabinett Müller II",2004,2009,"lin",2009,0,0
"sl","Peter Müller","cdu","Kabinett Müller II",2004,2009,"lpd",2009,0,0
"sl","Peter Müller","cdu","Kabinett Müller II",2004,2009,"nlp",2009,0,0
"sl","Peter Müller","cdu","Kabinett Müller II",2004,2009,"pro",2009,0,0
"sl","Peter Müller","cdu","Kabinett Müller II",2004,2009,"spd",2009,0,0
"sl","Peter Müller","cdu","Kabinett Müller II",2004,2009,"sps",2009,0,0
"sl","Peter Müller","cdu","Kabinett Müller II",2004,2009,"ssw",2009,0,0
"sl","Peter Müller","cdu","Kabinett Müller II",2004,2009,"statt",2009,0,0
"sl","Peter Müller","cdu","Kabinett Müller II",2004,2009,"wav",2009,0,0
"sl","Peter Müller","cdu","Kabinett Müller II",2004,2009,"zentrum",2009,0,0
"sn","Georg Milbradt","cdu","Kabinett Milbradt II",2004,2008,"bdv",2008,0,0
"sn","Georg Milbradt","cdu","Kabinett Milbradt II",2004,2008,"bhe",2008,0,0
"sn","Georg Milbradt","cdu","Kabinett Milbradt II",2004,2008,"bp",2008,0,0
"sn","Georg Milbradt","cdu","Kabinett Milbradt II",2004,2008,"bsw",2008,0,0
"sn","Georg Milbradt","cdu","Kabinett Milbradt II",2004,2008,"cdu",2008,1,1
"sn","Georg Milbradt","cdu","Kabinett Milbradt II",2004,2008,"cvp",2008,0,0
"sn","Georg Milbradt","cdu","Kabinett Milbradt II",2004,2008,"dp",2008,0,0
"sn","Georg Milbradt","cdu","Kabinett Milbradt II",2004,2008,"dps",2008,0,0
"sn","Georg Milbradt","cdu","Kabinett Milbradt II",2004,2008,"fdp",2008,0,0
"sn","Georg Milbradt","cdu","Kabinett Milbradt II",2004,2008,"fw",2008,0,0
"sn","Georg Milbradt","cdu","Kabinett Milbradt II",2004,2008,"gb/bhe",2008,0,0
"sn","Georg Milbradt","cdu","Kabinett Milbradt II",2004,2008,"gru",2008,0,0
"sn","Georg Milbradt","cdu","Kabinett Milbradt II",2004,2008,"kpd",2008,0,0
"sn","Georg Milbradt","cdu","Kabinett Milbradt II",2004,2008,"lin",2008,0,0
"sn","Georg Milbradt","cdu","Kabinett Milbradt II",2004,2008,"lpd",2008,0,0
"sn","Georg Milbradt","cdu","Kabinett Milbradt II",2004,2008,"nlp",2008,0,0
"sn","Georg Milbradt","cdu","Kabinett Milbradt II",2004,2008,"pro",2008,0,0
"sn","Georg Milbradt","cdu","Kabinett Milbradt II",2004,2008,"spd",2008,1,0
"sn","Georg Milbradt","cdu","Kabinett Milbradt II",2004,2008,"sps",2008,0,0
"sn","Georg Milbradt","cdu","Kabinett Milbradt II",2004,2008,"ssw",2008,0,0
"sn","Georg Milbradt","cdu","Kabinett Milbradt II",2004,2008,"statt",2008,0,0
"sn","Georg Milbradt","cdu","Kabinett Milbradt II",2004,2008,"wav",2008,0,0
"sn","Georg Milbradt","cdu","Kabinett Milbradt II",2004,2008,"zentrum",2008,0,0
"th","Dieter Althaus","cdu","Kabinett Althaus II",2004,2009,"bdv",2009,0,0
"th","Dieter Althaus","cdu","Kabinett Althaus II",2004,2009,"bhe",2009,0,0
"th","Dieter Althaus","cdu","Kabinett Althaus II",2004,2009,"bp",2009,0,0
"th","Dieter Althaus","cdu","Kabinett Althaus II",2004,2009,"bsw",2009,0,0
"th","Dieter Althaus","cdu","Kabinett Althaus II",2004,2009,"cdu",2009,1,1
"th","Dieter Althaus","cdu","Kabinett Althaus II",2004,2009,"cvp",2009,0,0
"th","Dieter Althaus","cdu","Kabinett Althaus II",2004,2009,"dp",2009,0,0
"th","Dieter Althaus","cdu","Kabinett Althaus II",2004,2009,"dps",2009,0,0
"th","Dieter Althaus","cdu","Kabinett Althaus II",2004,2009,"fdp",2009,0,0
"th","Dieter Althaus","cdu","Kabinett Althaus II",2004,2009,"fw",2009,0,0
"th","Dieter Althaus","cdu","Kabinett Althaus II",2004,2009,"gb/bhe",2009,0,0
"th","Dieter Althaus","cdu","Kabinett Althaus II",2004,2009,"gru",2009,0,0
"th","Dieter Althaus","cdu","Kabinett Althaus II",2004,2009,"kpd",2009,0,0
"th","Dieter Althaus","cdu","Kabinett Althaus II",2004,2009,"lin",2009,0,0
"th","Dieter Althaus","cdu","Kabinett Althaus II",2004,2009,"lpd",2009,0,0
"th","Dieter Althaus","cdu","Kabinett Althaus II",2004,2009,"nlp",2009,0,0
"th","Dieter Althaus","cdu","Kabinett Althaus II",2004,2009,"pro",2009,0,0
"th","Dieter Althaus","cdu","Kabinett Althaus II",2004,2009,"spd",2009,0,0
"th","Dieter Althaus","cdu","Kabinett Althaus II",2004,2009,"sps",2009,0,0
"th","Dieter Althaus","cdu","Kabinett Althaus II",2004,2009,"ssw",2009,0,0
"th","Dieter Althaus","cdu","Kabinett Althaus II",2004,2009,"statt",2009,0,0
"th","Dieter Althaus","cdu","Kabinett Althaus II",2004,2009,"wav",2009,0,0
"th","Dieter Althaus","cdu","Kabinett Althaus II",2004,2009,"zentrum",2009,0,0
"bw","Günther Oettinger","cdu","Kabinett Oettinger I",2005,2006,"bdv",2006,0,0
"bw","Günther Oettinger","cdu","Kabinett Oettinger I",2005,2006,"bhe",2006,0,0
"bw","Günther Oettinger","cdu","Kabinett Oettinger I",2005,2006,"bp",2006,0,0
"bw","Günther Oettinger","cdu","Kabinett Oettinger I",2005,2006,"bsw",2006,0,0
"bw","Günther Oettinger","cdu","Kabinett Oettinger I",2005,2006,"cdu",2006,1,1
"bw","Günther Oettinger","cdu","Kabinett Oettinger I",2005,2006,"cvp",2006,0,0
"bw","Günther Oettinger","cdu","Kabinett Oettinger I",2005,2006,"dp",2006,0,0
"bw","Günther Oettinger","cdu","Kabinett Oettinger I",2005,2006,"dps",2006,0,0
"bw","Günther Oettinger","cdu","Kabinett Oettinger I",2005,2006,"fdp",2006,1,0
"bw","Günther Oettinger","cdu","Kabinett Oettinger I",2005,2006,"fw",2006,0,0
"bw","Günther Oettinger","cdu","Kabinett Oettinger I",2005,2006,"gb/bhe",2006,0,0
"bw","Günther Oettinger","cdu","Kabinett Oettinger I",2005,2006,"gru",2006,0,0
"bw","Günther Oettinger","cdu","Kabinett Oettinger I",2005,2006,"kpd",2006,0,0
"bw","Günther Oettinger","cdu","Kabinett Oettinger I",2005,2006,"lin",2006,0,0
"bw","Günther Oettinger","cdu","Kabinett Oettinger I",2005,2006,"lpd",2006,0,0
"bw","Günther Oettinger","cdu","Kabinett Oettinger I",2005,2006,"nlp",2006,0,0
"bw","Günther Oettinger","cdu","Kabinett Oettinger I",2005,2006,"pro",2006,0,0
"bw","Günther Oettinger","cdu","Kabinett Oettinger I",2005,2006,"spd",2006,0,0
"bw","Günther Oettinger","cdu","Kabinett Oettinger I",2005,2006,"sps",2006,0,0
"bw","Günther Oettinger","cdu","Kabinett Oettinger I",2005,2006,"ssw",2006,0,0
"bw","Günther Oettinger","cdu","Kabinett Oettinger I",2005,2006,"statt",2006,0,0
"bw","Günther Oettinger","cdu","Kabinett Oettinger I",2005,2006,"wav",2006,0,0
"bw","Günther Oettinger","cdu","Kabinett Oettinger I",2005,2006,"zentrum",2006,0,0
"hb","Jens Böhrnsen","spd","Böhrnsen I",2005,2007,"bdv",2007,0,0
"hb","Jens Böhrnsen","spd","Böhrnsen I",2005,2007,"bhe",2007,0,0
"hb","Jens Böhrnsen","spd","Böhrnsen I",2005,2007,"bp",2007,0,0
"hb","Jens Böhrnsen","spd","Böhrnsen I",2005,2007,"bsw",2007,0,0
"hb","Jens Böhrnsen","spd","Böhrnsen I",2005,2007,"cdu",2007,1,0
"hb","Jens Böhrnsen","spd","Böhrnsen I",2005,2007,"cvp",2007,0,0
"hb","Jens Böhrnsen","spd","Böhrnsen I",2005,2007,"dp",2007,0,0
"hb","Jens Böhrnsen","spd","Böhrnsen I",2005,2007,"dps",2007,0,0
"hb","Jens Böhrnsen","spd","Böhrnsen I",2005,2007,"fdp",2007,0,0
"hb","Jens Böhrnsen","spd","Böhrnsen I",2005,2007,"fw",2007,0,0
"hb","Jens Böhrnsen","spd","Böhrnsen I",2005,2007,"gb/bhe",2007,0,0
"hb","Jens Böhrnsen","spd","Böhrnsen I",2005,2007,"gru",2007,0,0
"hb","Jens Böhrnsen","spd","Böhrnsen I",2005,2007,"kpd",2007,0,0
"hb","Jens Böhrnsen","spd","Böhrnsen I",2005,2007,"lin",2007,0,0
"hb","Jens Böhrnsen","spd","Böhrnsen I",2005,2007,"lpd",2007,0,0
"hb","Jens Böhrnsen","spd","Böhrnsen I",2005,2007,"nlp",2007,0,0
"hb","Jens Böhrnsen","spd","Böhrnsen I",2005,2007,"pro",2007,0,0
"hb","Jens Böhrnsen","spd","Böhrnsen I",2005,2007,"spd",2007,1,1
"hb","Jens Böhrnsen","spd","Böhrnsen I",2005,2007,"sps",2007,0,0
"hb","Jens Böhrnsen","spd","Böhrnsen I",2005,2007,"ssw",2007,0,0
"hb","Jens Böhrnsen","spd","Böhrnsen I",2005,2007,"statt",2007,0,0
"hb","Jens Böhrnsen","spd","Böhrnsen I",2005,2007,"wav",2007,0,0
"hb","Jens Böhrnsen","spd","Böhrnsen I",2005,2007,"zentrum",2007,0,0
"nw","Jürgen Rüttgers","cdu","Kabinett Rüttgers",2005,2010,"bdv",2010,0,0
"nw","Jürgen Rüttgers","cdu","Kabinett Rüttgers",2005,2010,"bhe",2010,0,0
"nw","Jürgen Rüttgers","cdu","Kabinett Rüttgers",2005,2010,"bp",2010,0,0
"nw","Jürgen Rüttgers","cdu","Kabinett Rüttgers",2005,2010,"bsw",2010,0,0
"nw","Jürgen Rüttgers","cdu","Kabinett Rüttgers",2005,2010,"cdu",2010,1,1
"nw","Jürgen Rüttgers","cdu","Kabinett Rüttgers",2005,2010,"cvp",2010,0,0
"nw","Jürgen Rüttgers","cdu","Kabinett Rüttgers",2005,2010,"dp",2010,0,0
"nw","Jürgen Rüttgers","cdu","Kabinett Rüttgers",2005,2010,"dps",2010,0,0
"nw","Jürgen Rüttgers","cdu","Kabinett Rüttgers",2005,2010,"fdp",2010,1,0
"nw","Jürgen Rüttgers","cdu","Kabinett Rüttgers",2005,2010,"fw",2010,0,0
"nw","Jürgen Rüttgers","cdu","Kabinett Rüttgers",2005,2010,"gb/bhe",2010,0,0
"nw","Jürgen Rüttgers","cdu","Kabinett Rüttgers",2005,2010,"gru",2010,0,0
"nw","Jürgen Rüttgers","cdu","Kabinett Rüttgers",2005,2010,"kpd",2010,0,0
"nw","Jürgen Rüttgers","cdu","Kabinett Rüttgers",2005,2010,"lin",2010,0,0
"nw","Jürgen Rüttgers","cdu","Kabinett Rüttgers",2005,2010,"lpd",2010,0,0
"nw","Jürgen Rüttgers","cdu","Kabinett Rüttgers",2005,2010,"nlp",2010,0,0
"nw","Jürgen Rüttgers","cdu","Kabinett Rüttgers",2005,2010,"pro",2010,0,0
"nw","Jürgen Rüttgers","cdu","Kabinett Rüttgers",2005,2010,"spd",2010,0,0
"nw","Jürgen Rüttgers","cdu","Kabinett Rüttgers",2005,2010,"sps",2010,0,0
"nw","Jürgen Rüttgers","cdu","Kabinett Rüttgers",2005,2010,"ssw",2010,0,0
"nw","Jürgen Rüttgers","cdu","Kabinett Rüttgers",2005,2010,"statt",2010,0,0
"nw","Jürgen Rüttgers","cdu","Kabinett Rüttgers",2005,2010,"wav",2010,0,0
"nw","Jürgen Rüttgers","cdu","Kabinett Rüttgers",2005,2010,"zentrum",2010,0,0
"sh","Peter Harry Carstensen","cdu","Kabinett Carstensen I",2005,2009,"bdv",2009,0,0
"sh","Peter Harry Carstensen","cdu","Kabinett Carstensen I",2005,2009,"bhe",2009,0,0
"sh","Peter Harry Carstensen","cdu","Kabinett Carstensen I",2005,2009,"bp",2009,0,0
"sh","Peter Harry Carstensen","cdu","Kabinett Carstensen I",2005,2009,"bsw",2009,0,0
"sh","Peter Harry Carstensen","cdu","Kabinett Carstensen I",2005,2009,"cdu",2009,1,1
"sh","Peter Harry Carstensen","cdu","Kabinett Carstensen I",2005,2009,"cvp",2009,0,0
"sh","Peter Harry Carstensen","cdu","Kabinett Carstensen I",2005,2009,"dp",2009,0,0
"sh","Peter Harry Carstensen","cdu","Kabinett Carstensen I",2005,2009,"dps",2009,0,0
"sh","Peter Harry Carstensen","cdu","Kabinett Carstensen I",2005,2009,"fdp",2009,0,0
"sh","Peter Harry Carstensen","cdu","Kabinett Carstensen I",2005,2009,"fw",2009,0,0
"sh","Peter Harry Carstensen","cdu","Kabinett Carstensen I",2005,2009,"gb/bhe",2009,0,0
"sh","Peter Harry Carstensen","cdu","Kabinett Carstensen I",2005,2009,"gru",2009,0,0
"sh","Peter Harry Carstensen","cdu","Kabinett Carstensen I",2005,2009,"kpd",2009,0,0
"sh","Peter Harry Carstensen","cdu","Kabinett Carstensen I",2005,2009,"lin",2009,0,0
"sh","Peter Harry Carstensen","cdu","Kabinett Carstensen I",2005,2009,"lpd",2009,0,0
"sh","Peter Harry Carstensen","cdu","Kabinett Carstensen I",2005,2009,"nlp",2009,0,0
"sh","Peter Harry Carstensen","cdu","Kabinett Carstensen I",2005,2009,"pro",2009,0,0
"sh","Peter Harry Carstensen","cdu","Kabinett Carstensen I",2005,2009,"spd",2009,1,0
"sh","Peter Harry Carstensen","cdu","Kabinett Carstensen I",2005,2009,"sps",2009,0,0
"sh","Peter Harry Carstensen","cdu","Kabinett Carstensen I",2005,2009,"ssw",2009,0,0
"sh","Peter Harry Carstensen","cdu","Kabinett Carstensen I",2005,2009,"statt",2009,0,0
"sh","Peter Harry Carstensen","cdu","Kabinett Carstensen I",2005,2009,"wav",2009,0,0
"sh","Peter Harry Carstensen","cdu","Kabinett Carstensen I",2005,2009,"zentrum",2009,0,0
"be","Klaus Wowereit","spd","Kabinett Wowereit III",2006,2011,"bdv",2011,0,0
"be","Klaus Wowereit","spd","Kabinett Wowereit III",2006,2011,"bhe",2011,0,0
"be","Klaus Wowereit","spd","Kabinett Wowereit III",2006,2011,"bp",2011,0,0
"be","Klaus Wowereit","spd","Kabinett Wowereit III",2006,2011,"bsw",2011,0,0
"be","Klaus Wowereit","spd","Kabinett Wowereit III",2006,2011,"cdu",2011,0,0
"be","Klaus Wowereit","spd","Kabinett Wowereit III",2006,2011,"cvp",2011,0,0
"be","Klaus Wowereit","spd","Kabinett Wowereit III",2006,2011,"dp",2011,0,0
"be","Klaus Wowereit","spd","Kabinett Wowereit III",2006,2011,"dps",2011,0,0
"be","Klaus Wowereit","spd","Kabinett Wowereit III",2006,2011,"fdp",2011,0,0
"be","Klaus Wowereit","spd","Kabinett Wowereit III",2006,2011,"fw",2011,0,0
"be","Klaus Wowereit","spd","Kabinett Wowereit III",2006,2011,"gb/bhe",2011,0,0
"be","Klaus Wowereit","spd","Kabinett Wowereit III",2006,2011,"gru",2011,0,0
"be","Klaus Wowereit","spd","Kabinett Wowereit III",2006,2011,"kpd",2011,0,0
"be","Klaus Wowereit","spd","Kabinett Wowereit III",2006,2011,"lin",2011,1,0
"be","Klaus Wowereit","spd","Kabinett Wowereit III",2006,2011,"lpd",2011,0,0
"be","Klaus Wowereit","spd","Kabinett Wowereit III",2006,2011,"nlp",2011,0,0
"be","Klaus Wowereit","spd","Kabinett Wowereit III",2006,2011,"pro",2011,0,0
"be","Klaus Wowereit","spd","Kabinett Wowereit III",2006,2011,"spd",2011,1,1
"be","Klaus Wowereit","spd","Kabinett Wowereit III",2006,2011,"sps",2011,0,0
"be","Klaus Wowereit","spd","Kabinett Wowereit III",2006,2011,"ssw",2011,0,0
"be","Klaus Wowereit","spd","Kabinett Wowereit III",2006,2011,"statt",2011,0,0
"be","Klaus Wowereit","spd","Kabinett Wowereit III",2006,2011,"wav",2011,0,0
"be","Klaus Wowereit","spd","Kabinett Wowereit III",2006,2011,"zentrum",2011,0,0
"bw","Günther Oettinger","cdu","Kabinett Oettinger II",2006,2010,"bdv",2010,0,0
"bw","Günther Oettinger","cdu","Kabinett Oettinger II",2006,2010,"bhe",2010,0,0
"bw","Günther Oettinger","cdu","Kabinett Oettinger II",2006,2010,"bp",2010,0,0
"bw","Günther Oettinger","cdu","Kabinett Oettinger II",2006,2010,"bsw",2010,0,0
"bw","Günther Oettinger","cdu","Kabinett Oettinger II",2006,2010,"cdu",2010,1,1
"bw","Günther Oettinger","cdu","Kabinett Oettinger II",2006,2010,"cvp",2010,0,0
"bw","Günther Oettinger","cdu","Kabinett Oettinger II",2006,2010,"dp",2010,0,0
"bw","Günther Oettinger","cdu","Kabinett Oettinger II",2006,2010,"dps",2010,0,0
"bw","Günther Oettinger","cdu","Kabinett Oettinger II",2006,2010,"fdp",2010,1,0
"bw","Günther Oettinger","cdu","Kabinett Oettinger II",2006,2010,"fw",2010,0,0
"bw","Günther Oettinger","cdu","Kabinett Oettinger II",2006,2010,"gb/bhe",2010,0,0
"bw","Günther Oettinger","cdu","Kabinett Oettinger II",2006,2010,"gru",2010,0,0
"bw","Günther Oettinger","cdu","Kabinett Oettinger II",2006,2010,"kpd",2010,0,0
"bw","Günther Oettinger","cdu","Kabinett Oettinger II",2006,2010,"lin",2010,0,0
"bw","Günther Oettinger","cdu","Kabinett Oettinger II",2006,2010,"lpd",2010,0,0
"bw","Günther Oettinger","cdu","Kabinett Oettinger II",2006,2010,"nlp",2010,0,0
"bw","Günther Oettinger","cdu","Kabinett Oettinger II",2006,2010,"pro",2010,0,0
"bw","Günther Oettinger","cdu","Kabinett Oettinger II",2006,2010,"spd",2010,0,0
"bw","Günther Oettinger","cdu","Kabinett Oettinger II",2006,2010,"sps",2010,0,0
"bw","Günther Oettinger","cdu","Kabinett Oettinger II",2006,2010,"ssw",2010,0,0
"bw","Günther Oettinger","cdu","Kabinett Oettinger II",2006,2010,"statt",2010,0,0
"bw","Günther Oettinger","cdu","Kabinett Oettinger II",2006,2010,"wav",2010,0,0
"bw","Günther Oettinger","cdu","Kabinett Oettinger II",2006,2010,"zentrum",2010,0,0
"mv","Harald Ringstorff","spd","Kabinett Ringstorff III",2006,2008,"bdv",2008,0,0
"mv","Harald Ringstorff","spd","Kabinett Ringstorff III",2006,2008,"bhe",2008,0,0
"mv","Harald Ringstorff","spd","Kabinett Ringstorff III",2006,2008,"bp",2008,0,0
"mv","Harald Ringstorff","spd","Kabinett Ringstorff III",2006,2008,"bsw",2008,0,0
"mv","Harald Ringstorff","spd","Kabinett Ringstorff III",2006,2008,"cdu",2008,1,0
"mv","Harald Ringstorff","spd","Kabinett Ringstorff III",2006,2008,"cvp",2008,0,0
"mv","Harald Ringstorff","spd","Kabinett Ringstorff III",2006,2008,"dp",2008,0,0
"mv","Harald Ringstorff","spd","Kabinett Ringstorff III",2006,2008,"dps",2008,0,0
"mv","Harald Ringstorff","spd","Kabinett Ringstorff III",2006,2008,"fdp",2008,0,0
"mv","Harald Ringstorff","spd","Kabinett Ringstorff III",2006,2008,"fw",2008,0,0
"mv","Harald Ringstorff","spd","Kabinett Ringstorff III",2006,2008,"gb/bhe",2008,0,0
"mv","Harald Ringstorff","spd","Kabinett Ringstorff III",2006,2008,"gru",2008,0,0
"mv","Harald Ringstorff","spd","Kabinett Ringstorff III",2006,2008,"kpd",2008,0,0
"mv","Harald Ringstorff","spd","Kabinett Ringstorff III",2006,2008,"lin",2008,0,0
"mv","Harald Ringstorff","spd","Kabinett Ringstorff III",2006,2008,"lpd",2008,0,0
"mv","Harald Ringstorff","spd","Kabinett Ringstorff III",2006,2008,"nlp",2008,0,0
"mv","Harald Ringstorff","spd","Kabinett Ringstorff III",2006,2008,"pro",2008,0,0
"mv","Harald Ringstorff","spd","Kabinett Ringstorff III",2006,2008,"spd",2008,1,1
"mv","Harald Ringstorff","spd","Kabinett Ringstorff III",2006,2008,"sps",2008,0,0
"mv","Harald Ringstorff","spd","Kabinett Ringstorff III",2006,2008,"ssw",2008,0,0
"mv","Harald Ringstorff","spd","Kabinett Ringstorff III",2006,2008,"statt",2008,0,0
"mv","Harald Ringstorff","spd","Kabinett Ringstorff III",2006,2008,"wav",2008,0,0
"mv","Harald Ringstorff","spd","Kabinett Ringstorff III",2006,2008,"zentrum",2008,0,0
"rp","Kurt Beck","spd","Beck IV",2006,2011,"bdv",2011,0,0
"rp","Kurt Beck","spd","Beck IV",2006,2011,"bhe",2011,0,0
"rp","Kurt Beck","spd","Beck IV",2006,2011,"bp",2011,0,0
"rp","Kurt Beck","spd","Beck IV",2006,2011,"bsw",2011,0,0
"rp","Kurt Beck","spd","Beck IV",2006,2011,"cdu",2011,0,0
"rp","Kurt Beck","spd","Beck IV",2006,2011,"cvp",2011,0,0
"rp","Kurt Beck","spd","Beck IV",2006,2011,"dp",2011,0,0
"rp","Kurt Beck","spd","Beck IV",2006,2011,"dps",2011,0,0
"rp","Kurt Beck","spd","Beck IV",2006,2011,"fdp",2011,0,0
"rp","Kurt Beck","spd","Beck IV",2006,2011,"fw",2011,0,0
"rp","Kurt Beck","spd","Beck IV",2006,2011,"gb/bhe",2011,0,0
"rp","Kurt Beck","spd","Beck IV",2006,2011,"gru",2011,0,0
"rp","Kurt Beck","spd","Beck IV",2006,2011,"kpd",2011,0,0
"rp","Kurt Beck","spd","Beck IV",2006,2011,"lin",2011,0,0
"rp","Kurt Beck","spd","Beck IV",2006,2011,"lpd",2011,0,0
"rp","Kurt Beck","spd","Beck IV",2006,2011,"nlp",2011,0,0
"rp","Kurt Beck","spd","Beck IV",2006,2011,"pro",2011,0,0
"rp","Kurt Beck","spd","Beck IV",2006,2011,"spd",2011,1,1
"rp","Kurt Beck","spd","Beck IV",2006,2011,"sps",2011,0,0
"rp","Kurt Beck","spd","Beck IV",2006,2011,"ssw",2011,0,0
"rp","Kurt Beck","spd","Beck IV",2006,2011,"statt",2011,0,0
"rp","Kurt Beck","spd","Beck IV",2006,2011,"wav",2011,0,0
"rp","Kurt Beck","spd","Beck IV",2006,2011,"zentrum",2011,0,0
"st","Wolfgang Böhmer","cdu","Kabinett Böhmer II",2006,2011,"bdv",2011,0,0
"st","Wolfgang Böhmer","cdu","Kabinett Böhmer II",2006,2011,"bhe",2011,0,0
"st","Wolfgang Böhmer","cdu","Kabinett Böhmer II",2006,2011,"bp",2011,0,0
"st","Wolfgang Böhmer","cdu","Kabinett Böhmer II",2006,2011,"bsw",2011,0,0
"st","Wolfgang Böhmer","cdu","Kabinett Böhmer II",2006,2011,"cdu",2011,1,1
"st","Wolfgang Böhmer","cdu","Kabinett Böhmer II",2006,2011,"cvp",2011,0,0
"st","Wolfgang Böhmer","cdu","Kabinett Böhmer II",2006,2011,"dp",2011,0,0
"st","Wolfgang Böhmer","cdu","Kabinett Böhmer II",2006,2011,"dps",2011,0,0
"st","Wolfgang Böhmer","cdu","Kabinett Böhmer II",2006,2011,"fdp",2011,0,0
"st","Wolfgang Böhmer","cdu","Kabinett Böhmer II",2006,2011,"fw",2011,0,0
"st","Wolfgang Böhmer","cdu","Kabinett Böhmer II",2006,2011,"gb/bhe",2011,0,0
"st","Wolfgang Böhmer","cdu","Kabinett Böhmer II",2006,2011,"gru",2011,0,0
"st","Wolfgang Böhmer","cdu","Kabinett Böhmer II",2006,2011,"kpd",2011,0,0
"st","Wolfgang Böhmer","cdu","Kabinett Böhmer II",2006,2011,"lin",2011,0,0
"st","Wolfgang Böhmer","cdu","Kabinett Böhmer II",2006,2011,"lpd",2011,0,0
"st","Wolfgang Böhmer","cdu","Kabinett Böhmer II",2006,2011,"nlp",2011,0,0
"st","Wolfgang Böhmer","cdu","Kabinett Böhmer II",2006,2011,"pro",2011,0,0
"st","Wolfgang Böhmer","cdu","Kabinett Böhmer II",2006,2011,"spd",2011,1,0
"st","Wolfgang Böhmer","cdu","Kabinett Böhmer II",2006,2011,"sps",2011,0,0
"st","Wolfgang Böhmer","cdu","Kabinett Böhmer II",2006,2011,"ssw",2011,0,0
"st","Wolfgang Böhmer","cdu","Kabinett Böhmer II",2006,2011,"statt",2011,0,0
"st","Wolfgang Böhmer","cdu","Kabinett Böhmer II",2006,2011,"wav",2011,0,0
"st","Wolfgang Böhmer","cdu","Kabinett Böhmer II",2006,2011,"zentrum",2011,0,0
"by","Günther Beckstein","cdu","Kabinett Beckstein",2007,2008,"bdv",2008,0,0
"by","Günther Beckstein","cdu","Kabinett Beckstein",2007,2008,"bhe",2008,0,0
"by","Günther Beckstein","cdu","Kabinett Beckstein",2007,2008,"bp",2008,0,0
"by","Günther Beckstein","cdu","Kabinett Beckstein",2007,2008,"bsw",2008,0,0
"by","Günther Beckstein","cdu","Kabinett Beckstein",2007,2008,"cdu",2008,1,1
"by","Günther Beckstein","cdu","Kabinett Beckstein",2007,2008,"cvp",2008,0,0
"by","Günther Beckstein","cdu","Kabinett Beckstein",2007,2008,"dp",2008,0,0
"by","Günther Beckstein","cdu","Kabinett Beckstein",2007,2008,"dps",2008,0,0
"by","Günther Beckstein","cdu","Kabinett Beckstein",2007,2008,"fdp",2008,0,0
"by","Günther Beckstein","cdu","Kabinett Beckstein",2007,2008,"fw",2008,0,0
"by","Günther Beckstein","cdu","Kabinett Beckstein",2007,2008,"gb/bhe",2008,0,0
"by","Günther Beckstein","cdu","Kabinett Beckstein",2007,2008,"gru",2008,0,0
"by","Günther Beckstein","cdu","Kabinett Beckstein",2007,2008,"kpd",2008,0,0
"by","Günther Beckstein","cdu","Kabinett Beckstein",2007,2008,"lin",2008,0,0
"by","Günther Beckstein","cdu","Kabinett Beckstein",2007,2008,"lpd",2008,0,0
"by","Günther Beckstein","cdu","Kabinett Beckstein",2007,2008,"nlp",2008,0,0
"by","Günther Beckstein","cdu","Kabinett Beckstein",2007,2008,"pro",2008,0,0
"by","Günther Beckstein","cdu","Kabinett Beckstein",2007,2008,"spd",2008,0,0
"by","Günther Beckstein","cdu","Kabinett Beckstein",2007,2008,"sps",2008,0,0
"by","Günther Beckstein","cdu","Kabinett Beckstein",2007,2008,"ssw",2008,0,0
"by","Günther Beckstein","cdu","Kabinett Beckstein",2007,2008,"statt",2008,0,0
"by","Günther Beckstein","cdu","Kabinett Beckstein",2007,2008,"wav",2008,0,0
"by","Günther Beckstein","cdu","Kabinett Beckstein",2007,2008,"zentrum",2008,0,0
"hb","Jens Böhrnsen","spd","Böhrnsen II",2007,2011,"bdv",2011,0,0
"hb","Jens Böhrnsen","spd","Böhrnsen II",2007,2011,"bhe",2011,0,0
"hb","Jens Böhrnsen","spd","Böhrnsen II",2007,2011,"bp",2011,0,0
"hb","Jens Böhrnsen","spd","Böhrnsen II",2007,2011,"bsw",2011,0,0
"hb","Jens Böhrnsen","spd","Böhrnsen II",2007,2011,"cdu",2011,0,0
"hb","Jens Böhrnsen","spd","Böhrnsen II",2007,2011,"cvp",2011,0,0
"hb","Jens Böhrnsen","spd","Böhrnsen II",2007,2011,"dp",2011,0,0
"hb","Jens Böhrnsen","spd","Böhrnsen II",2007,2011,"dps",2011,0,0
"hb","Jens Böhrnsen","spd","Böhrnsen II",2007,2011,"fdp",2011,0,0
"hb","Jens Böhrnsen","spd","Böhrnsen II",2007,2011,"fw",2011,0,0
"hb","Jens Böhrnsen","spd","Böhrnsen II",2007,2011,"gb/bhe",2011,0,0
"hb","Jens Böhrnsen","spd","Böhrnsen II",2007,2011,"gru",2011,1,0
"hb","Jens Böhrnsen","spd","Böhrnsen II",2007,2011,"kpd",2011,0,0
"hb","Jens Böhrnsen","spd","Böhrnsen II",2007,2011,"lin",2011,0,0
"hb","Jens Böhrnsen","spd","Böhrnsen II",2007,2011,"lpd",2011,0,0
"hb","Jens Böhrnsen","spd","Böhrnsen II",2007,2011,"nlp",2011,0,0
"hb","Jens Böhrnsen","spd","Böhrnsen II",2007,2011,"pro",2011,0,0
"hb","Jens Böhrnsen","spd","Böhrnsen II",2007,2011,"spd",2011,1,1
"hb","Jens Böhrnsen","spd","Böhrnsen II",2007,2011,"sps",2011,0,0
"hb","Jens Böhrnsen","spd","Böhrnsen II",2007,2011,"ssw",2011,0,0
"hb","Jens Böhrnsen","spd","Böhrnsen II",2007,2011,"statt",2011,0,0
"hb","Jens Böhrnsen","spd","Böhrnsen II",2007,2011,"wav",2011,0,0
"hb","Jens Böhrnsen","spd","Böhrnsen II",2007,2011,"zentrum",2011,0,0
"by","Horst Seehofer","cdu","Kabinett Seehofer I",2008,2013,"bdv",2013,0,0
"by","Horst Seehofer","cdu","Kabinett Seehofer I",2008,2013,"bhe",2013,0,0
"by","Horst Seehofer","cdu","Kabinett Seehofer I",2008,2013,"bp",2013,0,0
"by","Horst Seehofer","cdu","Kabinett Seehofer I",2008,2013,"bsw",2013,0,0
"by","Horst Seehofer","cdu","Kabinett Seehofer I",2008,2013,"cdu",2013,1,1
"by","Horst Seehofer","cdu","Kabinett Seehofer I",2008,2013,"cvp",2013,0,0
"by","Horst Seehofer","cdu","Kabinett Seehofer I",2008,2013,"dp",2013,0,0
"by","Horst Seehofer","cdu","Kabinett Seehofer I",2008,2013,"dps",2013,0,0
"by","Horst Seehofer","cdu","Kabinett Seehofer I",2008,2013,"fdp",2013,1,0
"by","Horst Seehofer","cdu","Kabinett Seehofer I",2008,2013,"fw",2013,0,0
"by","Horst Seehofer","cdu","Kabinett Seehofer I",2008,2013,"gb/bhe",2013,0,0
"by","Horst Seehofer","cdu","Kabinett Seehofer I",2008,2013,"gru",2013,0,0
"by","Horst Seehofer","cdu","Kabinett Seehofer I",2008,2013,"kpd",2013,0,0
"by","Horst Seehofer","cdu","Kabinett Seehofer I",2008,2013,"lin",2013,0,0
"by","Horst Seehofer","cdu","Kabinett Seehofer I",2008,2013,"lpd",2013,0,0
"by","Horst Seehofer","cdu","Kabinett Seehofer I",2008,2013,"nlp",2013,0,0
"by","Horst Seehofer","cdu","Kabinett Seehofer I",2008,2013,"pro",2013,0,0
"by","Horst Seehofer","cdu","Kabinett Seehofer I",2008,2013,"spd",2013,0,0
"by","Horst Seehofer","cdu","Kabinett Seehofer I",2008,2013,"sps",2013,0,0
"by","Horst Seehofer","cdu","Kabinett Seehofer I",2008,2013,"ssw",2013,0,0
"by","Horst Seehofer","cdu","Kabinett Seehofer I",2008,2013,"statt",2013,0,0
"by","Horst Seehofer","cdu","Kabinett Seehofer I",2008,2013,"wav",2013,0,0
"by","Horst Seehofer","cdu","Kabinett Seehofer I",2008,2013,"zentrum",2013,0,0
"hh","Ole von Beust","cdu","Kabinett von Beust III",2008,2010,"bdv",2010,0,0
"hh","Ole von Beust","cdu","Kabinett von Beust III",2008,2010,"bhe",2010,0,0
"hh","Ole von Beust","cdu","Kabinett von Beust III",2008,2010,"bp",2010,0,0
"hh","Ole von Beust","cdu","Kabinett von Beust III",2008,2010,"bsw",2010,0,0
"hh","Ole von Beust","cdu","Kabinett von Beust III",2008,2010,"cdu",2010,1,1
"hh","Ole von Beust","cdu","Kabinett von Beust III",2008,2010,"cvp",2010,0,0
"hh","Ole von Beust","cdu","Kabinett von Beust III",2008,2010,"dp",2010,0,0
"hh","Ole von Beust","cdu","Kabinett von Beust III",2008,2010,"dps",2010,0,0
"hh","Ole von Beust","cdu","Kabinett von Beust III",2008,2010,"fdp",2010,0,0
"hh","Ole von Beust","cdu","Kabinett von Beust III",2008,2010,"fw",2010,0,0
"hh","Ole von Beust","cdu","Kabinett von Beust III",2008,2010,"gb/bhe",2010,0,0
"hh","Ole von Beust","cdu","Kabinett von Beust III",2008,2010,"gru",2010,1,0
"hh","Ole von Beust","cdu","Kabinett von Beust III",2008,2010,"kpd",2010,0,0
"hh","Ole von Beust","cdu","Kabinett von Beust III",2008,2010,"lin",2010,0,0
"hh","Ole von Beust","cdu","Kabinett von Beust III",2008,2010,"lpd",2010,0,0
"hh","Ole von Beust","cdu","Kabinett von Beust III",2008,2010,"nlp",2010,0,0
"hh","Ole von Beust","cdu","Kabinett von Beust III",2008,2010,"pro",2010,0,0
"hh","Ole von Beust","cdu","Kabinett von Beust III",2008,2010,"spd",2010,0,0
"hh","Ole von Beust","cdu","Kabinett von Beust III",2008,2010,"sps",2010,0,0
"hh","Ole von Beust","cdu","Kabinett von Beust III",2008,2010,"ssw",2010,0,0
"hh","Ole von Beust","cdu","Kabinett von Beust III",2008,2010,"statt",2010,0,0
"hh","Ole von Beust","cdu","Kabinett von Beust III",2008,2010,"wav",2010,0,0
"hh","Ole von Beust","cdu","Kabinett von Beust III",2008,2010,"zentrum",2010,0,0
"mv","Erwin Sellering ","spd","Kabinett Sellering I",2008,2011,"bdv",2011,0,0
"mv","Erwin Sellering ","spd","Kabinett Sellering I",2008,2011,"bhe",2011,0,0
"mv","Erwin Sellering ","spd","Kabinett Sellering I",2008,2011,"bp",2011,0,0
"mv","Erwin Sellering ","spd","Kabinett Sellering I",2008,2011,"bsw",2011,0,0
"mv","Erwin Sellering ","spd","Kabinett Sellering I",2008,2011,"cdu",2011,1,0
"mv","Erwin Sellering ","spd","Kabinett Sellering I",2008,2011,"cvp",2011,0,0
"mv","Erwin Sellering ","spd","Kabinett Sellering I",2008,2011,"dp",2011,0,0
"mv","Erwin Sellering ","spd","Kabinett Sellering I",2008,2011,"dps",2011,0,0
"mv","Erwin Sellering ","spd","Kabinett Sellering I",2008,2011,"fdp",2011,0,0
"mv","Erwin Sellering ","spd","Kabinett Sellering I",2008,2011,"fw",2011,0,0
"mv","Erwin Sellering ","spd","Kabinett Sellering I",2008,2011,"gb/bhe",2011,0,0
"mv","Erwin Sellering ","spd","Kabinett Sellering I",2008,2011,"gru",2011,0,0
"mv","Erwin Sellering ","spd","Kabinett Sellering I",2008,2011,"kpd",2011,0,0
"mv","Erwin Sellering ","spd","Kabinett Sellering I",2008,2011,"lin",2011,0,0
"mv","Erwin Sellering ","spd","Kabinett Sellering I",2008,2011,"lpd",2011,0,0
"mv","Erwin Sellering ","spd","Kabinett Sellering I",2008,2011,"nlp",2011,0,0
"mv","Erwin Sellering ","spd","Kabinett Sellering I",2008,2011,"pro",2011,0,0
"mv","Erwin Sellering ","spd","Kabinett Sellering I",2008,2011,"spd",2011,1,1
"mv","Erwin Sellering ","spd","Kabinett Sellering I",2008,2011,"sps",2011,0,0
"mv","Erwin Sellering ","spd","Kabinett Sellering I",2008,2011,"ssw",2011,0,0
"mv","Erwin Sellering ","spd","Kabinett Sellering I",2008,2011,"statt",2011,0,0
"mv","Erwin Sellering ","spd","Kabinett Sellering I",2008,2011,"wav",2011,0,0
"mv","Erwin Sellering ","spd","Kabinett Sellering I",2008,2011,"zentrum",2011,0,0
"ni","Christian Wulff","cdu","Wulff II",2008,2010,"bdv",2010,0,0
"ni","Christian Wulff","cdu","Wulff II",2008,2010,"bhe",2010,0,0
"ni","Christian Wulff","cdu","Wulff II",2008,2010,"bp",2010,0,0
"ni","Christian Wulff","cdu","Wulff II",2008,2010,"bsw",2010,0,0
"ni","Christian Wulff","cdu","Wulff II",2008,2010,"cdu",2010,1,1
"ni","Christian Wulff","cdu","Wulff II",2008,2010,"cvp",2010,0,0
"ni","Christian Wulff","cdu","Wulff II",2008,2010,"dp",2010,0,0
"ni","Christian Wulff","cdu","Wulff II",2008,2010,"dps",2010,0,0
"ni","Christian Wulff","cdu","Wulff II",2008,2010,"fdp",2010,1,0
"ni","Christian Wulff","cdu","Wulff II",2008,2010,"fw",2010,0,0
"ni","Christian Wulff","cdu","Wulff II",2008,2010,"gb/bhe",2010,0,0
"ni","Christian Wulff","cdu","Wulff II",2008,2010,"gru",2010,0,0
"ni","Christian Wulff","cdu","Wulff II",2008,2010,"kpd",2010,0,0
"ni","Christian Wulff","cdu","Wulff II",2008,2010,"lin",2010,0,0
"ni","Christian Wulff","cdu","Wulff II",2008,2010,"lpd",2010,0,0
"ni","Christian Wulff","cdu","Wulff II",2008,2010,"nlp",2010,0,0
"ni","Christian Wulff","cdu","Wulff II",2008,2010,"pro",2010,0,0
"ni","Christian Wulff","cdu","Wulff II",2008,2010,"spd",2010,0,0
"ni","Christian Wulff","cdu","Wulff II",2008,2010,"sps",2010,0,0
"ni","Christian Wulff","cdu","Wulff II",2008,2010,"ssw",2010,0,0
"ni","Christian Wulff","cdu","Wulff II",2008,2010,"statt",2010,0,0
"ni","Christian Wulff","cdu","Wulff II",2008,2010,"wav",2010,0,0
"ni","Christian Wulff","cdu","Wulff II",2008,2010,"zentrum",2010,0,0
"sn","Stanislaw Tillich","cdu","Kabinett Tillich I",2008,2009,"bdv",2009,0,0
"sn","Stanislaw Tillich","cdu","Kabinett Tillich I",2008,2009,"bhe",2009,0,0
"sn","Stanislaw Tillich","cdu","Kabinett Tillich I",2008,2009,"bp",2009,0,0
"sn","Stanislaw Tillich","cdu","Kabinett Tillich I",2008,2009,"bsw",2009,0,0
"sn","Stanislaw Tillich","cdu","Kabinett Tillich I",2008,2009,"cdu",2009,1,1
"sn","Stanislaw Tillich","cdu","Kabinett Tillich I",2008,2009,"cvp",2009,0,0
"sn","Stanislaw Tillich","cdu","Kabinett Tillich I",2008,2009,"dp",2009,0,0
"sn","Stanislaw Tillich","cdu","Kabinett Tillich I",2008,2009,"dps",2009,0,0
"sn","Stanislaw Tillich","cdu","Kabinett Tillich I",2008,2009,"fdp",2009,0,0
"sn","Stanislaw Tillich","cdu","Kabinett Tillich I",2008,2009,"fw",2009,0,0
"sn","Stanislaw Tillich","cdu","Kabinett Tillich I",2008,2009,"gb/bhe",2009,0,0
"sn","Stanislaw Tillich","cdu","Kabinett Tillich I",2008,2009,"gru",2009,0,0
"sn","Stanislaw Tillich","cdu","Kabinett Tillich I",2008,2009,"kpd",2009,0,0
"sn","Stanislaw Tillich","cdu","Kabinett Tillich I",2008,2009,"lin",2009,0,0
"sn","Stanislaw Tillich","cdu","Kabinett Tillich I",2008,2009,"lpd",2009,0,0
"sn","Stanislaw Tillich","cdu","Kabinett Tillich I",2008,2009,"nlp",2009,0,0
"sn","Stanislaw Tillich","cdu","Kabinett Tillich I",2008,2009,"pro",2009,0,0
"sn","Stanislaw Tillich","cdu","Kabinett Tillich I",2008,2009,"spd",2009,1,0
"sn","Stanislaw Tillich","cdu","Kabinett Tillich I",2008,2009,"sps",2009,0,0
"sn","Stanislaw Tillich","cdu","Kabinett Tillich I",2008,2009,"ssw",2009,0,0
"sn","Stanislaw Tillich","cdu","Kabinett Tillich I",2008,2009,"statt",2009,0,0
"sn","Stanislaw Tillich","cdu","Kabinett Tillich I",2008,2009,"wav",2009,0,0
"sn","Stanislaw Tillich","cdu","Kabinett Tillich I",2008,2009,"zentrum",2009,0,0
"bb","Matthias Platzeck","spd","Kabinett Platzeck III",2009,2013,"bdv",2013,0,0
"bb","Matthias Platzeck","spd","Kabinett Platzeck III",2009,2013,"bhe",2013,0,0
"bb","Matthias Platzeck","spd","Kabinett Platzeck III",2009,2013,"bp",2013,0,0
"bb","Matthias Platzeck","spd","Kabinett Platzeck III",2009,2013,"bsw",2013,0,0
"bb","Matthias Platzeck","spd","Kabinett Platzeck III",2009,2013,"cdu",2013,0,0
"bb","Matthias Platzeck","spd","Kabinett Platzeck III",2009,2013,"cvp",2013,0,0
"bb","Matthias Platzeck","spd","Kabinett Platzeck III",2009,2013,"dp",2013,0,0
"bb","Matthias Platzeck","spd","Kabinett Platzeck III",2009,2013,"dps",2013,0,0
"bb","Matthias Platzeck","spd","Kabinett Platzeck III",2009,2013,"fdp",2013,0,0
"bb","Matthias Platzeck","spd","Kabinett Platzeck III",2009,2013,"fw",2013,0,0
"bb","Matthias Platzeck","spd","Kabinett Platzeck III",2009,2013,"gb/bhe",2013,0,0
"bb","Matthias Platzeck","spd","Kabinett Platzeck III",2009,2013,"gru",2013,0,0
"bb","Matthias Platzeck","spd","Kabinett Platzeck III",2009,2013,"kpd",2013,0,0
"bb","Matthias Platzeck","spd","Kabinett Platzeck III",2009,2013,"lin",2013,1,0
"bb","Matthias Platzeck","spd","Kabinett Platzeck III",2009,2013,"lpd",2013,0,0
"bb","Matthias Platzeck","spd","Kabinett Platzeck III",2009,2013,"nlp",2013,0,0
"bb","Matthias Platzeck","spd","Kabinett Platzeck III",2009,2013,"pro",2013,0,0
"bb","Matthias Platzeck","spd","Kabinett Platzeck III",2009,2013,"spd",2013,1,1
"bb","Matthias Platzeck","spd","Kabinett Platzeck III",2009,2013,"sps",2013,0,0
"bb","Matthias Platzeck","spd","Kabinett Platzeck III",2009,2013,"ssw",2013,0,0
"bb","Matthias Platzeck","spd","Kabinett Platzeck III",2009,2013,"statt",2013,0,0
"bb","Matthias Platzeck","spd","Kabinett Platzeck III",2009,2013,"wav",2013,0,0
"bb","Matthias Platzeck","spd","Kabinett Platzeck III",2009,2013,"zentrum",2013,0,0
"sh","Peter Harry Carstensen","cdu","Kabinett Carstensen II",2009,2012,"bdv",2012,0,0
"sh","Peter Harry Carstensen","cdu","Kabinett Carstensen II",2009,2012,"bhe",2012,0,0
"sh","Peter Harry Carstensen","cdu","Kabinett Carstensen II",2009,2012,"bp",2012,0,0
"sh","Peter Harry Carstensen","cdu","Kabinett Carstensen II",2009,2012,"bsw",2012,0,0
"sh","Peter Harry Carstensen","cdu","Kabinett Carstensen II",2009,2012,"cdu",2012,1,1
"sh","Peter Harry Carstensen","cdu","Kabinett Carstensen II",2009,2012,"cvp",2012,0,0
"sh","Peter Harry Carstensen","cdu","Kabinett Carstensen II",2009,2012,"dp",2012,0,0
"sh","Peter Harry Carstensen","cdu","Kabinett Carstensen II",2009,2012,"dps",2012,0,0
"sh","Peter Harry Carstensen","cdu","Kabinett Carstensen II",2009,2012,"fdp",2012,1,0
"sh","Peter Harry Carstensen","cdu","Kabinett Carstensen II",2009,2012,"fw",2012,0,0
"sh","Peter Harry Carstensen","cdu","Kabinett Carstensen II",2009,2012,"gb/bhe",2012,0,0
"sh","Peter Harry Carstensen","cdu","Kabinett Carstensen II",2009,2012,"gru",2012,0,0
"sh","Peter Harry Carstensen","cdu","Kabinett Carstensen II",2009,2012,"kpd",2012,0,0
"sh","Peter Harry Carstensen","cdu","Kabinett Carstensen II",2009,2012,"lin",2012,0,0
"sh","Peter Harry Carstensen","cdu","Kabinett Carstensen II",2009,2012,"lpd",2012,0,0
"sh","Peter Harry Carstensen","cdu","Kabinett Carstensen II",2009,2012,"nlp",2012,0,0
"sh","Peter Harry Carstensen","cdu","Kabinett Carstensen II",2009,2012,"pro",2012,0,0
"sh","Peter Harry Carstensen","cdu","Kabinett Carstensen II",2009,2012,"spd",2012,0,0
"sh","Peter Harry Carstensen","cdu","Kabinett Carstensen II",2009,2012,"sps",2012,0,0
"sh","Peter Harry Carstensen","cdu","Kabinett Carstensen II",2009,2012,"ssw",2012,0,0
"sh","Peter Harry Carstensen","cdu","Kabinett Carstensen II",2009,2012,"statt",2012,0,0
"sh","Peter Harry Carstensen","cdu","Kabinett Carstensen II",2009,2012,"wav",2012,0,0
"sh","Peter Harry Carstensen","cdu","Kabinett Carstensen II",2009,2012,"zentrum",2012,0,0
"sl","Peter Müller","cdu","Kabinett Müller III",2009,2011,"bdv",2011,0,0
"sl","Peter Müller","cdu","Kabinett Müller III",2009,2011,"bhe",2011,0,0
"sl","Peter Müller","cdu","Kabinett Müller III",2009,2011,"bp",2011,0,0
"sl","Peter Müller","cdu","Kabinett Müller III",2009,2011,"bsw",2011,0,0
"sl","Peter Müller","cdu","Kabinett Müller III",2009,2011,"cdu",2011,1,1
"sl","Peter Müller","cdu","Kabinett Müller III",2009,2011,"cvp",2011,0,0
"sl","Peter Müller","cdu","Kabinett Müller III",2009,2011,"dp",2011,0,0
"sl","Peter Müller","cdu","Kabinett Müller III",2009,2011,"dps",2011,1,0
"sl","Peter Müller","cdu","Kabinett Müller III",2009,2011,"fdp",2011,1,0
"sl","Peter Müller","cdu","Kabinett Müller III",2009,2011,"fw",2011,0,0
"sl","Peter Müller","cdu","Kabinett Müller III",2009,2011,"gb/bhe",2011,0,0
"sl","Peter Müller","cdu","Kabinett Müller III",2009,2011,"gru",2011,1,0
"sl","Peter Müller","cdu","Kabinett Müller III",2009,2011,"kpd",2011,0,0
"sl","Peter Müller","cdu","Kabinett Müller III",2009,2011,"lin",2011,0,0
"sl","Peter Müller","cdu","Kabinett Müller III",2009,2011,"lpd",2011,0,0
"sl","Peter Müller","cdu","Kabinett Müller III",2009,2011,"nlp",2011,0,0
"sl","Peter Müller","cdu","Kabinett Müller III",2009,2011,"pro",2011,0,0
"sl","Peter Müller","cdu","Kabinett Müller III",2009,2011,"spd",2011,0,0
"sl","Peter Müller","cdu","Kabinett Müller III",2009,2011,"sps",2011,0,0
"sl","Peter Müller","cdu","Kabinett Müller III",2009,2011,"ssw",2011,0,0
"sl","Peter Müller","cdu","Kabinett Müller III",2009,2011,"statt",2011,0,0
"sl","Peter Müller","cdu","Kabinett Müller III",2009,2011,"wav",2011,0,0
"sl","Peter Müller","cdu","Kabinett Müller III",2009,2011,"zentrum",2011,0,0
"sn","Stanislaw Tillich (CDU)","cdu","Kabinett Tillich II",2009,2014,"bdv",2014,0,0
"sn","Stanislaw Tillich (CDU)","cdu","Kabinett Tillich II",2009,2014,"bhe",2014,0,0
"sn","Stanislaw Tillich (CDU)","cdu","Kabinett Tillich II",2009,2014,"bp",2014,0,0
"sn","Stanislaw Tillich (CDU)","cdu","Kabinett Tillich II",2009,2014,"bsw",2014,0,0
"sn","Stanislaw Tillich (CDU)","cdu","Kabinett Tillich II",2009,2014,"cdu",2014,1,1
"sn","Stanislaw Tillich (CDU)","cdu","Kabinett Tillich II",2009,2014,"cvp",2014,0,0
"sn","Stanislaw Tillich (CDU)","cdu","Kabinett Tillich II",2009,2014,"dp",2014,0,0
"sn","Stanislaw Tillich (CDU)","cdu","Kabinett Tillich II",2009,2014,"dps",2014,0,0
"sn","Stanislaw Tillich (CDU)","cdu","Kabinett Tillich II",2009,2014,"fdp",2014,1,0
"sn","Stanislaw Tillich (CDU)","cdu","Kabinett Tillich II",2009,2014,"fw",2014,0,0
"sn","Stanislaw Tillich (CDU)","cdu","Kabinett Tillich II",2009,2014,"gb/bhe",2014,0,0
"sn","Stanislaw Tillich (CDU)","cdu","Kabinett Tillich II",2009,2014,"gru",2014,0,0
"sn","Stanislaw Tillich (CDU)","cdu","Kabinett Tillich II",2009,2014,"kpd",2014,0,0
"sn","Stanislaw Tillich (CDU)","cdu","Kabinett Tillich II",2009,2014,"lin",2014,0,0
"sn","Stanislaw Tillich (CDU)","cdu","Kabinett Tillich II",2009,2014,"lpd",2014,0,0
"sn","Stanislaw Tillich (CDU)","cdu","Kabinett Tillich II",2009,2014,"nlp",2014,0,0
"sn","Stanislaw Tillich (CDU)","cdu","Kabinett Tillich II",2009,2014,"pro",2014,0,0
"sn","Stanislaw Tillich (CDU)","cdu","Kabinett Tillich II",2009,2014,"spd",2014,0,0
"sn","Stanislaw Tillich (CDU)","cdu","Kabinett Tillich II",2009,2014,"sps",2014,0,0
"sn","Stanislaw Tillich (CDU)","cdu","Kabinett Tillich II",2009,2014,"ssw",2014,0,0
"sn","Stanislaw Tillich (CDU)","cdu","Kabinett Tillich II",2009,2014,"statt",2014,0,0
"sn","Stanislaw Tillich (CDU)","cdu","Kabinett Tillich II",2009,2014,"wav",2014,0,0
"sn","Stanislaw Tillich (CDU)","cdu","Kabinett Tillich II",2009,2014,"zentrum",2014,0,0
"th","Christine Lieberknecht","cdu","Kabinett Lieberknecht",2009,2014,"bdv",2014,0,0
"th","Christine Lieberknecht","cdu","Kabinett Lieberknecht",2009,2014,"bhe",2014,0,0
"th","Christine Lieberknecht","cdu","Kabinett Lieberknecht",2009,2014,"bp",2014,0,0
"th","Christine Lieberknecht","cdu","Kabinett Lieberknecht",2009,2014,"bsw",2014,0,0
"th","Christine Lieberknecht","cdu","Kabinett Lieberknecht",2009,2014,"cdu",2014,1,1
"th","Christine Lieberknecht","cdu","Kabinett Lieberknecht",2009,2014,"cvp",2014,0,0
"th","Christine Lieberknecht","cdu","Kabinett Lieberknecht",2009,2014,"dp",2014,0,0
"th","Christine Lieberknecht","cdu","Kabinett Lieberknecht",2009,2014,"dps",2014,0,0
"th","Christine Lieberknecht","cdu","Kabinett Lieberknecht",2009,2014,"fdp",2014,0,0
"th","Christine Lieberknecht","cdu","Kabinett Lieberknecht",2009,2014,"fw",2014,0,0
"th","Christine Lieberknecht","cdu","Kabinett Lieberknecht",2009,2014,"gb/bhe",2014,0,0
"th","Christine Lieberknecht","cdu","Kabinett Lieberknecht",2009,2014,"gru",2014,0,0
"th","Christine Lieberknecht","cdu","Kabinett Lieberknecht",2009,2014,"kpd",2014,0,0
"th","Christine Lieberknecht","cdu","Kabinett Lieberknecht",2009,2014,"lin",2014,0,0
"th","Christine Lieberknecht","cdu","Kabinett Lieberknecht",2009,2014,"lpd",2014,0,0
"th","Christine Lieberknecht","cdu","Kabinett Lieberknecht",2009,2014,"nlp",2014,0,0
"th","Christine Lieberknecht","cdu","Kabinett Lieberknecht",2009,2014,"pro",2014,0,0
"th","Christine Lieberknecht","cdu","Kabinett Lieberknecht",2009,2014,"spd",2014,1,0
"th","Christine Lieberknecht","cdu","Kabinett Lieberknecht",2009,2014,"sps",2014,0,0
"th","Christine Lieberknecht","cdu","Kabinett Lieberknecht",2009,2014,"ssw",2014,0,0
"th","Christine Lieberknecht","cdu","Kabinett Lieberknecht",2009,2014,"statt",2014,0,0
"th","Christine Lieberknecht","cdu","Kabinett Lieberknecht",2009,2014,"wav",2014,0,0
"th","Christine Lieberknecht","cdu","Kabinett Lieberknecht",2009,2014,"zentrum",2014,0,0
"bw","Stefan Mappus","cdu","Kabinett Mappus",2010,2011,"bdv",2011,0,0
"bw","Stefan Mappus","cdu","Kabinett Mappus",2010,2011,"bhe",2011,0,0
"bw","Stefan Mappus","cdu","Kabinett Mappus",2010,2011,"bp",2011,0,0
"bw","Stefan Mappus","cdu","Kabinett Mappus",2010,2011,"bsw",2011,0,0
"bw","Stefan Mappus","cdu","Kabinett Mappus",2010,2011,"cdu",2011,1,1
"bw","Stefan Mappus","cdu","Kabinett Mappus",2010,2011,"cvp",2011,0,0
"bw","Stefan Mappus","cdu","Kabinett Mappus",2010,2011,"dp",2011,0,0
"bw","Stefan Mappus","cdu","Kabinett Mappus",2010,2011,"dps",2011,0,0
"bw","Stefan Mappus","cdu","Kabinett Mappus",2010,2011,"fdp",2011,1,0
"bw","Stefan Mappus","cdu","Kabinett Mappus",2010,2011,"fw",2011,0,0
"bw","Stefan Mappus","cdu","Kabinett Mappus",2010,2011,"gb/bhe",2011,0,0
"bw","Stefan Mappus","cdu","Kabinett Mappus",2010,2011,"gru",2011,0,0
"bw","Stefan Mappus","cdu","Kabinett Mappus",2010,2011,"kpd",2011,0,0
"bw","Stefan Mappus","cdu","Kabinett Mappus",2010,2011,"lin",2011,0,0
"bw","Stefan Mappus","cdu","Kabinett Mappus",2010,2011,"lpd",2011,0,0
"bw","Stefan Mappus","cdu","Kabinett Mappus",2010,2011,"nlp",2011,0,0
"bw","Stefan Mappus","cdu","Kabinett Mappus",2010,2011,"pro",2011,0,0
"bw","Stefan Mappus","cdu","Kabinett Mappus",2010,2011,"spd",2011,0,0
"bw","Stefan Mappus","cdu","Kabinett Mappus",2010,2011,"sps",2011,0,0
"bw","Stefan Mappus","cdu","Kabinett Mappus",2010,2011,"ssw",2011,0,0
"bw","Stefan Mappus","cdu","Kabinett Mappus",2010,2011,"statt",2011,0,0
"bw","Stefan Mappus","cdu","Kabinett Mappus",2010,2011,"wav",2011,0,0
"bw","Stefan Mappus","cdu","Kabinett Mappus",2010,2011,"zentrum",2011,0,0
"he","Roland Koch","cdu","Kabinett Koch III",2010,2014,"bdv",2013,0,0
"he","Roland Koch","cdu","Kabinett Koch III",2010,2014,"bhe",2013,0,0
"he","Roland Koch","cdu","Kabinett Koch III",2010,2014,"bp",2013,0,0
"he","Roland Koch","cdu","Kabinett Koch III",2010,2014,"bsw",2013,0,0
"he","Roland Koch","cdu","Kabinett Koch III",2010,2014,"cdu",2013,1,1
"he","Roland Koch","cdu","Kabinett Koch III",2010,2014,"cvp",2013,0,0
"he","Roland Koch","cdu","Kabinett Koch III",2010,2014,"dp",2013,0,0
"he","Roland Koch","cdu","Kabinett Koch III",2010,2014,"dps",2013,0,0
"he","Roland Koch","cdu","Kabinett Koch III",2010,2014,"fdp",2013,1,0
"he","Roland Koch","cdu","Kabinett Koch III",2010,2014,"fw",2013,0,0
"he","Roland Koch","cdu","Kabinett Koch III",2010,2014,"gb/bhe",2013,0,0
"he","Roland Koch","cdu","Kabinett Koch III",2010,2014,"gru",2013,0,0
"he","Roland Koch","cdu","Kabinett Koch III",2010,2014,"kpd",2013,0,0
"he","Roland Koch","cdu","Kabinett Koch III",2010,2014,"lin",2013,0,0
"he","Roland Koch","cdu","Kabinett Koch III",2010,2014,"lpd",2013,0,0
"he","Roland Koch","cdu","Kabinett Koch III",2010,2014,"nlp",2013,0,0
"he","Roland Koch","cdu","Kabinett Koch III",2010,2014,"pro",2013,0,0
"he","Roland Koch","cdu","Kabinett Koch III",2010,2014,"spd",2013,0,0
"he","Roland Koch","cdu","Kabinett Koch III",2010,2014,"sps",2013,0,0
"he","Roland Koch","cdu","Kabinett Koch III",2010,2014,"ssw",2013,0,0
"he","Roland Koch","cdu","Kabinett Koch III",2010,2014,"statt",2013,0,0
"he","Roland Koch","cdu","Kabinett Koch III",2010,2014,"wav",2013,0,0
"he","Roland Koch","cdu","Kabinett Koch III",2010,2014,"zentrum",2013,0,0
"hh","Christoph Ahlhaus","cdu","Kabinett Ahlhaus",2010,2011,"bdv",2011,0,0
"hh","Christoph Ahlhaus","cdu","Kabinett Ahlhaus",2010,2011,"bhe",2011,0,0
"hh","Christoph Ahlhaus","cdu","Kabinett Ahlhaus",2010,2011,"bp",2011,0,0
"hh","Christoph Ahlhaus","cdu","Kabinett Ahlhaus",2010,2011,"bsw",2011,0,0
"hh","Christoph Ahlhaus","cdu","Kabinett Ahlhaus",2010,2011,"cdu",2011,1,1
"hh","Christoph Ahlhaus","cdu","Kabinett Ahlhaus",2010,2011,"cvp",2011,0,0
"hh","Christoph Ahlhaus","cdu","Kabinett Ahlhaus",2010,2011,"dp",2011,0,0
"hh","Christoph Ahlhaus","cdu","Kabinett Ahlhaus",2010,2011,"dps",2011,0,0
"hh","Christoph Ahlhaus","cdu","Kabinett Ahlhaus",2010,2011,"fdp",2011,0,0
"hh","Christoph Ahlhaus","cdu","Kabinett Ahlhaus",2010,2011,"fw",2011,0,0
"hh","Christoph Ahlhaus","cdu","Kabinett Ahlhaus",2010,2011,"gb/bhe",2011,0,0
"hh","Christoph Ahlhaus","cdu","Kabinett Ahlhaus",2010,2011,"gru",2011,1,0
"hh","Christoph Ahlhaus","cdu","Kabinett Ahlhaus",2010,2011,"kpd",2011,0,0
"hh","Christoph Ahlhaus","cdu","Kabinett Ahlhaus",2010,2011,"lin",2011,0,0
"hh","Christoph Ahlhaus","cdu","Kabinett Ahlhaus",2010,2011,"lpd",2011,0,0
"hh","Christoph Ahlhaus","cdu","Kabinett Ahlhaus",2010,2011,"nlp",2011,0,0
"hh","Christoph Ahlhaus","cdu","Kabinett Ahlhaus",2010,2011,"pro",2011,0,0
"hh","Christoph Ahlhaus","cdu","Kabinett Ahlhaus",2010,2011,"spd",2011,0,0
"hh","Christoph Ahlhaus","cdu","Kabinett Ahlhaus",2010,2011,"sps",2011,0,0
"hh","Christoph Ahlhaus","cdu","Kabinett Ahlhaus",2010,2011,"ssw",2011,0,0
"hh","Christoph Ahlhaus","cdu","Kabinett Ahlhaus",2010,2011,"statt",2011,0,0
"hh","Christoph Ahlhaus","cdu","Kabinett Ahlhaus",2010,2011,"wav",2011,0,0
"hh","Christoph Ahlhaus","cdu","Kabinett Ahlhaus",2010,2011,"zentrum",2011,0,0
"ni","David McAllister","cdu","McAllister",2010,2013,"bdv",2013,0,0
"ni","David McAllister","cdu","McAllister",2010,2013,"bhe",2013,0,0
"ni","David McAllister","cdu","McAllister",2010,2013,"bp",2013,0,0
"ni","David McAllister","cdu","McAllister",2010,2013,"bsw",2013,0,0
"ni","David McAllister","cdu","McAllister",2010,2013,"cdu",2013,1,1
"ni","David McAllister","cdu","McAllister",2010,2013,"cvp",2013,0,0
"ni","David McAllister","cdu","McAllister",2010,2013,"dp",2013,0,0
"ni","David McAllister","cdu","McAllister",2010,2013,"dps",2013,0,0
"ni","David McAllister","cdu","McAllister",2010,2013,"fdp",2013,1,0
"ni","David McAllister","cdu","McAllister",2010,2013,"fw",2013,0,0
"ni","David McAllister","cdu","McAllister",2010,2013,"gb/bhe",2013,0,0
"ni","David McAllister","cdu","McAllister",2010,2013,"gru",2013,0,0
"ni","David McAllister","cdu","McAllister",2010,2013,"kpd",2013,0,0
"ni","David McAllister","cdu","McAllister",2010,2013,"lin",2013,0,0
"ni","David McAllister","cdu","McAllister",2010,2013,"lpd",2013,0,0
"ni","David McAllister","cdu","McAllister",2010,2013,"nlp",2013,0,0
"ni","David McAllister","cdu","McAllister",2010,2013,"pro",2013,0,0
"ni","David McAllister","cdu","McAllister",2010,2013,"spd",2013,0,0
"ni","David McAllister","cdu","McAllister",2010,2013,"sps",2013,0,0
"ni","David McAllister","cdu","McAllister",2010,2013,"ssw",2013,0,0
"ni","David McAllister","cdu","McAllister",2010,2013,"statt",2013,0,0
"ni","David McAllister","cdu","McAllister",2010,2013,"wav",2013,0,0
"ni","David McAllister","cdu","McAllister",2010,2013,"zentrum",2013,0,0
"nw","Hannelore Kraft","spd","Kabinett Kraft I",2010,2012,"bdv",2012,0,0
"nw","Hannelore Kraft","spd","Kabinett Kraft I",2010,2012,"bhe",2012,0,0
"nw","Hannelore Kraft","spd","Kabinett Kraft I",2010,2012,"bp",2012,0,0
"nw","Hannelore Kraft","spd","Kabinett Kraft I",2010,2012,"bsw",2012,0,0
"nw","Hannelore Kraft","spd","Kabinett Kraft I",2010,2012,"cdu",2012,0,0
"nw","Hannelore Kraft","spd","Kabinett Kraft I",2010,2012,"cvp",2012,0,0
"nw","Hannelore Kraft","spd","Kabinett Kraft I",2010,2012,"dp",2012,0,0
"nw","Hannelore Kraft","spd","Kabinett Kraft I",2010,2012,"dps",2012,0,0
"nw","Hannelore Kraft","spd","Kabinett Kraft I",2010,2012,"fdp",2012,0,0
"nw","Hannelore Kraft","spd","Kabinett Kraft I",2010,2012,"fw",2012,0,0
"nw","Hannelore Kraft","spd","Kabinett Kraft I",2010,2012,"gb/bhe",2012,0,0
"nw","Hannelore Kraft","spd","Kabinett Kraft I",2010,2012,"gru",2012,1,0
"nw","Hannelore Kraft","spd","Kabinett Kraft I",2010,2012,"kpd",2012,0,0
"nw","Hannelore Kraft","spd","Kabinett Kraft I",2010,2012,"lin",2012,0,0
"nw","Hannelore Kraft","spd","Kabinett Kraft I",2010,2012,"lpd",2012,0,0
"nw","Hannelore Kraft","spd","Kabinett Kraft I",2010,2012,"nlp",2012,0,0
"nw","Hannelore Kraft","spd","Kabinett Kraft I",2010,2012,"pro",2012,0,0
"nw","Hannelore Kraft","spd","Kabinett Kraft I",2010,2012,"spd",2012,1,1
"nw","Hannelore Kraft","spd","Kabinett Kraft I",2010,2012,"sps",2012,0,0
"nw","Hannelore Kraft","spd","Kabinett Kraft I",2010,2012,"ssw",2012,0,0
"nw","Hannelore Kraft","spd","Kabinett Kraft I",2010,2012,"statt",2012,0,0
"nw","Hannelore Kraft","spd","Kabinett Kraft I",2010,2012,"wav",2012,0,0
"nw","Hannelore Kraft","spd","Kabinett Kraft I",2010,2012,"zentrum",2012,0,0
"be","Klaus Wowereit","spd","Kabinett Wowereit IV",2011,2014,"bdv",2014,0,0
"be","Klaus Wowereit","spd","Kabinett Wowereit IV",2011,2014,"bhe",2014,0,0
"be","Klaus Wowereit","spd","Kabinett Wowereit IV",2011,2014,"bp",2014,0,0
"be","Klaus Wowereit","spd","Kabinett Wowereit IV",2011,2014,"bsw",2014,0,0
"be","Klaus Wowereit","spd","Kabinett Wowereit IV",2011,2014,"cdu",2014,1,0
"be","Klaus Wowereit","spd","Kabinett Wowereit IV",2011,2014,"cvp",2014,0,0
"be","Klaus Wowereit","spd","Kabinett Wowereit IV",2011,2014,"dp",2014,0,0
"be","Klaus Wowereit","spd","Kabinett Wowereit IV",2011,2014,"dps",2014,0,0
"be","Klaus Wowereit","spd","Kabinett Wowereit IV",2011,2014,"fdp",2014,0,0
"be","Klaus Wowereit","spd","Kabinett Wowereit IV",2011,2014,"fw",2014,0,0
"be","Klaus Wowereit","spd","Kabinett Wowereit IV",2011,2014,"gb/bhe",2014,0,0
"be","Klaus Wowereit","spd","Kabinett Wowereit IV",2011,2014,"gru",2014,0,0
"be","Klaus Wowereit","spd","Kabinett Wowereit IV",2011,2014,"kpd",2014,0,0
"be","Klaus Wowereit","spd","Kabinett Wowereit IV",2011,2014,"lin",2014,0,0
"be","Klaus Wowereit","spd","Kabinett Wowereit IV",2011,2014,"lpd",2014,0,0
"be","Klaus Wowereit","spd","Kabinett Wowereit IV",2011,2014,"nlp",2014,0,0
"be","Klaus Wowereit","spd","Kabinett Wowereit IV",2011,2014,"pro",2014,0,0
"be","Klaus Wowereit","spd","Kabinett Wowereit IV",2011,2014,"spd",2014,1,1
"be","Klaus Wowereit","spd","Kabinett Wowereit IV",2011,2014,"sps",2014,0,0
"be","Klaus Wowereit","spd","Kabinett Wowereit IV",2011,2014,"ssw",2014,0,0
"be","Klaus Wowereit","spd","Kabinett Wowereit IV",2011,2014,"statt",2014,0,0
"be","Klaus Wowereit","spd","Kabinett Wowereit IV",2011,2014,"wav",2014,0,0
"be","Klaus Wowereit","spd","Kabinett Wowereit IV",2011,2014,"zentrum",2014,0,0
"bw","Winfried Kretschmann","gru","Kabinett Kretschmann I",2011,2016,"bdv",2016,0,0
"bw","Winfried Kretschmann","gru","Kabinett Kretschmann I",2011,2016,"bhe",2016,0,0
"bw","Winfried Kretschmann","gru","Kabinett Kretschmann I",2011,2016,"bp",2016,0,0
"bw","Winfried Kretschmann","gru","Kabinett Kretschmann I",2011,2016,"bsw",2016,0,0
"bw","Winfried Kretschmann","gru","Kabinett Kretschmann I",2011,2016,"cdu",2016,0,0
"bw","Winfried Kretschmann","gru","Kabinett Kretschmann I",2011,2016,"cvp",2016,0,0
"bw","Winfried Kretschmann","gru","Kabinett Kretschmann I",2011,2016,"dp",2016,0,0
"bw","Winfried Kretschmann","gru","Kabinett Kretschmann I",2011,2016,"dps",2016,0,0
"bw","Winfried Kretschmann","gru","Kabinett Kretschmann I",2011,2016,"fdp",2016,0,0
"bw","Winfried Kretschmann","gru","Kabinett Kretschmann I",2011,2016,"fw",2016,0,0
"bw","Winfried Kretschmann","gru","Kabinett Kretschmann I",2011,2016,"gb/bhe",2016,0,0
"bw","Winfried Kretschmann","gru","Kabinett Kretschmann I",2011,2016,"gru",2016,1,1
"bw","Winfried Kretschmann","gru","Kabinett Kretschmann I",2011,2016,"kpd",2016,0,0
"bw","Winfried Kretschmann","gru","Kabinett Kretschmann I",2011,2016,"lin",2016,0,0
"bw","Winfried Kretschmann","gru","Kabinett Kretschmann I",2011,2016,"lpd",2016,0,0
"bw","Winfried Kretschmann","gru","Kabinett Kretschmann I",2011,2016,"nlp",2016,0,0
"bw","Winfried Kretschmann","gru","Kabinett Kretschmann I",2011,2016,"pro",2016,0,0
"bw","Winfried Kretschmann","gru","Kabinett Kretschmann I",2011,2016,"spd",2016,1,0
"bw","Winfried Kretschmann","gru","Kabinett Kretschmann I",2011,2016,"sps",2016,0,0
"bw","Winfried Kretschmann","gru","Kabinett Kretschmann I",2011,2016,"ssw",2016,0,0
"bw","Winfried Kretschmann","gru","Kabinett Kretschmann I",2011,2016,"statt",2016,0,0
"bw","Winfried Kretschmann","gru","Kabinett Kretschmann I",2011,2016,"wav",2016,0,0
"bw","Winfried Kretschmann","gru","Kabinett Kretschmann I",2011,2016,"zentrum",2016,0,0
"hb","Jens Böhrnsen","spd","Böhrnsen III",2011,2015,"bdv",2015,0,0
"hb","Jens Böhrnsen","spd","Böhrnsen III",2011,2015,"bhe",2015,0,0
"hb","Jens Böhrnsen","spd","Böhrnsen III",2011,2015,"bp",2015,0,0
"hb","Jens Böhrnsen","spd","Böhrnsen III",2011,2015,"bsw",2015,0,0
"hb","Jens Böhrnsen","spd","Böhrnsen III",2011,2015,"cdu",2015,0,0
"hb","Jens Böhrnsen","spd","Böhrnsen III",2011,2015,"cvp",2015,0,0
"hb","Jens Böhrnsen","spd","Böhrnsen III",2011,2015,"dp",2015,0,0
"hb","Jens Böhrnsen","spd","Böhrnsen III",2011,2015,"dps",2015,0,0
"hb","Jens Böhrnsen","spd","Böhrnsen III",2011,2015,"fdp",2015,0,0
"hb","Jens Böhrnsen","spd","Böhrnsen III",2011,2015,"fw",2015,0,0
"hb","Jens Böhrnsen","spd","Böhrnsen III",2011,2015,"gb/bhe",2015,0,0
"hb","Jens Böhrnsen","spd","Böhrnsen III",2011,2015,"gru",2015,1,0
"hb","Jens Böhrnsen","spd","Böhrnsen III",2011,2015,"kpd",2015,0,0
"hb","Jens Böhrnsen","spd","Böhrnsen III",2011,2015,"lin",2015,0,0
"hb","Jens Böhrnsen","spd","Böhrnsen III",2011,2015,"lpd",2015,0,0
"hb","Jens Böhrnsen","spd","Böhrnsen III",2011,2015,"nlp",2015,0,0
"hb","Jens Böhrnsen","spd","Böhrnsen III",2011,2015,"pro",2015,0,0
"hb","Jens Böhrnsen","spd","Böhrnsen III",2011,2015,"spd",2015,1,1
"hb","Jens Böhrnsen","spd","Böhrnsen III",2011,2015,"sps",2015,0,0
"hb","Jens Böhrnsen","spd","Böhrnsen III",2011,2015,"ssw",2015,0,0
"hb","Jens Böhrnsen","spd","Böhrnsen III",2011,2015,"statt",2015,0,0
"hb","Jens Böhrnsen","spd","Böhrnsen III",2011,2015,"wav",2015,0,0
"hb","Jens Böhrnsen","spd","Böhrnsen III",2011,2015,"zentrum",2015,0,0
"hh","Olaf Scholf","spd","Kabinett Scholz I",2011,2015,"bdv",2015,0,0
"hh","Olaf Scholf","spd","Kabinett Scholz I",2011,2015,"bhe",2015,0,0
"hh","Olaf Scholf","spd","Kabinett Scholz I",2011,2015,"bp",2015,0,0
"hh","Olaf Scholf","spd","Kabinett Scholz I",2011,2015,"bsw",2015,0,0
"hh","Olaf Scholf","spd","Kabinett Scholz I",2011,2015,"cdu",2015,0,0
"hh","Olaf Scholf","spd","Kabinett Scholz I",2011,2015,"cvp",2015,0,0
"hh","Olaf Scholf","spd","Kabinett Scholz I",2011,2015,"dp",2015,0,0
"hh","Olaf Scholf","spd","Kabinett Scholz I",2011,2015,"dps",2015,0,0
"hh","Olaf Scholf","spd","Kabinett Scholz I",2011,2015,"fdp",2015,0,0
"hh","Olaf Scholf","spd","Kabinett Scholz I",2011,2015,"fw",2015,0,0
"hh","Olaf Scholf","spd","Kabinett Scholz I",2011,2015,"gb/bhe",2015,0,0
"hh","Olaf Scholf","spd","Kabinett Scholz I",2011,2015,"gru",2015,0,0
"hh","Olaf Scholf","spd","Kabinett Scholz I",2011,2015,"kpd",2015,0,0
"hh","Olaf Scholf","spd","Kabinett Scholz I",2011,2015,"lin",2015,0,0
"hh","Olaf Scholf","spd","Kabinett Scholz I",2011,2015,"lpd",2015,0,0
"hh","Olaf Scholf","spd","Kabinett Scholz I",2011,2015,"nlp",2015,0,0
"hh","Olaf Scholf","spd","Kabinett Scholz I",2011,2015,"pro",2015,0,0
"hh","Olaf Scholf","spd","Kabinett Scholz I",2011,2015,"spd",2015,1,1
"hh","Olaf Scholf","spd","Kabinett Scholz I",2011,2015,"sps",2015,0,0
"hh","Olaf Scholf","spd","Kabinett Scholz I",2011,2015,"ssw",2015,0,0
"hh","Olaf Scholf","spd","Kabinett Scholz I",2011,2015,"statt",2015,0,0
"hh","Olaf Scholf","spd","Kabinett Scholz I",2011,2015,"wav",2015,0,0
"hh","Olaf Scholf","spd","Kabinett Scholz I",2011,2015,"zentrum",2015,0,0
"mv","Erwin Sellering ","spd","Kabinett Sellering II",2011,2016,"bdv",2016,0,0
"mv","Erwin Sellering ","spd","Kabinett Sellering II",2011,2016,"bhe",2016,0,0
"mv","Erwin Sellering ","spd","Kabinett Sellering II",2011,2016,"bp",2016,0,0
"mv","Erwin Sellering ","spd","Kabinett Sellering II",2011,2016,"bsw",2016,0,0
"mv","Erwin Sellering ","spd","Kabinett Sellering II",2011,2016,"cdu",2016,1,0
"mv","Erwin Sellering ","spd","Kabinett Sellering II",2011,2016,"cvp",2016,0,0
"mv","Erwin Sellering ","spd","Kabinett Sellering II",2011,2016,"dp",2016,0,0
"mv","Erwin Sellering ","spd","Kabinett Sellering II",2011,2016,"dps",2016,0,0
"mv","Erwin Sellering ","spd","Kabinett Sellering II",2011,2016,"fdp",2016,0,0
"mv","Erwin Sellering ","spd","Kabinett Sellering II",2011,2016,"fw",2016,0,0
"mv","Erwin Sellering ","spd","Kabinett Sellering II",2011,2016,"gb/bhe",2016,0,0
"mv","Erwin Sellering ","spd","Kabinett Sellering II",2011,2016,"gru",2016,0,0
"mv","Erwin Sellering ","spd","Kabinett Sellering II",2011,2016,"kpd",2016,0,0
"mv","Erwin Sellering ","spd","Kabinett Sellering II",2011,2016,"lin",2016,0,0
"mv","Erwin Sellering ","spd","Kabinett Sellering II",2011,2016,"lpd",2016,0,0
"mv","Erwin Sellering ","spd","Kabinett Sellering II",2011,2016,"nlp",2016,0,0
"mv","Erwin Sellering ","spd","Kabinett Sellering II",2011,2016,"pro",2016,0,0
"mv","Erwin Sellering ","spd","Kabinett Sellering II",2011,2016,"spd",2016,1,1
"mv","Erwin Sellering ","spd","Kabinett Sellering II",2011,2016,"sps",2016,0,0
"mv","Erwin Sellering ","spd","Kabinett Sellering II",2011,2016,"ssw",2016,0,0
"mv","Erwin Sellering ","spd","Kabinett Sellering II",2011,2016,"statt",2016,0,0
"mv","Erwin Sellering ","spd","Kabinett Sellering II",2011,2016,"wav",2016,0,0
"mv","Erwin Sellering ","spd","Kabinett Sellering II",2011,2016,"zentrum",2016,0,0
"rp","Kurt Beck","spd","Beck V",2011,2013,"bdv",2013,0,0
"rp","Kurt Beck","spd","Beck V",2011,2013,"bhe",2013,0,0
"rp","Kurt Beck","spd","Beck V",2011,2013,"bp",2013,0,0
"rp","Kurt Beck","spd","Beck V",2011,2013,"bsw",2013,0,0
"rp","Kurt Beck","spd","Beck V",2011,2013,"cdu",2013,0,0
"rp","Kurt Beck","spd","Beck V",2011,2013,"cvp",2013,0,0
"rp","Kurt Beck","spd","Beck V",2011,2013,"dp",2013,0,0
"rp","Kurt Beck","spd","Beck V",2011,2013,"dps",2013,0,0
"rp","Kurt Beck","spd","Beck V",2011,2013,"fdp",2013,0,0
"rp","Kurt Beck","spd","Beck V",2011,2013,"fw",2013,0,0
"rp","Kurt Beck","spd","Beck V",2011,2013,"gb/bhe",2013,0,0
"rp","Kurt Beck","spd","Beck V",2011,2013,"gru",2013,1,0
"rp","Kurt Beck","spd","Beck V",2011,2013,"kpd",2013,0,0
"rp","Kurt Beck","spd","Beck V",2011,2013,"lin",2013,0,0
"rp","Kurt Beck","spd","Beck V",2011,2013,"lpd",2013,0,0
"rp","Kurt Beck","spd","Beck V",2011,2013,"nlp",2013,0,0
"rp","Kurt Beck","spd","Beck V",2011,2013,"pro",2013,0,0
"rp","Kurt Beck","spd","Beck V",2011,2013,"spd",2013,1,1
"rp","Kurt Beck","spd","Beck V",2011,2013,"sps",2013,0,0
"rp","Kurt Beck","spd","Beck V",2011,2013,"ssw",2013,0,0
"rp","Kurt Beck","spd","Beck V",2011,2013,"statt",2013,0,0
"rp","Kurt Beck","spd","Beck V",2011,2013,"wav",2013,0,0
"rp","Kurt Beck","spd","Beck V",2011,2013,"zentrum",2013,0,0
"sl","Annegret Kramp-Karrenbauer","cdu","Kabinett Kramp-Karrenbauer I",2011,2012,"bdv",2012,0,0
"sl","Annegret Kramp-Karrenbauer","cdu","Kabinett Kramp-Karrenbauer I",2011,2012,"bhe",2012,0,0
"sl","Annegret Kramp-Karrenbauer","cdu","Kabinett Kramp-Karrenbauer I",2011,2012,"bp",2012,0,0
"sl","Annegret Kramp-Karrenbauer","cdu","Kabinett Kramp-Karrenbauer I",2011,2012,"bsw",2012,0,0
"sl","Annegret Kramp-Karrenbauer","cdu","Kabinett Kramp-Karrenbauer I",2011,2012,"cdu",2012,1,1
"sl","Annegret Kramp-Karrenbauer","cdu","Kabinett Kramp-Karrenbauer I",2011,2012,"cvp",2012,0,0
"sl","Annegret Kramp-Karrenbauer","cdu","Kabinett Kramp-Karrenbauer I",2011,2012,"dp",2012,0,0
"sl","Annegret Kramp-Karrenbauer","cdu","Kabinett Kramp-Karrenbauer I",2011,2012,"dps",2012,1,0
"sl","Annegret Kramp-Karrenbauer","cdu","Kabinett Kramp-Karrenbauer I",2011,2012,"fdp",2012,1,0
"sl","Annegret Kramp-Karrenbauer","cdu","Kabinett Kramp-Karrenbauer I",2011,2012,"fw",2012,0,0
"sl","Annegret Kramp-Karrenbauer","cdu","Kabinett Kramp-Karrenbauer I",2011,2012,"gb/bhe",2012,0,0
"sl","Annegret Kramp-Karrenbauer","cdu","Kabinett Kramp-Karrenbauer I",2011,2012,"gru",2012,1,0
"sl","Annegret Kramp-Karrenbauer","cdu","Kabinett Kramp-Karrenbauer I",2011,2012,"kpd",2012,0,0
"sl","Annegret Kramp-Karrenbauer","cdu","Kabinett Kramp-Karrenbauer I",2011,2012,"lin",2012,0,0
"sl","Annegret Kramp-Karrenbauer","cdu","Kabinett Kramp-Karrenbauer I",2011,2012,"lpd",2012,0,0
"sl","Annegret Kramp-Karrenbauer","cdu","Kabinett Kramp-Karrenbauer I",2011,2012,"nlp",2012,0,0
"sl","Annegret Kramp-Karrenbauer","cdu","Kabinett Kramp-Karrenbauer I",2011,2012,"pro",2012,0,0
"sl","Annegret Kramp-Karrenbauer","cdu","Kabinett Kramp-Karrenbauer I",2011,2012,"spd",2012,0,0
"sl","Annegret Kramp-Karrenbauer","cdu","Kabinett Kramp-Karrenbauer I",2011,2012,"sps",2012,0,0
"sl","Annegret Kramp-Karrenbauer","cdu","Kabinett Kramp-Karrenbauer I",2011,2012,"ssw",2012,0,0
"sl","Annegret Kramp-Karrenbauer","cdu","Kabinett Kramp-Karrenbauer I",2011,2012,"statt",2012,0,0
"sl","Annegret Kramp-Karrenbauer","cdu","Kabinett Kramp-Karrenbauer I",2011,2012,"wav",2012,0,0
"sl","Annegret Kramp-Karrenbauer","cdu","Kabinett Kramp-Karrenbauer I",2011,2012,"zentrum",2012,0,0
"st","Reiner Haseloff","cdu","Kabinett Haseloff I",2011,2016,"bdv",2016,0,0
"st","Reiner Haseloff","cdu","Kabinett Haseloff I",2011,2016,"bhe",2016,0,0
"st","Reiner Haseloff","cdu","Kabinett Haseloff I",2011,2016,"bp",2016,0,0
"st","Reiner Haseloff","cdu","Kabinett Haseloff I",2011,2016,"bsw",2016,0,0
"st","Reiner Haseloff","cdu","Kabinett Haseloff I",2011,2016,"cdu",2016,1,1
"st","Reiner Haseloff","cdu","Kabinett Haseloff I",2011,2016,"cvp",2016,0,0
"st","Reiner Haseloff","cdu","Kabinett Haseloff I",2011,2016,"dp",2016,0,0
"st","Reiner Haseloff","cdu","Kabinett Haseloff I",2011,2016,"dps",2016,0,0
"st","Reiner Haseloff","cdu","Kabinett Haseloff I",2011,2016,"fdp",2016,0,0
"st","Reiner Haseloff","cdu","Kabinett Haseloff I",2011,2016,"fw",2016,0,0
"st","Reiner Haseloff","cdu","Kabinett Haseloff I",2011,2016,"gb/bhe",2016,0,0
"st","Reiner Haseloff","cdu","Kabinett Haseloff I",2011,2016,"gru",2016,0,0
"st","Reiner Haseloff","cdu","Kabinett Haseloff I",2011,2016,"kpd",2016,0,0
"st","Reiner Haseloff","cdu","Kabinett Haseloff I",2011,2016,"lin",2016,0,0
"st","Reiner Haseloff","cdu","Kabinett Haseloff I",2011,2016,"lpd",2016,0,0
"st","Reiner Haseloff","cdu","Kabinett Haseloff I",2011,2016,"nlp",2016,0,0
"st","Reiner Haseloff","cdu","Kabinett Haseloff I",2011,2016,"pro",2016,0,0
"st","Reiner Haseloff","cdu","Kabinett Haseloff I",2011,2016,"spd",2016,1,0
"st","Reiner Haseloff","cdu","Kabinett Haseloff I",2011,2016,"sps",2016,0,0
"st","Reiner Haseloff","cdu","Kabinett Haseloff I",2011,2016,"ssw",2016,0,0
"st","Reiner Haseloff","cdu","Kabinett Haseloff I",2011,2016,"statt",2016,0,0
"st","Reiner Haseloff","cdu","Kabinett Haseloff I",2011,2016,"wav",2016,0,0
"st","Reiner Haseloff","cdu","Kabinett Haseloff I",2011,2016,"zentrum",2016,0,0
"nw","Hannelore Kraft","spd","Kabinett Kraft II",2012,2017,"bdv",2017,0,0
"nw","Hannelore Kraft","spd","Kabinett Kraft II",2012,2017,"bhe",2017,0,0
"nw","Hannelore Kraft","spd","Kabinett Kraft II",2012,2017,"bp",2017,0,0
"nw","Hannelore Kraft","spd","Kabinett Kraft II",2012,2017,"bsw",2017,0,0
"nw","Hannelore Kraft","spd","Kabinett Kraft II",2012,2017,"cdu",2017,0,0
"nw","Hannelore Kraft","spd","Kabinett Kraft II",2012,2017,"cvp",2017,0,0
"nw","Hannelore Kraft","spd","Kabinett Kraft II",2012,2017,"dp",2017,0,0
"nw","Hannelore Kraft","spd","Kabinett Kraft II",2012,2017,"dps",2017,0,0
"nw","Hannelore Kraft","spd","Kabinett Kraft II",2012,2017,"fdp",2017,0,0
"nw","Hannelore Kraft","spd","Kabinett Kraft II",2012,2017,"fw",2017,0,0
"nw","Hannelore Kraft","spd","Kabinett Kraft II",2012,2017,"gb/bhe",2017,0,0
"nw","Hannelore Kraft","spd","Kabinett Kraft II",2012,2017,"gru",2017,1,0
"nw","Hannelore Kraft","spd","Kabinett Kraft II",2012,2017,"kpd",2017,0,0
"nw","Hannelore Kraft","spd","Kabinett Kraft II",2012,2017,"lin",2017,0,0
"nw","Hannelore Kraft","spd","Kabinett Kraft II",2012,2017,"lpd",2017,0,0
"nw","Hannelore Kraft","spd","Kabinett Kraft II",2012,2017,"nlp",2017,0,0
"nw","Hannelore Kraft","spd","Kabinett Kraft II",2012,2017,"pro",2017,0,0
"nw","Hannelore Kraft","spd","Kabinett Kraft II",2012,2017,"spd",2017,1,1
"nw","Hannelore Kraft","spd","Kabinett Kraft II",2012,2017,"sps",2017,0,0
"nw","Hannelore Kraft","spd","Kabinett Kraft II",2012,2017,"ssw",2017,0,0
"nw","Hannelore Kraft","spd","Kabinett Kraft II",2012,2017,"statt",2017,0,0
"nw","Hannelore Kraft","spd","Kabinett Kraft II",2012,2017,"wav",2017,0,0
"nw","Hannelore Kraft","spd","Kabinett Kraft II",2012,2017,"zentrum",2017,0,0
"sh","Torsten Albig","spd","Kabinett Albig",2012,2017,"bdv",2017,0,0
"sh","Torsten Albig","spd","Kabinett Albig",2012,2017,"bhe",2017,0,0
"sh","Torsten Albig","spd","Kabinett Albig",2012,2017,"bp",2017,0,0
"sh","Torsten Albig","spd","Kabinett Albig",2012,2017,"bsw",2017,0,0
"sh","Torsten Albig","spd","Kabinett Albig",2012,2017,"cdu",2017,0,0
"sh","Torsten Albig","spd","Kabinett Albig",2012,2017,"cvp",2017,0,0
"sh","Torsten Albig","spd","Kabinett Albig",2012,2017,"dp",2017,0,0
"sh","Torsten Albig","spd","Kabinett Albig",2012,2017,"dps",2017,0,0
"sh","Torsten Albig","spd","Kabinett Albig",2012,2017,"fdp",2017,0,0
"sh","Torsten Albig","spd","Kabinett Albig",2012,2017,"fw",2017,0,0
"sh","Torsten Albig","spd","Kabinett Albig",2012,2017,"gb/bhe",2017,0,0
"sh","Torsten Albig","spd","Kabinett Albig",2012,2017,"gru",2017,3,0
"sh","Torsten Albig","spd","Kabinett Albig",2012,2017,"kpd",2017,0,0
"sh","Torsten Albig","spd","Kabinett Albig",2012,2017,"lin",2017,0,0
"sh","Torsten Albig","spd","Kabinett Albig",2012,2017,"lpd",2017,0,0
"sh","Torsten Albig","spd","Kabinett Albig",2012,2017,"nlp",2017,0,0
"sh","Torsten Albig","spd","Kabinett Albig",2012,2017,"pro",2017,0,0
"sh","Torsten Albig","spd","Kabinett Albig",2012,2017,"spd",2017,1,1
"sh","Torsten Albig","spd","Kabinett Albig",2012,2017,"sps",2017,0,0
"sh","Torsten Albig","spd","Kabinett Albig",2012,2017,"ssw",2017,1,0
"sh","Torsten Albig","spd","Kabinett Albig",2012,2017,"statt",2017,0,0
"sh","Torsten Albig","spd","Kabinett Albig",2012,2017,"wav",2017,0,0
"sh","Torsten Albig","spd","Kabinett Albig",2012,2017,"zentrum",2017,0,0
"sl","Annegret Kramp-Karrenbauer","cdu","Kabinett Kramp-Karrenbauer II",2012,2017,"bdv",2017,0,0
"sl","Annegret Kramp-Karrenbauer","cdu","Kabinett Kramp-Karrenbauer II",2012,2017,"bhe",2017,0,0
"sl","Annegret Kramp-Karrenbauer","cdu","Kabinett Kramp-Karrenbauer II",2012,2017,"bp",2017,0,0
"sl","Annegret Kramp-Karrenbauer","cdu","Kabinett Kramp-Karrenbauer II",2012,2017,"bsw",2017,0,0
"sl","Annegret Kramp-Karrenbauer","cdu","Kabinett Kramp-Karrenbauer II",2012,2017,"cdu",2017,1,1
"sl","Annegret Kramp-Karrenbauer","cdu","Kabinett Kramp-Karrenbauer II",2012,2017,"cvp",2017,0,0
"sl","Annegret Kramp-Karrenbauer","cdu","Kabinett Kramp-Karrenbauer II",2012,2017,"dp",2017,0,0
"sl","Annegret Kramp-Karrenbauer","cdu","Kabinett Kramp-Karrenbauer II",2012,2017,"dps",2017,0,0
"sl","Annegret Kramp-Karrenbauer","cdu","Kabinett Kramp-Karrenbauer II",2012,2017,"fdp",2017,0,0
"sl","Annegret Kramp-Karrenbauer","cdu","Kabinett Kramp-Karrenbauer II",2012,2017,"fw",2017,0,0
"sl","Annegret Kramp-Karrenbauer","cdu","Kabinett Kramp-Karrenbauer II",2012,2017,"gb/bhe",2017,0,0
"sl","Annegret Kramp-Karrenbauer","cdu","Kabinett Kramp-Karrenbauer II",2012,2017,"gru",2017,0,0
"sl","Annegret Kramp-Karrenbauer","cdu","Kabinett Kramp-Karrenbauer II",2012,2017,"kpd",2017,0,0
"sl","Annegret Kramp-Karrenbauer","cdu","Kabinett Kramp-Karrenbauer II",2012,2017,"lin",2017,0,0
"sl","Annegret Kramp-Karrenbauer","cdu","Kabinett Kramp-Karrenbauer II",2012,2017,"lpd",2017,0,0
"sl","Annegret Kramp-Karrenbauer","cdu","Kabinett Kramp-Karrenbauer II",2012,2017,"nlp",2017,0,0
"sl","Annegret Kramp-Karrenbauer","cdu","Kabinett Kramp-Karrenbauer II",2012,2017,"pro",2017,0,0
"sl","Annegret Kramp-Karrenbauer","cdu","Kabinett Kramp-Karrenbauer II",2012,2017,"spd",2017,1,0
"sl","Annegret Kramp-Karrenbauer","cdu","Kabinett Kramp-Karrenbauer II",2012,2017,"sps",2017,0,0
"sl","Annegret Kramp-Karrenbauer","cdu","Kabinett Kramp-Karrenbauer II",2012,2017,"ssw",2017,0,0
"sl","Annegret Kramp-Karrenbauer","cdu","Kabinett Kramp-Karrenbauer II",2012,2017,"statt",2017,0,0
"sl","Annegret Kramp-Karrenbauer","cdu","Kabinett Kramp-Karrenbauer II",2012,2017,"wav",2017,0,0
"sl","Annegret Kramp-Karrenbauer","cdu","Kabinett Kramp-Karrenbauer II",2012,2017,"zentrum",2017,0,0
"bb","Dietmar Woidke","spd","Kabinett Woidke I",2013,2014,"bdv",2014,0,0
"bb","Dietmar Woidke","spd","Kabinett Woidke I",2013,2014,"bhe",2014,0,0
"bb","Dietmar Woidke","spd","Kabinett Woidke I",2013,2014,"bp",2014,0,0
"bb","Dietmar Woidke","spd","Kabinett Woidke I",2013,2014,"bsw",2014,0,0
"bb","Dietmar Woidke","spd","Kabinett Woidke I",2013,2014,"cdu",2014,0,0
"bb","Dietmar Woidke","spd","Kabinett Woidke I",2013,2014,"cvp",2014,0,0
"bb","Dietmar Woidke","spd","Kabinett Woidke I",2013,2014,"dp",2014,0,0
"bb","Dietmar Woidke","spd","Kabinett Woidke I",2013,2014,"dps",2014,0,0
"bb","Dietmar Woidke","spd","Kabinett Woidke I",2013,2014,"fdp",2014,0,0
"bb","Dietmar Woidke","spd","Kabinett Woidke I",2013,2014,"fw",2014,0,0
"bb","Dietmar Woidke","spd","Kabinett Woidke I",2013,2014,"gb/bhe",2014,0,0
"bb","Dietmar Woidke","spd","Kabinett Woidke I",2013,2014,"gru",2014,0,0
"bb","Dietmar Woidke","spd","Kabinett Woidke I",2013,2014,"kpd",2014,0,0
"bb","Dietmar Woidke","spd","Kabinett Woidke I",2013,2014,"lin",2014,1,0
"bb","Dietmar Woidke","spd","Kabinett Woidke I",2013,2014,"lpd",2014,0,0
"bb","Dietmar Woidke","spd","Kabinett Woidke I",2013,2014,"nlp",2014,0,0
"bb","Dietmar Woidke","spd","Kabinett Woidke I",2013,2014,"pro",2014,0,0
"bb","Dietmar Woidke","spd","Kabinett Woidke I",2013,2014,"spd",2014,1,1
"bb","Dietmar Woidke","spd","Kabinett Woidke I",2013,2014,"sps",2014,0,0
"bb","Dietmar Woidke","spd","Kabinett Woidke I",2013,2014,"ssw",2014,0,0
"bb","Dietmar Woidke","spd","Kabinett Woidke I",2013,2014,"statt",2014,0,0
"bb","Dietmar Woidke","spd","Kabinett Woidke I",2013,2014,"wav",2014,0,0
"bb","Dietmar Woidke","spd","Kabinett Woidke I",2013,2014,"zentrum",2014,0,0
"ni","Stephan Weil","spd","Weil I",2013,2017,"bdv",2017,0,0
"ni","Stephan Weil","spd","Weil I",2013,2017,"bhe",2017,0,0
"ni","Stephan Weil","spd","Weil I",2013,2017,"bp",2017,0,0
"ni","Stephan Weil","spd","Weil I",2013,2017,"bsw",2017,0,0
"ni","Stephan Weil","spd","Weil I",2013,2017,"cdu",2017,0,0
"ni","Stephan Weil","spd","Weil I",2013,2017,"cvp",2017,0,0
"ni","Stephan Weil","spd","Weil I",2013,2017,"dp",2017,0,0
"ni","Stephan Weil","spd","Weil I",2013,2017,"dps",2017,0,0
"ni","Stephan Weil","spd","Weil I",2013,2017,"fdp",2017,0,0
"ni","Stephan Weil","spd","Weil I",2013,2017,"fw",2017,0,0
"ni","Stephan Weil","spd","Weil I",2013,2017,"gb/bhe",2017,0,0
"ni","Stephan Weil","spd","Weil I",2013,2017,"gru",2017,1,0
"ni","Stephan Weil","spd","Weil I",2013,2017,"kpd",2017,0,0
"ni","Stephan Weil","spd","Weil I",2013,2017,"lin",2017,0,0
"ni","Stephan Weil","spd","Weil I",2013,2017,"lpd",2017,0,0
"ni","Stephan Weil","spd","Weil I",2013,2017,"nlp",2017,0,0
"ni","Stephan Weil","spd","Weil I",2013,2017,"pro",2017,0,0
"ni","Stephan Weil","spd","Weil I",2013,2017,"spd",2017,1,1
"ni","Stephan Weil","spd","Weil I",2013,2017,"sps",2017,0,0
"ni","Stephan Weil","spd","Weil I",2013,2017,"ssw",2017,0,0
"ni","Stephan Weil","spd","Weil I",2013,2017,"statt",2017,0,0
"ni","Stephan Weil","spd","Weil I",2013,2017,"wav",2017,0,0
"ni","Stephan Weil","spd","Weil I",2013,2017,"zentrum",2017,0,0
"rp","Malu Dreyer","spd","Dreyer I",2013,2016,"bdv",2016,0,0
"rp","Malu Dreyer","spd","Dreyer I",2013,2016,"bhe",2016,0,0
"rp","Malu Dreyer","spd","Dreyer I",2013,2016,"bp",2016,0,0
"rp","Malu Dreyer","spd","Dreyer I",2013,2016,"bsw",2016,0,0
"rp","Malu Dreyer","spd","Dreyer I",2013,2016,"cdu",2016,0,0
"rp","Malu Dreyer","spd","Dreyer I",2013,2016,"cvp",2016,0,0
"rp","Malu Dreyer","spd","Dreyer I",2013,2016,"dp",2016,0,0
"rp","Malu Dreyer","spd","Dreyer I",2013,2016,"dps",2016,0,0
"rp","Malu Dreyer","spd","Dreyer I",2013,2016,"fdp",2016,0,0
"rp","Malu Dreyer","spd","Dreyer I",2013,2016,"fw",2016,0,0
"rp","Malu Dreyer","spd","Dreyer I",2013,2016,"gb/bhe",2016,0,0
"rp","Malu Dreyer","spd","Dreyer I",2013,2016,"gru",2016,1,0
"rp","Malu Dreyer","spd","Dreyer I",2013,2016,"kpd",2016,0,0
"rp","Malu Dreyer","spd","Dreyer I",2013,2016,"lin",2016,0,0
"rp","Malu Dreyer","spd","Dreyer I",2013,2016,"lpd",2016,0,0
"rp","Malu Dreyer","spd","Dreyer I",2013,2016,"nlp",2016,0,0
"rp","Malu Dreyer","spd","Dreyer I",2013,2016,"pro",2016,0,0
"rp","Malu Dreyer","spd","Dreyer I",2013,2016,"spd",2016,1,1
"rp","Malu Dreyer","spd","Dreyer I",2013,2016,"sps",2016,0,0
"rp","Malu Dreyer","spd","Dreyer I",2013,2016,"ssw",2016,0,0
"rp","Malu Dreyer","spd","Dreyer I",2013,2016,"statt",2016,0,0
"rp","Malu Dreyer","spd","Dreyer I",2013,2016,"wav",2016,0,0
"rp","Malu Dreyer","spd","Dreyer I",2013,2016,"zentrum",2016,0,0
"bb","Dietmar Woidke","spd","Kabinett Woidke II",2014,2019,"bdv",2019,0,0
"bb","Dietmar Woidke","spd","Kabinett Woidke II",2014,2019,"bhe",2019,0,0
"bb","Dietmar Woidke","spd","Kabinett Woidke II",2014,2019,"bp",2019,0,0
"bb","Dietmar Woidke","spd","Kabinett Woidke II",2014,2019,"bsw",2019,0,0
"bb","Dietmar Woidke","spd","Kabinett Woidke II",2014,2019,"cdu",2019,0,0
"bb","Dietmar Woidke","spd","Kabinett Woidke II",2014,2019,"cvp",2019,0,0
"bb","Dietmar Woidke","spd","Kabinett Woidke II",2014,2019,"dp",2019,0,0
"bb","Dietmar Woidke","spd","Kabinett Woidke II",2014,2019,"dps",2019,0,0
"bb","Dietmar Woidke","spd","Kabinett Woidke II",2014,2019,"fdp",2019,0,0
"bb","Dietmar Woidke","spd","Kabinett Woidke II",2014,2019,"fw",2019,0,0
"bb","Dietmar Woidke","spd","Kabinett Woidke II",2014,2019,"gb/bhe",2019,0,0
"bb","Dietmar Woidke","spd","Kabinett Woidke II",2014,2019,"gru",2019,0,0
"bb","Dietmar Woidke","spd","Kabinett Woidke II",2014,2019,"kpd",2019,0,0
"bb","Dietmar Woidke","spd","Kabinett Woidke II",2014,2019,"lin",2019,1,0
"bb","Dietmar Woidke","spd","Kabinett Woidke II",2014,2019,"lpd",2019,0,0
"bb","Dietmar Woidke","spd","Kabinett Woidke II",2014,2019,"nlp",2019,0,0
"bb","Dietmar Woidke","spd","Kabinett Woidke II",2014,2019,"pro",2019,0,0
"bb","Dietmar Woidke","spd","Kabinett Woidke II",2014,2019,"spd",2019,1,1
"bb","Dietmar Woidke","spd","Kabinett Woidke II",2014,2019,"sps",2019,0,0
"bb","Dietmar Woidke","spd","Kabinett Woidke II",2014,2019,"ssw",2019,0,0
"bb","Dietmar Woidke","spd","Kabinett Woidke II",2014,2019,"statt",2019,0,0
"bb","Dietmar Woidke","spd","Kabinett Woidke II",2014,2019,"wav",2019,0,0
"bb","Dietmar Woidke","spd","Kabinett Woidke II",2014,2019,"zentrum",2019,0,0
"be","Michael Müller","spd","Kabinett Müller I",2014,2016,"bdv",2016,0,0
"be","Michael Müller","spd","Kabinett Müller I",2014,2016,"bhe",2016,0,0
"be","Michael Müller","spd","Kabinett Müller I",2014,2016,"bp",2016,0,0
"be","Michael Müller","spd","Kabinett Müller I",2014,2016,"bsw",2016,0,0
"be","Michael Müller","spd","Kabinett Müller I",2014,2016,"cdu",2016,1,0
"be","Michael Müller","spd","Kabinett Müller I",2014,2016,"cvp",2016,0,0
"be","Michael Müller","spd","Kabinett Müller I",2014,2016,"dp",2016,0,0
"be","Michael Müller","spd","Kabinett Müller I",2014,2016,"dps",2016,0,0
"be","Michael Müller","spd","Kabinett Müller I",2014,2016,"fdp",2016,0,0
"be","Michael Müller","spd","Kabinett Müller I",2014,2016,"fw",2016,0,0
"be","Michael Müller","spd","Kabinett Müller I",2014,2016,"gb/bhe",2016,0,0
"be","Michael Müller","spd","Kabinett Müller I",2014,2016,"gru",2016,0,0
"be","Michael Müller","spd","Kabinett Müller I",2014,2016,"kpd",2016,0,0
"be","Michael Müller","spd","Kabinett Müller I",2014,2016,"lin",2016,0,0
"be","Michael Müller","spd","Kabinett Müller I",2014,2016,"lpd",2016,0,0
"be","Michael Müller","spd","Kabinett Müller I",2014,2016,"nlp",2016,0,0
"be","Michael Müller","spd","Kabinett Müller I",2014,2016,"pro",2016,0,0
"be","Michael Müller","spd","Kabinett Müller I",2014,2016,"spd",2016,1,1
"be","Michael Müller","spd","Kabinett Müller I",2014,2016,"sps",2016,0,0
"be","Michael Müller","spd","Kabinett Müller I",2014,2016,"ssw",2016,0,0
"be","Michael Müller","spd","Kabinett Müller I",2014,2016,"statt",2016,0,0
"be","Michael Müller","spd","Kabinett Müller I",2014,2016,"wav",2016,0,0
"be","Michael Müller","spd","Kabinett Müller I",2014,2016,"zentrum",2016,0,0
"he","Volker Bouffier","cdu","Kabinett Bouffier I",2014,2022,"bdv",2022,0,0
"he","Volker Bouffier","cdu","Kabinett Bouffier I",2014,2022,"bhe",2022,0,0
"he","Volker Bouffier","cdu","Kabinett Bouffier I",2014,2022,"bp",2022,0,0
"he","Volker Bouffier","cdu","Kabinett Bouffier I",2014,2022,"bsw",2022,0,0
"he","Volker Bouffier","cdu","Kabinett Bouffier I",2014,2022,"cdu",2022,1,1
"he","Volker Bouffier","cdu","Kabinett Bouffier I",2014,2022,"cvp",2022,0,0
"he","Volker Bouffier","cdu","Kabinett Bouffier I",2014,2022,"dp",2022,0,0
"he","Volker Bouffier","cdu","Kabinett Bouffier I",2014,2022,"dps",2022,0,0
"he","Volker Bouffier","cdu","Kabinett Bouffier I",2014,2022,"fdp",2022,1,0
"he","Volker Bouffier","cdu","Kabinett Bouffier I",2014,2022,"fw",2022,0,0
"he","Volker Bouffier","cdu","Kabinett Bouffier I",2014,2022,"gb/bhe",2022,0,0
"he","Volker Bouffier","cdu","Kabinett Bouffier I",2014,2022,"gru",2022,0,0
"he","Volker Bouffier","cdu","Kabinett Bouffier I",2014,2022,"kpd",2022,0,0
"he","Volker Bouffier","cdu","Kabinett Bouffier I",2014,2022,"lin",2022,0,0
"he","Volker Bouffier","cdu","Kabinett Bouffier I",2014,2022,"lpd",2022,0,0
"he","Volker Bouffier","cdu","Kabinett Bouffier I",2014,2022,"nlp",2022,0,0
"he","Volker Bouffier","cdu","Kabinett Bouffier I",2014,2022,"pro",2022,0,0
"he","Volker Bouffier","cdu","Kabinett Bouffier I",2014,2022,"spd",2022,0,0
"he","Volker Bouffier","cdu","Kabinett Bouffier I",2014,2022,"sps",2022,0,0
"he","Volker Bouffier","cdu","Kabinett Bouffier I",2014,2022,"ssw",2022,0,0
"he","Volker Bouffier","cdu","Kabinett Bouffier I",2014,2022,"statt",2022,0,0
"he","Volker Bouffier","cdu","Kabinett Bouffier I",2014,2022,"wav",2022,0,0
"he","Volker Bouffier","cdu","Kabinett Bouffier I",2014,2022,"zentrum",2022,0,0
"he","Volker Bouffier","cdu","Kabinett Bouffier II",2014,2019,"bdv",2018,0,0
"he","Volker Bouffier","cdu","Kabinett Bouffier II",2014,2019,"bhe",2018,0,0
"he","Volker Bouffier","cdu","Kabinett Bouffier II",2014,2019,"bp",2018,0,0
"he","Volker Bouffier","cdu","Kabinett Bouffier II",2014,2019,"bsw",2018,0,0
"he","Volker Bouffier","cdu","Kabinett Bouffier II",2014,2019,"cdu",2018,1,1
"he","Volker Bouffier","cdu","Kabinett Bouffier II",2014,2019,"cvp",2018,0,0
"he","Volker Bouffier","cdu","Kabinett Bouffier II",2014,2019,"dp",2018,0,0
"he","Volker Bouffier","cdu","Kabinett Bouffier II",2014,2019,"dps",2018,0,0
"he","Volker Bouffier","cdu","Kabinett Bouffier II",2014,2019,"fdp",2018,0,0
"he","Volker Bouffier","cdu","Kabinett Bouffier II",2014,2019,"fw",2018,0,0
"he","Volker Bouffier","cdu","Kabinett Bouffier II",2014,2019,"gb/bhe",2018,0,0
"he","Volker Bouffier","cdu","Kabinett Bouffier II",2014,2019,"gru",2018,1,0
"he","Volker Bouffier","cdu","Kabinett Bouffier II",2014,2019,"kpd",2018,0,0
"he","Volker Bouffier","cdu","Kabinett Bouffier II",2014,2019,"lin",2018,0,0
"he","Volker Bouffier","cdu","Kabinett Bouffier II",2014,2019,"lpd",2018,0,0
"he","Volker Bouffier","cdu","Kabinett Bouffier II",2014,2019,"nlp",2018,0,0
"he","Volker Bouffier","cdu","Kabinett Bouffier II",2014,2019,"pro",2018,0,0
"he","Volker Bouffier","cdu","Kabinett Bouffier II",2014,2019,"spd",2018,0,0
"he","Volker Bouffier","cdu","Kabinett Bouffier II",2014,2019,"sps",2018,0,0
"he","Volker Bouffier","cdu","Kabinett Bouffier II",2014,2019,"ssw",2018,0,0
"he","Volker Bouffier","cdu","Kabinett Bouffier II",2014,2019,"statt",2018,0,0
"he","Volker Bouffier","cdu","Kabinett Bouffier II",2014,2019,"wav",2018,0,0
"he","Volker Bouffier","cdu","Kabinett Bouffier II",2014,2019,"zentrum",2018,0,0
"sn","Stanislaw Tillich","cdu","Kabinett Tillich III",2014,2017,"bdv",2017,0,0
"sn","Stanislaw Tillich","cdu","Kabinett Tillich III",2014,2017,"bhe",2017,0,0
"sn","Stanislaw Tillich","cdu","Kabinett Tillich III",2014,2017,"bp",2017,0,0
"sn","Stanislaw Tillich","cdu","Kabinett Tillich III",2014,2017,"bsw",2017,0,0
"sn","Stanislaw Tillich","cdu","Kabinett Tillich III",2014,2017,"cdu",2017,1,1
"sn","Stanislaw Tillich","cdu","Kabinett Tillich III",2014,2017,"cvp",2017,0,0
"sn","Stanislaw Tillich","cdu","Kabinett Tillich III",2014,2017,"dp",2017,0,0
"sn","Stanislaw Tillich","cdu","Kabinett Tillich III",2014,2017,"dps",2017,0,0
"sn","Stanislaw Tillich","cdu","Kabinett Tillich III",2014,2017,"fdp",2017,0,0
"sn","Stanislaw Tillich","cdu","Kabinett Tillich III",2014,2017,"fw",2017,0,0
"sn","Stanislaw Tillich","cdu","Kabinett Tillich III",2014,2017,"gb/bhe",2017,0,0
"sn","Stanislaw Tillich","cdu","Kabinett Tillich III",2014,2017,"gru",2017,0,0
"sn","Stanislaw Tillich","cdu","Kabinett Tillich III",2014,2017,"kpd",2017,0,0
"sn","Stanislaw Tillich","cdu","Kabinett Tillich III",2014,2017,"lin",2017,0,0
"sn","Stanislaw Tillich","cdu","Kabinett Tillich III",2014,2017,"lpd",2017,0,0
"sn","Stanislaw Tillich","cdu","Kabinett Tillich III",2014,2017,"nlp",2017,0,0
"sn","Stanislaw Tillich","cdu","Kabinett Tillich III",2014,2017,"pro",2017,0,0
"sn","Stanislaw Tillich","cdu","Kabinett Tillich III",2014,2017,"spd",2017,1,0
"sn","Stanislaw Tillich","cdu","Kabinett Tillich III",2014,2017,"sps",2017,0,0
"sn","Stanislaw Tillich","cdu","Kabinett Tillich III",2014,2017,"ssw",2017,0,0
"sn","Stanislaw Tillich","cdu","Kabinett Tillich III",2014,2017,"statt",2017,0,0
"sn","Stanislaw Tillich","cdu","Kabinett Tillich III",2014,2017,"wav",2017,0,0
"sn","Stanislaw Tillich","cdu","Kabinett Tillich III",2014,2017,"zentrum",2017,0,0
"th","Bodo Ramelow","lin","Kabinett Ramelow I",2014,2020,"bdv",2019,0,0
"th","Bodo Ramelow","lin","Kabinett Ramelow I",2014,2020,"bhe",2019,0,0
"th","Bodo Ramelow","lin","Kabinett Ramelow I",2014,2020,"bp",2019,0,0
"th","Bodo Ramelow","lin","Kabinett Ramelow I",2014,2020,"bsw",2019,0,0
"th","Bodo Ramelow","lin","Kabinett Ramelow I",2014,2020,"cdu",2019,0,0
"th","Bodo Ramelow","lin","Kabinett Ramelow I",2014,2020,"cvp",2019,0,0
"th","Bodo Ramelow","lin","Kabinett Ramelow I",2014,2020,"dp",2019,0,0
"th","Bodo Ramelow","lin","Kabinett Ramelow I",2014,2020,"dps",2019,0,0
"th","Bodo Ramelow","lin","Kabinett Ramelow I",2014,2020,"fdp",2019,0,0
"th","Bodo Ramelow","lin","Kabinett Ramelow I",2014,2020,"fw",2019,0,0
"th","Bodo Ramelow","lin","Kabinett Ramelow I",2014,2020,"gb/bhe",2019,0,0
"th","Bodo Ramelow","lin","Kabinett Ramelow I",2014,2020,"gru",2019,1,0
"th","Bodo Ramelow","lin","Kabinett Ramelow I",2014,2020,"kpd",2019,0,0
"th","Bodo Ramelow","lin","Kabinett Ramelow I",2014,2020,"lin",2019,1,1
"th","Bodo Ramelow","lin","Kabinett Ramelow I",2014,2020,"lpd",2019,0,0
"th","Bodo Ramelow","lin","Kabinett Ramelow I",2014,2020,"nlp",2019,0,0
"th","Bodo Ramelow","lin","Kabinett Ramelow I",2014,2020,"pro",2019,0,0
"th","Bodo Ramelow","lin","Kabinett Ramelow I",2014,2020,"spd",2019,1,0
"th","Bodo Ramelow","lin","Kabinett Ramelow I",2014,2020,"sps",2019,0,0
"th","Bodo Ramelow","lin","Kabinett Ramelow I",2014,2020,"ssw",2019,0,0
"th","Bodo Ramelow","lin","Kabinett Ramelow I",2014,2020,"statt",2019,0,0
"th","Bodo Ramelow","lin","Kabinett Ramelow I",2014,2020,"wav",2019,0,0
"th","Bodo Ramelow","lin","Kabinett Ramelow I",2014,2020,"zentrum",2019,0,0
"hb","Carsten Sieling","spd","Sieling",2015,2019,"bdv",2019,0,0
"hb","Carsten Sieling","spd","Sieling",2015,2019,"bhe",2019,0,0
"hb","Carsten Sieling","spd","Sieling",2015,2019,"bp",2019,0,0
"hb","Carsten Sieling","spd","Sieling",2015,2019,"bsw",2019,0,0
"hb","Carsten Sieling","spd","Sieling",2015,2019,"cdu",2019,0,0
"hb","Carsten Sieling","spd","Sieling",2015,2019,"cvp",2019,0,0
"hb","Carsten Sieling","spd","Sieling",2015,2019,"dp",2019,0,0
"hb","Carsten Sieling","spd","Sieling",2015,2019,"dps",2019,0,0
"hb","Carsten Sieling","spd","Sieling",2015,2019,"fdp",2019,0,0
"hb","Carsten Sieling","spd","Sieling",2015,2019,"fw",2019,0,0
"hb","Carsten Sieling","spd","Sieling",2015,2019,"gb/bhe",2019,0,0
"hb","Carsten Sieling","spd","Sieling",2015,2019,"gru",2019,1,0
"hb","Carsten Sieling","spd","Sieling",2015,2019,"kpd",2019,0,0
"hb","Carsten Sieling","spd","Sieling",2015,2019,"lin",2019,0,0
"hb","Carsten Sieling","spd","Sieling",2015,2019,"lpd",2019,0,0
"hb","Carsten Sieling","spd","Sieling",2015,2019,"nlp",2019,0,0
"hb","Carsten Sieling","spd","Sieling",2015,2019,"pro",2019,0,0
"hb","Carsten Sieling","spd","Sieling",2015,2019,"spd",2019,1,1
"hb","Carsten Sieling","spd","Sieling",2015,2019,"sps",2019,0,0
"hb","Carsten Sieling","spd","Sieling",2015,2019,"ssw",2019,0,0
"hb","Carsten Sieling","spd","Sieling",2015,2019,"statt",2019,0,0
"hb","Carsten Sieling","spd","Sieling",2015,2019,"wav",2019,0,0
"hb","Carsten Sieling","spd","Sieling",2015,2019,"zentrum",2019,0,0
"hh","Olaf Scholf","spd","Kabinett Scholz II",2015,2018,"bdv",2018,0,0
"hh","Olaf Scholf","spd","Kabinett Scholz II",2015,2018,"bhe",2018,0,0
"hh","Olaf Scholf","spd","Kabinett Scholz II",2015,2018,"bp",2018,0,0
"hh","Olaf Scholf","spd","Kabinett Scholz II",2015,2018,"bsw",2018,0,0
"hh","Olaf Scholf","spd","Kabinett Scholz II",2015,2018,"cdu",2018,0,0
"hh","Olaf Scholf","spd","Kabinett Scholz II",2015,2018,"cvp",2018,0,0
"hh","Olaf Scholf","spd","Kabinett Scholz II",2015,2018,"dp",2018,0,0
"hh","Olaf Scholf","spd","Kabinett Scholz II",2015,2018,"dps",2018,0,0
"hh","Olaf Scholf","spd","Kabinett Scholz II",2015,2018,"fdp",2018,0,0
"hh","Olaf Scholf","spd","Kabinett Scholz II",2015,2018,"fw",2018,0,0
"hh","Olaf Scholf","spd","Kabinett Scholz II",2015,2018,"gb/bhe",2018,0,0
"hh","Olaf Scholf","spd","Kabinett Scholz II",2015,2018,"gru",2018,1,0
"hh","Olaf Scholf","spd","Kabinett Scholz II",2015,2018,"kpd",2018,0,0
"hh","Olaf Scholf","spd","Kabinett Scholz II",2015,2018,"lin",2018,0,0
"hh","Olaf Scholf","spd","Kabinett Scholz II",2015,2018,"lpd",2018,0,0
"hh","Olaf Scholf","spd","Kabinett Scholz II",2015,2018,"nlp",2018,0,0
"hh","Olaf Scholf","spd","Kabinett Scholz II",2015,2018,"pro",2018,0,0
"hh","Olaf Scholf","spd","Kabinett Scholz II",2015,2018,"spd",2018,1,1
"hh","Olaf Scholf","spd","Kabinett Scholz II",2015,2018,"sps",2018,0,0
"hh","Olaf Scholf","spd","Kabinett Scholz II",2015,2018,"ssw",2018,0,0
"hh","Olaf Scholf","spd","Kabinett Scholz II",2015,2018,"statt",2018,0,0
"hh","Olaf Scholf","spd","Kabinett Scholz II",2015,2018,"wav",2018,0,0
"hh","Olaf Scholf","spd","Kabinett Scholz II",2015,2018,"zentrum",2018,0,0
"be","Michael Müller","spd","Kabinett Müller II",2016,2021,"bdv",2021,0,0
"be","Michael Müller","spd","Kabinett Müller II",2016,2021,"bhe",2021,0,0
"be","Michael Müller","spd","Kabinett Müller II",2016,2021,"bp",2021,0,0
"be","Michael Müller","spd","Kabinett Müller II",2016,2021,"bsw",2021,0,0
"be","Michael Müller","spd","Kabinett Müller II",2016,2021,"cdu",2021,0,0
"be","Michael Müller","spd","Kabinett Müller II",2016,2021,"cvp",2021,0,0
"be","Michael Müller","spd","Kabinett Müller II",2016,2021,"dp",2021,0,0
"be","Michael Müller","spd","Kabinett Müller II",2016,2021,"dps",2021,0,0
"be","Michael Müller","spd","Kabinett Müller II",2016,2021,"fdp",2021,0,0
"be","Michael Müller","spd","Kabinett Müller II",2016,2021,"fw",2021,0,0
"be","Michael Müller","spd","Kabinett Müller II",2016,2021,"gb/bhe",2021,0,0
"be","Michael Müller","spd","Kabinett Müller II",2016,2021,"gru",2021,1,0
"be","Michael Müller","spd","Kabinett Müller II",2016,2021,"kpd",2021,0,0
"be","Michael Müller","spd","Kabinett Müller II",2016,2021,"lin",2021,1,0
"be","Michael Müller","spd","Kabinett Müller II",2016,2021,"lpd",2021,0,0
"be","Michael Müller","spd","Kabinett Müller II",2016,2021,"nlp",2021,0,0
"be","Michael Müller","spd","Kabinett Müller II",2016,2021,"pro",2021,0,0
"be","Michael Müller","spd","Kabinett Müller II",2016,2021,"spd",2021,1,1
"be","Michael Müller","spd","Kabinett Müller II",2016,2021,"sps",2021,0,0
"be","Michael Müller","spd","Kabinett Müller II",2016,2021,"ssw",2021,0,0
"be","Michael Müller","spd","Kabinett Müller II",2016,2021,"statt",2021,0,0
"be","Michael Müller","spd","Kabinett Müller II",2016,2021,"wav",2021,0,0
"be","Michael Müller","spd","Kabinett Müller II",2016,2021,"zentrum",2021,0,0
"bw","Winfried Kretschmann","gru","Kabinett Kretschmann II",2016,2021,"bdv",2021,0,0
"bw","Winfried Kretschmann","gru","Kabinett Kretschmann II",2016,2021,"bhe",2021,0,0
"bw","Winfried Kretschmann","gru","Kabinett Kretschmann II",2016,2021,"bp",2021,0,0
"bw","Winfried Kretschmann","gru","Kabinett Kretschmann II",2016,2021,"bsw",2021,0,0
"bw","Winfried Kretschmann","gru","Kabinett Kretschmann II",2016,2021,"cdu",2021,1,0
"bw","Winfried Kretschmann","gru","Kabinett Kretschmann II",2016,2021,"cvp",2021,0,0
"bw","Winfried Kretschmann","gru","Kabinett Kretschmann II",2016,2021,"dp",2021,0,0
"bw","Winfried Kretschmann","gru","Kabinett Kretschmann II",2016,2021,"dps",2021,0,0
"bw","Winfried Kretschmann","gru","Kabinett Kretschmann II",2016,2021,"fdp",2021,0,0
"bw","Winfried Kretschmann","gru","Kabinett Kretschmann II",2016,2021,"fw",2021,0,0
"bw","Winfried Kretschmann","gru","Kabinett Kretschmann II",2016,2021,"gb/bhe",2021,0,0
"bw","Winfried Kretschmann","gru","Kabinett Kretschmann II",2016,2021,"gru",2021,1,1
"bw","Winfried Kretschmann","gru","Kabinett Kretschmann II",2016,2021,"kpd",2021,0,0
"bw","Winfried Kretschmann","gru","Kabinett Kretschmann II",2016,2021,"lin",2021,0,0
"bw","Winfried Kretschmann","gru","Kabinett Kretschmann II",2016,2021,"lpd",2021,0,0
"bw","Winfried Kretschmann","gru","Kabinett Kretschmann II",2016,2021,"nlp",2021,0,0
"bw","Winfried Kretschmann","gru","Kabinett Kretschmann II",2016,2021,"pro",2021,0,0
"bw","Winfried Kretschmann","gru","Kabinett Kretschmann II",2016,2021,"spd",2021,0,0
"bw","Winfried Kretschmann","gru","Kabinett Kretschmann II",2016,2021,"sps",2021,0,0
"bw","Winfried Kretschmann","gru","Kabinett Kretschmann II",2016,2021,"ssw",2021,0,0
"bw","Winfried Kretschmann","gru","Kabinett Kretschmann II",2016,2021,"statt",2021,0,0
"bw","Winfried Kretschmann","gru","Kabinett Kretschmann II",2016,2021,"wav",2021,0,0
"bw","Winfried Kretschmann","gru","Kabinett Kretschmann II",2016,2021,"zentrum",2021,0,0
"mv","Erwin Sellering ","spd","Kabinett Sellering III",2016,2017,"bdv",2017,0,0
"mv","Erwin Sellering ","spd","Kabinett Sellering III",2016,2017,"bhe",2017,0,0
"mv","Erwin Sellering ","spd","Kabinett Sellering III",2016,2017,"bp",2017,0,0
"mv","Erwin Sellering ","spd","Kabinett Sellering III",2016,2017,"bsw",2017,0,0
"mv","Erwin Sellering ","spd","Kabinett Sellering III",2016,2017,"cdu",2017,1,0
"mv","Erwin Sellering ","spd","Kabinett Sellering III",2016,2017,"cvp",2017,0,0
"mv","Erwin Sellering ","spd","Kabinett Sellering III",2016,2017,"dp",2017,0,0
"mv","Erwin Sellering ","spd","Kabinett Sellering III",2016,2017,"dps",2017,0,0
"mv","Erwin Sellering ","spd","Kabinett Sellering III",2016,2017,"fdp",2017,0,0
"mv","Erwin Sellering ","spd","Kabinett Sellering III",2016,2017,"fw",2017,0,0
"mv","Erwin Sellering ","spd","Kabinett Sellering III",2016,2017,"gb/bhe",2017,0,0
"mv","Erwin Sellering ","spd","Kabinett Sellering III",2016,2017,"gru",2017,0,0
"mv","Erwin Sellering ","spd","Kabinett Sellering III",2016,2017,"kpd",2017,0,0
"mv","Erwin Sellering ","spd","Kabinett Sellering III",2016,2017,"lin",2017,0,0
"mv","Erwin Sellering ","spd","Kabinett Sellering III",2016,2017,"lpd",2017,0,0
"mv","Erwin Sellering ","spd","Kabinett Sellering III",2016,2017,"nlp",2017,0,0
"mv","Erwin Sellering ","spd","Kabinett Sellering III",2016,2017,"pro",2017,0,0
"mv","Erwin Sellering ","spd","Kabinett Sellering III",2016,2017,"spd",2017,1,1
"mv","Erwin Sellering ","spd","Kabinett Sellering III",2016,2017,"sps",2017,0,0
"mv","Erwin Sellering ","spd","Kabinett Sellering III",2016,2017,"ssw",2017,0,0
"mv","Erwin Sellering ","spd","Kabinett Sellering III",2016,2017,"statt",2017,0,0
"mv","Erwin Sellering ","spd","Kabinett Sellering III",2016,2017,"wav",2017,0,0
"mv","Erwin Sellering ","spd","Kabinett Sellering III",2016,2017,"zentrum",2017,0,0
"rp","Malu Dreyer","spd","Dreyer II",2016,2021,"bdv",2021,0,0
"rp","Malu Dreyer","spd","Dreyer II",2016,2021,"bhe",2021,0,0
"rp","Malu Dreyer","spd","Dreyer II",2016,2021,"bp",2021,0,0
"rp","Malu Dreyer","spd","Dreyer II",2016,2021,"bsw",2021,0,0
"rp","Malu Dreyer","spd","Dreyer II",2016,2021,"cdu",2021,0,0
"rp","Malu Dreyer","spd","Dreyer II",2016,2021,"cvp",2021,0,0
"rp","Malu Dreyer","spd","Dreyer II",2016,2021,"dp",2021,0,0
"rp","Malu Dreyer","spd","Dreyer II",2016,2021,"dps",2021,0,0
"rp","Malu Dreyer","spd","Dreyer II",2016,2021,"fdp",2021,1,0
"rp","Malu Dreyer","spd","Dreyer II",2016,2021,"fw",2021,0,0
"rp","Malu Dreyer","spd","Dreyer II",2016,2021,"gb/bhe",2021,0,0
"rp","Malu Dreyer","spd","Dreyer II",2016,2021,"gru",2021,1,0
"rp","Malu Dreyer","spd","Dreyer II",2016,2021,"kpd",2021,0,0
"rp","Malu Dreyer","spd","Dreyer II",2016,2021,"lin",2021,0,0
"rp","Malu Dreyer","spd","Dreyer II",2016,2021,"lpd",2021,0,0
"rp","Malu Dreyer","spd","Dreyer II",2016,2021,"nlp",2021,0,0
"rp","Malu Dreyer","spd","Dreyer II",2016,2021,"pro",2021,0,0
"rp","Malu Dreyer","spd","Dreyer II",2016,2021,"spd",2021,1,1
"rp","Malu Dreyer","spd","Dreyer II",2016,2021,"sps",2021,0,0
"rp","Malu Dreyer","spd","Dreyer II",2016,2021,"ssw",2021,0,0
"rp","Malu Dreyer","spd","Dreyer II",2016,2021,"statt",2021,0,0
"rp","Malu Dreyer","spd","Dreyer II",2016,2021,"wav",2021,0,0
"rp","Malu Dreyer","spd","Dreyer II",2016,2021,"zentrum",2021,0,0
"st","Reiner Haseloff","cdu","Kabinett Haseloff II",2016,2021,"bdv",2021,0,0
"st","Reiner Haseloff","cdu","Kabinett Haseloff II",2016,2021,"bhe",2021,0,0
"st","Reiner Haseloff","cdu","Kabinett Haseloff II",2016,2021,"bp",2021,0,0
"st","Reiner Haseloff","cdu","Kabinett Haseloff II",2016,2021,"bsw",2021,0,0
"st","Reiner Haseloff","cdu","Kabinett Haseloff II",2016,2021,"cdu",2021,1,1
"st","Reiner Haseloff","cdu","Kabinett Haseloff II",2016,2021,"cvp",2021,0,0
"st","Reiner Haseloff","cdu","Kabinett Haseloff II",2016,2021,"dp",2021,0,0
"st","Reiner Haseloff","cdu","Kabinett Haseloff II",2016,2021,"dps",2021,0,0
"st","Reiner Haseloff","cdu","Kabinett Haseloff II",2016,2021,"fdp",2021,0,0
"st","Reiner Haseloff","cdu","Kabinett Haseloff II",2016,2021,"fw",2021,0,0
"st","Reiner Haseloff","cdu","Kabinett Haseloff II",2016,2021,"gb/bhe",2021,0,0
"st","Reiner Haseloff","cdu","Kabinett Haseloff II",2016,2021,"gru",2021,0,0
"st","Reiner Haseloff","cdu","Kabinett Haseloff II",2016,2021,"kpd",2021,0,0
"st","Reiner Haseloff","cdu","Kabinett Haseloff II",2016,2021,"lin",2021,0,0
"st","Reiner Haseloff","cdu","Kabinett Haseloff II",2016,2021,"lpd",2021,0,0
"st","Reiner Haseloff","cdu","Kabinett Haseloff II",2016,2021,"nlp",2021,0,0
"st","Reiner Haseloff","cdu","Kabinett Haseloff II",2016,2021,"pro",2021,0,0
"st","Reiner Haseloff","cdu","Kabinett Haseloff II",2016,2021,"spd",2021,1,0
"st","Reiner Haseloff","cdu","Kabinett Haseloff II",2016,2021,"sps",2021,0,0
"st","Reiner Haseloff","cdu","Kabinett Haseloff II",2016,2021,"ssw",2021,0,0
"st","Reiner Haseloff","cdu","Kabinett Haseloff II",2016,2021,"statt",2021,0,0
"st","Reiner Haseloff","cdu","Kabinett Haseloff II",2016,2021,"wav",2021,0,0
"st","Reiner Haseloff","cdu","Kabinett Haseloff II",2016,2021,"zentrum",2021,0,0
"mv","Manuela Schwesig ","spd","Kabinett Schwesig I",2017,2021,"bdv",2021,0,0
"mv","Manuela Schwesig ","spd","Kabinett Schwesig I",2017,2021,"bhe",2021,0,0
"mv","Manuela Schwesig ","spd","Kabinett Schwesig I",2017,2021,"bp",2021,0,0
"mv","Manuela Schwesig ","spd","Kabinett Schwesig I",2017,2021,"bsw",2021,0,0
"mv","Manuela Schwesig ","spd","Kabinett Schwesig I",2017,2021,"cdu",2021,1,0
"mv","Manuela Schwesig ","spd","Kabinett Schwesig I",2017,2021,"cvp",2021,0,0
"mv","Manuela Schwesig ","spd","Kabinett Schwesig I",2017,2021,"dp",2021,0,0
"mv","Manuela Schwesig ","spd","Kabinett Schwesig I",2017,2021,"dps",2021,0,0
"mv","Manuela Schwesig ","spd","Kabinett Schwesig I",2017,2021,"fdp",2021,0,0
"mv","Manuela Schwesig ","spd","Kabinett Schwesig I",2017,2021,"fw",2021,0,0
"mv","Manuela Schwesig ","spd","Kabinett Schwesig I",2017,2021,"gb/bhe",2021,0,0
"mv","Manuela Schwesig ","spd","Kabinett Schwesig I",2017,2021,"gru",2021,0,0
"mv","Manuela Schwesig ","spd","Kabinett Schwesig I",2017,2021,"kpd",2021,0,0
"mv","Manuela Schwesig ","spd","Kabinett Schwesig I",2017,2021,"lin",2021,0,0
"mv","Manuela Schwesig ","spd","Kabinett Schwesig I",2017,2021,"lpd",2021,0,0
"mv","Manuela Schwesig ","spd","Kabinett Schwesig I",2017,2021,"nlp",2021,0,0
"mv","Manuela Schwesig ","spd","Kabinett Schwesig I",2017,2021,"pro",2021,0,0
"mv","Manuela Schwesig ","spd","Kabinett Schwesig I",2017,2021,"spd",2021,1,1
"mv","Manuela Schwesig ","spd","Kabinett Schwesig I",2017,2021,"sps",2021,0,0
"mv","Manuela Schwesig ","spd","Kabinett Schwesig I",2017,2021,"ssw",2021,0,0
"mv","Manuela Schwesig ","spd","Kabinett Schwesig I",2017,2021,"statt",2021,0,0
"mv","Manuela Schwesig ","spd","Kabinett Schwesig I",2017,2021,"wav",2021,0,0
"mv","Manuela Schwesig ","spd","Kabinett Schwesig I",2017,2021,"zentrum",2021,0,0
"ni","Stephan Weil","spd","Weil II",2017,2022,"bdv",2022,0,0
"ni","Stephan Weil","spd","Weil II",2017,2022,"bhe",2022,0,0
"ni","Stephan Weil","spd","Weil II",2017,2022,"bp",2022,0,0
"ni","Stephan Weil","spd","Weil II",2017,2022,"bsw",2022,0,0
"ni","Stephan Weil","spd","Weil II",2017,2022,"cdu",2022,1,0
"ni","Stephan Weil","spd","Weil II",2017,2022,"cvp",2022,0,0
"ni","Stephan Weil","spd","Weil II",2017,2022,"dp",2022,0,0
"ni","Stephan Weil","spd","Weil II",2017,2022,"dps",2022,0,0
"ni","Stephan Weil","spd","Weil II",2017,2022,"fdp",2022,0,0
"ni","Stephan Weil","spd","Weil II",2017,2022,"fw",2022,0,0
"ni","Stephan Weil","spd","Weil II",2017,2022,"gb/bhe",2022,0,0
"ni","Stephan Weil","spd","Weil II",2017,2022,"gru",2022,0,0
"ni","Stephan Weil","spd","Weil II",2017,2022,"kpd",2022,0,0
"ni","Stephan Weil","spd","Weil II",2017,2022,"lin",2022,0,0
"ni","Stephan Weil","spd","Weil II",2017,2022,"lpd",2022,0,0
"ni","Stephan Weil","spd","Weil II",2017,2022,"nlp",2022,0,0
"ni","Stephan Weil","spd","Weil II",2017,2022,"pro",2022,0,0
"ni","Stephan Weil","spd","Weil II",2017,2022,"spd",2022,1,1
"ni","Stephan Weil","spd","Weil II",2017,2022,"sps",2022,0,0
"ni","Stephan Weil","spd","Weil II",2017,2022,"ssw",2022,0,0
"ni","Stephan Weil","spd","Weil II",2017,2022,"statt",2022,0,0
"ni","Stephan Weil","spd","Weil II",2017,2022,"wav",2022,0,0
"ni","Stephan Weil","spd","Weil II",2017,2022,"zentrum",2022,0,0
"nw","Armin Laschet","cdu","Kabinett Laschet",2017,2021,"bdv",2021,0,0
"nw","Armin Laschet","cdu","Kabinett Laschet",2017,2021,"bhe",2021,0,0
"nw","Armin Laschet","cdu","Kabinett Laschet",2017,2021,"bp",2021,0,0
"nw","Armin Laschet","cdu","Kabinett Laschet",2017,2021,"bsw",2021,0,0
"nw","Armin Laschet","cdu","Kabinett Laschet",2017,2021,"cdu",2021,1,1
"nw","Armin Laschet","cdu","Kabinett Laschet",2017,2021,"cvp",2021,0,0
"nw","Armin Laschet","cdu","Kabinett Laschet",2017,2021,"dp",2021,0,0
"nw","Armin Laschet","cdu","Kabinett Laschet",2017,2021,"dps",2021,0,0
"nw","Armin Laschet","cdu","Kabinett Laschet",2017,2021,"fdp",2021,1,0
"nw","Armin Laschet","cdu","Kabinett Laschet",2017,2021,"fw",2021,0,0
"nw","Armin Laschet","cdu","Kabinett Laschet",2017,2021,"gb/bhe",2021,0,0
"nw","Armin Laschet","cdu","Kabinett Laschet",2017,2021,"gru",2021,0,0
"nw","Armin Laschet","cdu","Kabinett Laschet",2017,2021,"kpd",2021,0,0
"nw","Armin Laschet","cdu","Kabinett Laschet",2017,2021,"lin",2021,0,0
"nw","Armin Laschet","cdu","Kabinett Laschet",2017,2021,"lpd",2021,0,0
"nw","Armin Laschet","cdu","Kabinett Laschet",2017,2021,"nlp",2021,0,0
"nw","Armin Laschet","cdu","Kabinett Laschet",2017,2021,"pro",2021,0,0
"nw","Armin Laschet","cdu","Kabinett Laschet",2017,2021,"spd",2021,0,0
"nw","Armin Laschet","cdu","Kabinett Laschet",2017,2021,"sps",2021,0,0
"nw","Armin Laschet","cdu","Kabinett Laschet",2017,2021,"ssw",2021,0,0
"nw","Armin Laschet","cdu","Kabinett Laschet",2017,2021,"statt",2021,0,0
"nw","Armin Laschet","cdu","Kabinett Laschet",2017,2021,"wav",2021,0,0
"nw","Armin Laschet","cdu","Kabinett Laschet",2017,2021,"zentrum",2021,0,0
"sh","Daniel Günther","cdu","Kabinett Günther I",2017,2022,"bdv",2022,0,0
"sh","Daniel Günther","cdu","Kabinett Günther I",2017,2022,"bhe",2022,0,0
"sh","Daniel Günther","cdu","Kabinett Günther I",2017,2022,"bp",2022,0,0
"sh","Daniel Günther","cdu","Kabinett Günther I",2017,2022,"bsw",2022,0,0
"sh","Daniel Günther","cdu","Kabinett Günther I",2017,2022,"cdu",2022,1,1
"sh","Daniel Günther","cdu","Kabinett Günther I",2017,2022,"cvp",2022,0,0
"sh","Daniel Günther","cdu","Kabinett Günther I",2017,2022,"dp",2022,0,0
"sh","Daniel Günther","cdu","Kabinett Günther I",2017,2022,"dps",2022,0,0
"sh","Daniel Günther","cdu","Kabinett Günther I",2017,2022,"fdp",2022,1,0
"sh","Daniel Günther","cdu","Kabinett Günther I",2017,2022,"fw",2022,0,0
"sh","Daniel Günther","cdu","Kabinett Günther I",2017,2022,"gb/bhe",2022,0,0
"sh","Daniel Günther","cdu","Kabinett Günther I",2017,2022,"gru",2022,1,0
"sh","Daniel Günther","cdu","Kabinett Günther I",2017,2022,"kpd",2022,0,0
"sh","Daniel Günther","cdu","Kabinett Günther I",2017,2022,"lin",2022,0,0
"sh","Daniel Günther","cdu","Kabinett Günther I",2017,2022,"lpd",2022,0,0
"sh","Daniel Günther","cdu","Kabinett Günther I",2017,2022,"nlp",2022,0,0
"sh","Daniel Günther","cdu","Kabinett Günther I",2017,2022,"pro",2022,0,0
"sh","Daniel Günther","cdu","Kabinett Günther I",2017,2022,"spd",2022,0,0
"sh","Daniel Günther","cdu","Kabinett Günther I",2017,2022,"sps",2022,0,0
"sh","Daniel Günther","cdu","Kabinett Günther I",2017,2022,"ssw",2022,0,0
"sh","Daniel Günther","cdu","Kabinett Günther I",2017,2022,"statt",2022,0,0
"sh","Daniel Günther","cdu","Kabinett Günther I",2017,2022,"wav",2022,0,0
"sh","Daniel Günther","cdu","Kabinett Günther I",2017,2022,"zentrum",2022,0,0
"sl","Annegret Kramp-Karrenbauer","cdu","Kabinett Kramp-Karrenbauer III",2017,2018,"bdv",2018,0,0
"sl","Annegret Kramp-Karrenbauer","cdu","Kabinett Kramp-Karrenbauer III",2017,2018,"bhe",2018,0,0
"sl","Annegret Kramp-Karrenbauer","cdu","Kabinett Kramp-Karrenbauer III",2017,2018,"bp",2018,0,0
"sl","Annegret Kramp-Karrenbauer","cdu","Kabinett Kramp-Karrenbauer III",2017,2018,"bsw",2018,0,0
"sl","Annegret Kramp-Karrenbauer","cdu","Kabinett Kramp-Karrenbauer III",2017,2018,"cdu",2018,1,1
"sl","Annegret Kramp-Karrenbauer","cdu","Kabinett Kramp-Karrenbauer III",2017,2018,"cvp",2018,0,0
"sl","Annegret Kramp-Karrenbauer","cdu","Kabinett Kramp-Karrenbauer III",2017,2018,"dp",2018,0,0
"sl","Annegret Kramp-Karrenbauer","cdu","Kabinett Kramp-Karrenbauer III",2017,2018,"dps",2018,0,0
"sl","Annegret Kramp-Karrenbauer","cdu","Kabinett Kramp-Karrenbauer III",2017,2018,"fdp",2018,0,0
"sl","Annegret Kramp-Karrenbauer","cdu","Kabinett Kramp-Karrenbauer III",2017,2018,"fw",2018,0,0
"sl","Annegret Kramp-Karrenbauer","cdu","Kabinett Kramp-Karrenbauer III",2017,2018,"gb/bhe",2018,0,0
"sl","Annegret Kramp-Karrenbauer","cdu","Kabinett Kramp-Karrenbauer III",2017,2018,"gru",2018,0,0
"sl","Annegret Kramp-Karrenbauer","cdu","Kabinett Kramp-Karrenbauer III",2017,2018,"kpd",2018,0,0
"sl","Annegret Kramp-Karrenbauer","cdu","Kabinett Kramp-Karrenbauer III",2017,2018,"lin",2018,0,0
"sl","Annegret Kramp-Karrenbauer","cdu","Kabinett Kramp-Karrenbauer III",2017,2018,"lpd",2018,0,0
"sl","Annegret Kramp-Karrenbauer","cdu","Kabinett Kramp-Karrenbauer III",2017,2018,"nlp",2018,0,0
"sl","Annegret Kramp-Karrenbauer","cdu","Kabinett Kramp-Karrenbauer III",2017,2018,"pro",2018,0,0
"sl","Annegret Kramp-Karrenbauer","cdu","Kabinett Kramp-Karrenbauer III",2017,2018,"spd",2018,1,0
"sl","Annegret Kramp-Karrenbauer","cdu","Kabinett Kramp-Karrenbauer III",2017,2018,"sps",2018,0,0
"sl","Annegret Kramp-Karrenbauer","cdu","Kabinett Kramp-Karrenbauer III",2017,2018,"ssw",2018,0,0
"sl","Annegret Kramp-Karrenbauer","cdu","Kabinett Kramp-Karrenbauer III",2017,2018,"statt",2018,0,0
"sl","Annegret Kramp-Karrenbauer","cdu","Kabinett Kramp-Karrenbauer III",2017,2018,"wav",2018,0,0
"sl","Annegret Kramp-Karrenbauer","cdu","Kabinett Kramp-Karrenbauer III",2017,2018,"zentrum",2018,0,0
"sn","Michael Kretschmer ","cdu","Kabinett Kretschmer I",2017,2019,"bdv",2019,0,0
"sn","Michael Kretschmer ","cdu","Kabinett Kretschmer I",2017,2019,"bhe",2019,0,0
"sn","Michael Kretschmer ","cdu","Kabinett Kretschmer I",2017,2019,"bp",2019,0,0
"sn","Michael Kretschmer ","cdu","Kabinett Kretschmer I",2017,2019,"bsw",2019,0,0
"sn","Michael Kretschmer ","cdu","Kabinett Kretschmer I",2017,2019,"cdu",2019,1,1
"sn","Michael Kretschmer ","cdu","Kabinett Kretschmer I",2017,2019,"cvp",2019,0,0
"sn","Michael Kretschmer ","cdu","Kabinett Kretschmer I",2017,2019,"dp",2019,0,0
"sn","Michael Kretschmer ","cdu","Kabinett Kretschmer I",2017,2019,"dps",2019,0,0
"sn","Michael Kretschmer ","cdu","Kabinett Kretschmer I",2017,2019,"fdp",2019,0,0
"sn","Michael Kretschmer ","cdu","Kabinett Kretschmer I",2017,2019,"fw",2019,0,0
"sn","Michael Kretschmer ","cdu","Kabinett Kretschmer I",2017,2019,"gb/bhe",2019,0,0
"sn","Michael Kretschmer ","cdu","Kabinett Kretschmer I",2017,2019,"gru",2019,0,0
"sn","Michael Kretschmer ","cdu","Kabinett Kretschmer I",2017,2019,"kpd",2019,0,0
"sn","Michael Kretschmer ","cdu","Kabinett Kretschmer I",2017,2019,"lin",2019,0,0
"sn","Michael Kretschmer ","cdu","Kabinett Kretschmer I",2017,2019,"lpd",2019,0,0
"sn","Michael Kretschmer ","cdu","Kabinett Kretschmer I",2017,2019,"nlp",2019,0,0
"sn","Michael Kretschmer ","cdu","Kabinett Kretschmer I",2017,2019,"pro",2019,0,0
"sn","Michael Kretschmer ","cdu","Kabinett Kretschmer I",2017,2019,"spd",2019,1,0
"sn","Michael Kretschmer ","cdu","Kabinett Kretschmer I",2017,2019,"sps",2019,0,0
"sn","Michael Kretschmer ","cdu","Kabinett Kretschmer I",2017,2019,"ssw",2019,0,0
"sn","Michael Kretschmer ","cdu","Kabinett Kretschmer I",2017,2019,"statt",2019,0,0
"sn","Michael Kretschmer ","cdu","Kabinett Kretschmer I",2017,2019,"wav",2019,0,0
"sn","Michael Kretschmer ","cdu","Kabinett Kretschmer I",2017,2019,"zentrum",2019,0,0
"by","Markus Söder","cdu","Kabinett Söder I",2018,2018,"bdv",2018,0,0
"by","Markus Söder","cdu","Kabinett Söder I",2018,2018,"bhe",2018,0,0
"by","Markus Söder","cdu","Kabinett Söder I",2018,2018,"bp",2018,0,0
"by","Markus Söder","cdu","Kabinett Söder I",2018,2018,"bsw",2018,0,0
"by","Markus Söder","cdu","Kabinett Söder I",2018,2018,"cdu",2018,1,1
"by","Markus Söder","cdu","Kabinett Söder I",2018,2018,"cvp",2018,0,0
"by","Markus Söder","cdu","Kabinett Söder I",2018,2018,"dp",2018,0,0
"by","Markus Söder","cdu","Kabinett Söder I",2018,2018,"dps",2018,0,0
"by","Markus Söder","cdu","Kabinett Söder I",2018,2018,"fdp",2018,0,0
"by","Markus Söder","cdu","Kabinett Söder I",2018,2018,"fw",2018,0,0
"by","Markus Söder","cdu","Kabinett Söder I",2018,2018,"gb/bhe",2018,0,0
"by","Markus Söder","cdu","Kabinett Söder I",2018,2018,"gru",2018,0,0
"by","Markus Söder","cdu","Kabinett Söder I",2018,2018,"kpd",2018,0,0
"by","Markus Söder","cdu","Kabinett Söder I",2018,2018,"lin",2018,0,0
"by","Markus Söder","cdu","Kabinett Söder I",2018,2018,"lpd",2018,0,0
"by","Markus Söder","cdu","Kabinett Söder I",2018,2018,"nlp",2018,0,0
"by","Markus Söder","cdu","Kabinett Söder I",2018,2018,"pro",2018,0,0
"by","Markus Söder","cdu","Kabinett Söder I",2018,2018,"spd",2018,0,0
"by","Markus Söder","cdu","Kabinett Söder I",2018,2018,"sps",2018,0,0
"by","Markus Söder","cdu","Kabinett Söder I",2018,2018,"ssw",2018,0,0
"by","Markus Söder","cdu","Kabinett Söder I",2018,2018,"statt",2018,0,0
"by","Markus Söder","cdu","Kabinett Söder I",2018,2018,"wav",2018,0,0
"by","Markus Söder","cdu","Kabinett Söder I",2018,2018,"zentrum",2018,0,0
"by","Markus Söder","cdu","Kabinett Söder II",2018,2023,"bdv",2023,0,0
"by","Markus Söder","cdu","Kabinett Söder II",2018,2023,"bhe",2023,0,0
"by","Markus Söder","cdu","Kabinett Söder II",2018,2023,"bp",2023,0,0
"by","Markus Söder","cdu","Kabinett Söder II",2018,2023,"bsw",2023,0,0
"by","Markus Söder","cdu","Kabinett Söder II",2018,2023,"cdu",2023,1,1
"by","Markus Söder","cdu","Kabinett Söder II",2018,2023,"cvp",2023,0,0
"by","Markus Söder","cdu","Kabinett Söder II",2018,2023,"dp",2023,0,0
"by","Markus Söder","cdu","Kabinett Söder II",2018,2023,"dps",2023,0,0
"by","Markus Söder","cdu","Kabinett Söder II",2018,2023,"fdp",2023,0,0
"by","Markus Söder","cdu","Kabinett Söder II",2018,2023,"fw",2023,1,0
"by","Markus Söder","cdu","Kabinett Söder II",2018,2023,"gb/bhe",2023,0,0
"by","Markus Söder","cdu","Kabinett Söder II",2018,2023,"gru",2023,0,0
"by","Markus Söder","cdu","Kabinett Söder II",2018,2023,"kpd",2023,0,0
"by","Markus Söder","cdu","Kabinett Söder II",2018,2023,"lin",2023,0,0
"by","Markus Söder","cdu","Kabinett Söder II",2018,2023,"lpd",2023,0,0
"by","Markus Söder","cdu","Kabinett Söder II",2018,2023,"nlp",2023,0,0
"by","Markus Söder","cdu","Kabinett Söder II",2018,2023,"pro",2023,0,0
"by","Markus Söder","cdu","Kabinett Söder II",2018,2023,"spd",2023,0,0
"by","Markus Söder","cdu","Kabinett Söder II",2018,2023,"sps",2023,0,0
"by","Markus Söder","cdu","Kabinett Söder II",2018,2023,"ssw",2023,0,0
"by","Markus Söder","cdu","Kabinett Söder II",2018,2023,"statt",2023,0,0
"by","Markus Söder","cdu","Kabinett Söder II",2018,2023,"wav",2023,0,0
"by","Markus Söder","cdu","Kabinett Söder II",2018,2023,"zentrum",2023,0,0
"hh","Peter Tschentscher","spd","Kabinett Tschentscher I",2018,2020,"bdv",2020,0,0
"hh","Peter Tschentscher","spd","Kabinett Tschentscher I",2018,2020,"bhe",2020,0,0
"hh","Peter Tschentscher","spd","Kabinett Tschentscher I",2018,2020,"bp",2020,0,0
"hh","Peter Tschentscher","spd","Kabinett Tschentscher I",2018,2020,"bsw",2020,0,0
"hh","Peter Tschentscher","spd","Kabinett Tschentscher I",2018,2020,"cdu",2020,0,0
"hh","Peter Tschentscher","spd","Kabinett Tschentscher I",2018,2020,"cvp",2020,0,0
"hh","Peter Tschentscher","spd","Kabinett Tschentscher I",2018,2020,"dp",2020,0,0
"hh","Peter Tschentscher","spd","Kabinett Tschentscher I",2018,2020,"dps",2020,0,0
"hh","Peter Tschentscher","spd","Kabinett Tschentscher I",2018,2020,"fdp",2020,0,0
"hh","Peter Tschentscher","spd","Kabinett Tschentscher I",2018,2020,"fw",2020,0,0
"hh","Peter Tschentscher","spd","Kabinett Tschentscher I",2018,2020,"gb/bhe",2020,0,0
"hh","Peter Tschentscher","spd","Kabinett Tschentscher I",2018,2020,"gru",2020,1,0
"hh","Peter Tschentscher","spd","Kabinett Tschentscher I",2018,2020,"kpd",2020,0,0
"hh","Peter Tschentscher","spd","Kabinett Tschentscher I",2018,2020,"lin",2020,0,0
"hh","Peter Tschentscher","spd","Kabinett Tschentscher I",2018,2020,"lpd",2020,0,0
"hh","Peter Tschentscher","spd","Kabinett Tschentscher I",2018,2020,"nlp",2020,0,0
"hh","Peter Tschentscher","spd","Kabinett Tschentscher I",2018,2020,"pro",2020,0,0
"hh","Peter Tschentscher","spd","Kabinett Tschentscher I",2018,2020,"spd",2020,1,1
"hh","Peter Tschentscher","spd","Kabinett Tschentscher I",2018,2020,"sps",2020,0,0
"hh","Peter Tschentscher","spd","Kabinett Tschentscher I",2018,2020,"ssw",2020,0,0
"hh","Peter Tschentscher","spd","Kabinett Tschentscher I",2018,2020,"statt",2020,0,0
"hh","Peter Tschentscher","spd","Kabinett Tschentscher I",2018,2020,"wav",2020,0,0
"hh","Peter Tschentscher","spd","Kabinett Tschentscher I",2018,2020,"zentrum",2020,0,0
"sl","Tobias Hans","cdu","Kabinett Hans",2018,2022,"bdv",2022,0,0
"sl","Tobias Hans","cdu","Kabinett Hans",2018,2022,"bhe",2022,0,0
"sl","Tobias Hans","cdu","Kabinett Hans",2018,2022,"bp",2022,0,0
"sl","Tobias Hans","cdu","Kabinett Hans",2018,2022,"bsw",2022,0,0
"sl","Tobias Hans","cdu","Kabinett Hans",2018,2022,"cdu",2022,1,1
"sl","Tobias Hans","cdu","Kabinett Hans",2018,2022,"cvp",2022,0,0
"sl","Tobias Hans","cdu","Kabinett Hans",2018,2022,"dp",2022,0,0
"sl","Tobias Hans","cdu","Kabinett Hans",2018,2022,"dps",2022,0,0
"sl","Tobias Hans","cdu","Kabinett Hans",2018,2022,"fdp",2022,0,0
"sl","Tobias Hans","cdu","Kabinett Hans",2018,2022,"fw",2022,0,0
"sl","Tobias Hans","cdu","Kabinett Hans",2018,2022,"gb/bhe",2022,0,0
"sl","Tobias Hans","cdu","Kabinett Hans",2018,2022,"gru",2022,0,0
"sl","Tobias Hans","cdu","Kabinett Hans",2018,2022,"kpd",2022,0,0
"sl","Tobias Hans","cdu","Kabinett Hans",2018,2022,"lin",2022,0,0
"sl","Tobias Hans","cdu","Kabinett Hans",2018,2022,"lpd",2022,0,0
"sl","Tobias Hans","cdu","Kabinett Hans",2018,2022,"nlp",2022,0,0
"sl","Tobias Hans","cdu","Kabinett Hans",2018,2022,"pro",2022,0,0
"sl","Tobias Hans","cdu","Kabinett Hans",2018,2022,"spd",2022,1,0
"sl","Tobias Hans","cdu","Kabinett Hans",2018,2022,"sps",2022,0,0
"sl","Tobias Hans","cdu","Kabinett Hans",2018,2022,"ssw",2022,0,0
"sl","Tobias Hans","cdu","Kabinett Hans",2018,2022,"statt",2022,0,0
"sl","Tobias Hans","cdu","Kabinett Hans",2018,2022,"wav",2022,0,0
"sl","Tobias Hans","cdu","Kabinett Hans",2018,2022,"zentrum",2022,0,0
"bb","Dietmar Woidke","spd","Kabinett Woidke III",2019,2024,"bdv",2024,0,0
"bb","Dietmar Woidke","spd","Kabinett Woidke III",2019,2024,"bhe",2024,0,0
"bb","Dietmar Woidke","spd","Kabinett Woidke III",2019,2024,"bp",2024,0,0
"bb","Dietmar Woidke","spd","Kabinett Woidke III",2019,2024,"bsw",2024,0,0
"bb","Dietmar Woidke","spd","Kabinett Woidke III",2019,2024,"cdu",2024,1,0
"bb","Dietmar Woidke","spd","Kabinett Woidke III",2019,2024,"cvp",2024,0,0
"bb","Dietmar Woidke","spd","Kabinett Woidke III",2019,2024,"dp",2024,0,0
"bb","Dietmar Woidke","spd","Kabinett Woidke III",2019,2024,"dps",2024,0,0
"bb","Dietmar Woidke","spd","Kabinett Woidke III",2019,2024,"fdp",2024,0,0
"bb","Dietmar Woidke","spd","Kabinett Woidke III",2019,2024,"fw",2024,0,0
"bb","Dietmar Woidke","spd","Kabinett Woidke III",2019,2024,"gb/bhe",2024,0,0
"bb","Dietmar Woidke","spd","Kabinett Woidke III",2019,2024,"gru",2024,1,0
"bb","Dietmar Woidke","spd","Kabinett Woidke III",2019,2024,"kpd",2024,0,0
"bb","Dietmar Woidke","spd","Kabinett Woidke III",2019,2024,"lin",2024,0,0
"bb","Dietmar Woidke","spd","Kabinett Woidke III",2019,2024,"lpd",2024,0,0
"bb","Dietmar Woidke","spd","Kabinett Woidke III",2019,2024,"nlp",2024,0,0
"bb","Dietmar Woidke","spd","Kabinett Woidke III",2019,2024,"pro",2024,0,0
"bb","Dietmar Woidke","spd","Kabinett Woidke III",2019,2024,"spd",2024,1,1
"bb","Dietmar Woidke","spd","Kabinett Woidke III",2019,2024,"sps",2024,0,0
"bb","Dietmar Woidke","spd","Kabinett Woidke III",2019,2024,"ssw",2024,0,0
"bb","Dietmar Woidke","spd","Kabinett Woidke III",2019,2024,"statt",2024,0,0
"bb","Dietmar Woidke","spd","Kabinett Woidke III",2019,2024,"wav",2024,0,0
"bb","Dietmar Woidke","spd","Kabinett Woidke III",2019,2024,"zentrum",2024,0,0
"hb","Andreas Bovenschulte","spd","Bovenschulte I",2019,2023,"bdv",2023,0,0
"hb","Andreas Bovenschulte","spd","Bovenschulte I",2019,2023,"bhe",2023,0,0
"hb","Andreas Bovenschulte","spd","Bovenschulte I",2019,2023,"bp",2023,0,0
"hb","Andreas Bovenschulte","spd","Bovenschulte I",2019,2023,"bsw",2023,0,0
"hb","Andreas Bovenschulte","spd","Bovenschulte I",2019,2023,"cdu",2023,0,0
"hb","Andreas Bovenschulte","spd","Bovenschulte I",2019,2023,"cvp",2023,0,0
"hb","Andreas Bovenschulte","spd","Bovenschulte I",2019,2023,"dp",2023,0,0
"hb","Andreas Bovenschulte","spd","Bovenschulte I",2019,2023,"dps",2023,0,0
"hb","Andreas Bovenschulte","spd","Bovenschulte I",2019,2023,"fdp",2023,0,0
"hb","Andreas Bovenschulte","spd","Bovenschulte I",2019,2023,"fw",2023,0,0
"hb","Andreas Bovenschulte","spd","Bovenschulte I",2019,2023,"gb/bhe",2023,0,0
"hb","Andreas Bovenschulte","spd","Bovenschulte I",2019,2023,"gru",2023,1,0
"hb","Andreas Bovenschulte","spd","Bovenschulte I",2019,2023,"kpd",2023,0,0
"hb","Andreas Bovenschulte","spd","Bovenschulte I",2019,2023,"lin",2023,1,0
"hb","Andreas Bovenschulte","spd","Bovenschulte I",2019,2023,"lpd",2023,0,0
"hb","Andreas Bovenschulte","spd","Bovenschulte I",2019,2023,"nlp",2023,0,0
"hb","Andreas Bovenschulte","spd","Bovenschulte I",2019,2023,"pro",2023,0,0
"hb","Andreas Bovenschulte","spd","Bovenschulte I",2019,2023,"spd",2023,1,1
"hb","Andreas Bovenschulte","spd","Bovenschulte I",2019,2023,"sps",2023,0,0
"hb","Andreas Bovenschulte","spd","Bovenschulte I",2019,2023,"ssw",2023,0,0
"hb","Andreas Bovenschulte","spd","Bovenschulte I",2019,2023,"statt",2023,0,0
"hb","Andreas Bovenschulte","spd","Bovenschulte I",2019,2023,"wav",2023,0,0
"hb","Andreas Bovenschulte","spd","Bovenschulte I",2019,2023,"zentrum",2023,0,0
"he","Volker Bouffier","cdu","Kabinett Bouffier III",2019,2022,"bdv",2022,0,0
"he","Volker Bouffier","cdu","Kabinett Bouffier III",2019,2022,"bhe",2022,0,0
"he","Volker Bouffier","cdu","Kabinett Bouffier III",2019,2022,"bp",2022,0,0
"he","Volker Bouffier","cdu","Kabinett Bouffier III",2019,2022,"bsw",2022,0,0
"he","Volker Bouffier","cdu","Kabinett Bouffier III",2019,2022,"cdu",2022,1,1
"he","Volker Bouffier","cdu","Kabinett Bouffier III",2019,2022,"cvp",2022,0,0
"he","Volker Bouffier","cdu","Kabinett Bouffier III",2019,2022,"dp",2022,0,0
"he","Volker Bouffier","cdu","Kabinett Bouffier III",2019,2022,"dps",2022,0,0
"he","Volker Bouffier","cdu","Kabinett Bouffier III",2019,2022,"fdp",2022,0,0
"he","Volker Bouffier","cdu","Kabinett Bouffier III",2019,2022,"fw",2022,0,0
"he","Volker Bouffier","cdu","Kabinett Bouffier III",2019,2022,"gb/bhe",2022,0,0
"he","Volker Bouffier","cdu","Kabinett Bouffier III",2019,2022,"gru",2022,1,0
"he","Volker Bouffier","cdu","Kabinett Bouffier III",2019,2022,"kpd",2022,0,0
"he","Volker Bouffier","cdu","Kabinett Bouffier III",2019,2022,"lin",2022,0,0
"he","Volker Bouffier","cdu","Kabinett Bouffier III",2019,2022,"lpd",2022,0,0
"he","Volker Bouffier","cdu","Kabinett Bouffier III",2019,2022,"nlp",2022,0,0
"he","Volker Bouffier","cdu","Kabinett Bouffier III",2019,2022,"pro",2022,0,0
"he","Volker Bouffier","cdu","Kabinett Bouffier III",2019,2022,"spd",2022,0,0
"he","Volker Bouffier","cdu","Kabinett Bouffier III",2019,2022,"sps",2022,0,0
"he","Volker Bouffier","cdu","Kabinett Bouffier III",2019,2022,"ssw",2022,0,0
"he","Volker Bouffier","cdu","Kabinett Bouffier III",2019,2022,"statt",2022,0,0
"he","Volker Bouffier","cdu","Kabinett Bouffier III",2019,2022,"wav",2022,0,0
"he","Volker Bouffier","cdu","Kabinett Bouffier III",2019,2022,"zentrum",2022,0,0
"sn","Michael Kretschmer","cdu","Kabinett Kretschmer II",2019,2024,"bdv",2024,0,0
"sn","Michael Kretschmer","cdu","Kabinett Kretschmer II",2019,2024,"bhe",2024,0,0
"sn","Michael Kretschmer","cdu","Kabinett Kretschmer II",2019,2024,"bp",2024,0,0
"sn","Michael Kretschmer","cdu","Kabinett Kretschmer II",2019,2024,"bsw",2024,0,0
"sn","Michael Kretschmer","cdu","Kabinett Kretschmer II",2019,2024,"cdu",2024,1,1
"sn","Michael Kretschmer","cdu","Kabinett Kretschmer II",2019,2024,"cvp",2024,0,0
"sn","Michael Kretschmer","cdu","Kabinett Kretschmer II",2019,2024,"dp",2024,0,0
"sn","Michael Kretschmer","cdu","Kabinett Kretschmer II",2019,2024,"dps",2024,0,0
"sn","Michael Kretschmer","cdu","Kabinett Kretschmer II",2019,2024,"fdp",2024,0,0
"sn","Michael Kretschmer","cdu","Kabinett Kretschmer II",2019,2024,"fw",2024,0,0
"sn","Michael Kretschmer","cdu","Kabinett Kretschmer II",2019,2024,"gb/bhe",2024,0,0
"sn","Michael Kretschmer","cdu","Kabinett Kretschmer II",2019,2024,"gru",2024,1,0
"sn","Michael Kretschmer","cdu","Kabinett Kretschmer II",2019,2024,"kpd",2024,0,0
"sn","Michael Kretschmer","cdu","Kabinett Kretschmer II",2019,2024,"lin",2024,0,0
"sn","Michael Kretschmer","cdu","Kabinett Kretschmer II",2019,2024,"lpd",2024,0,0
"sn","Michael Kretschmer","cdu","Kabinett Kretschmer II",2019,2024,"nlp",2024,0,0
"sn","Michael Kretschmer","cdu","Kabinett Kretschmer II",2019,2024,"pro",2024,0,0
"sn","Michael Kretschmer","cdu","Kabinett Kretschmer II",2019,2024,"spd",2024,0,0
"sn","Michael Kretschmer","cdu","Kabinett Kretschmer II",2019,2024,"sps",2024,0,0
"sn","Michael Kretschmer","cdu","Kabinett Kretschmer II",2019,2024,"ssw",2024,0,0
"sn","Michael Kretschmer","cdu","Kabinett Kretschmer II",2019,2024,"statt",2024,0,0
"sn","Michael Kretschmer","cdu","Kabinett Kretschmer II",2019,2024,"wav",2024,0,0
"sn","Michael Kretschmer","cdu","Kabinett Kretschmer II",2019,2024,"zentrum",2024,0,0
"hh","Peter Tschentscher","spd","Kabinett Tschentscher II",2020,2025,"bdv",2025,0,0
"hh","Peter Tschentscher","spd","Kabinett Tschentscher II",2020,2025,"bhe",2025,0,0
"hh","Peter Tschentscher","spd","Kabinett Tschentscher II",2020,2025,"bp",2025,0,0
"hh","Peter Tschentscher","spd","Kabinett Tschentscher II",2020,2025,"bsw",2025,0,0
"hh","Peter Tschentscher","spd","Kabinett Tschentscher II",2020,2025,"cdu",2025,0,0
"hh","Peter Tschentscher","spd","Kabinett Tschentscher II",2020,2025,"cvp",2025,0,0
"hh","Peter Tschentscher","spd","Kabinett Tschentscher II",2020,2025,"dp",2025,0,0
"hh","Peter Tschentscher","spd","Kabinett Tschentscher II",2020,2025,"dps",2025,0,0
"hh","Peter Tschentscher","spd","Kabinett Tschentscher II",2020,2025,"fdp",2025,0,0
"hh","Peter Tschentscher","spd","Kabinett Tschentscher II",2020,2025,"fw",2025,0,0
"hh","Peter Tschentscher","spd","Kabinett Tschentscher II",2020,2025,"gb/bhe",2025,0,0
"hh","Peter Tschentscher","spd","Kabinett Tschentscher II",2020,2025,"gru",2025,1,0
"hh","Peter Tschentscher","spd","Kabinett Tschentscher II",2020,2025,"kpd",2025,0,0
"hh","Peter Tschentscher","spd","Kabinett Tschentscher II",2020,2025,"lin",2025,0,0
"hh","Peter Tschentscher","spd","Kabinett Tschentscher II",2020,2025,"lpd",2025,0,0
"hh","Peter Tschentscher","spd","Kabinett Tschentscher II",2020,2025,"nlp",2025,0,0
"hh","Peter Tschentscher","spd","Kabinett Tschentscher II",2020,2025,"pro",2025,0,0
"hh","Peter Tschentscher","spd","Kabinett Tschentscher II",2020,2025,"spd",2025,1,1
"hh","Peter Tschentscher","spd","Kabinett Tschentscher II",2020,2025,"sps",2025,0,0
"hh","Peter Tschentscher","spd","Kabinett Tschentscher II",2020,2025,"ssw",2025,0,0
"hh","Peter Tschentscher","spd","Kabinett Tschentscher II",2020,2025,"statt",2025,0,0
"hh","Peter Tschentscher","spd","Kabinett Tschentscher II",2020,2025,"wav",2025,0,0
"hh","Peter Tschentscher","spd","Kabinett Tschentscher II",2020,2025,"zentrum",2025,0,0
"th","Bodo Ramelow","lin","Kabinett Ramelow II",2020,2024,"bdv",2024,0,0
"th","Bodo Ramelow","lin","Kabinett Ramelow II",2020,2024,"bhe",2024,0,0
"th","Bodo Ramelow","lin","Kabinett Ramelow II",2020,2024,"bp",2024,0,0
"th","Bodo Ramelow","lin","Kabinett Ramelow II",2020,2024,"bsw",2024,0,0
"th","Bodo Ramelow","lin","Kabinett Ramelow II",2020,2024,"cdu",2024,0,0
"th","Bodo Ramelow","lin","Kabinett Ramelow II",2020,2024,"cvp",2024,0,0
"th","Bodo Ramelow","lin","Kabinett Ramelow II",2020,2024,"dp",2024,0,0
"th","Bodo Ramelow","lin","Kabinett Ramelow II",2020,2024,"dps",2024,0,0
"th","Bodo Ramelow","lin","Kabinett Ramelow II",2020,2024,"fdp",2024,0,0
"th","Bodo Ramelow","lin","Kabinett Ramelow II",2020,2024,"fw",2024,0,0
"th","Bodo Ramelow","lin","Kabinett Ramelow II",2020,2024,"gb/bhe",2024,0,0
"th","Bodo Ramelow","lin","Kabinett Ramelow II",2020,2024,"gru",2024,1,0
"th","Bodo Ramelow","lin","Kabinett Ramelow II",2020,2024,"kpd",2024,0,0
"th","Bodo Ramelow","lin","Kabinett Ramelow II",2020,2024,"lin",2024,1,1
"th","Bodo Ramelow","lin","Kabinett Ramelow II",2020,2024,"lpd",2024,0,0
"th","Bodo Ramelow","lin","Kabinett Ramelow II",2020,2024,"nlp",2024,0,0
"th","Bodo Ramelow","lin","Kabinett Ramelow II",2020,2024,"pro",2024,0,0
"th","Bodo Ramelow","lin","Kabinett Ramelow II",2020,2024,"spd",2024,1,0
"th","Bodo Ramelow","lin","Kabinett Ramelow II",2020,2024,"sps",2024,0,0
"th","Bodo Ramelow","lin","Kabinett Ramelow II",2020,2024,"ssw",2024,0,0
"th","Bodo Ramelow","lin","Kabinett Ramelow II",2020,2024,"statt",2024,0,0
"th","Bodo Ramelow","lin","Kabinett Ramelow II",2020,2024,"wav",2024,0,0
"th","Bodo Ramelow","lin","Kabinett Ramelow II",2020,2024,"zentrum",2024,0,0
"be","Franziska Giffey","spd","Kabinett Giffey",2021,2023,"bdv",2023,0,0
"be","Franziska Giffey","spd","Kabinett Giffey",2021,2023,"bhe",2023,0,0
"be","Franziska Giffey","spd","Kabinett Giffey",2021,2023,"bp",2023,0,0
"be","Franziska Giffey","spd","Kabinett Giffey",2021,2023,"bsw",2023,0,0
"be","Franziska Giffey","spd","Kabinett Giffey",2021,2023,"cdu",2023,0,0
"be","Franziska Giffey","spd","Kabinett Giffey",2021,2023,"cvp",2023,0,0
"be","Franziska Giffey","spd","Kabinett Giffey",2021,2023,"dp",2023,0,0
"be","Franziska Giffey","spd","Kabinett Giffey",2021,2023,"dps",2023,0,0
"be","Franziska Giffey","spd","Kabinett Giffey",2021,2023,"fdp",2023,0,0
"be","Franziska Giffey","spd","Kabinett Giffey",2021,2023,"fw",2023,0,0
"be","Franziska Giffey","spd","Kabinett Giffey",2021,2023,"gb/bhe",2023,0,0
"be","Franziska Giffey","spd","Kabinett Giffey",2021,2023,"gru",2023,1,0
"be","Franziska Giffey","spd","Kabinett Giffey",2021,2023,"kpd",2023,0,0
"be","Franziska Giffey","spd","Kabinett Giffey",2021,2023,"lin",2023,1,0
"be","Franziska Giffey","spd","Kabinett Giffey",2021,2023,"lpd",2023,0,0
"be","Franziska Giffey","spd","Kabinett Giffey",2021,2023,"nlp",2023,0,0
"be","Franziska Giffey","spd","Kabinett Giffey",2021,2023,"pro",2023,0,0
"be","Franziska Giffey","spd","Kabinett Giffey",2021,2023,"spd",2023,1,1
"be","Franziska Giffey","spd","Kabinett Giffey",2021,2023,"sps",2023,0,0
"be","Franziska Giffey","spd","Kabinett Giffey",2021,2023,"ssw",2023,0,0
"be","Franziska Giffey","spd","Kabinett Giffey",2021,2023,"statt",2023,0,0
"be","Franziska Giffey","spd","Kabinett Giffey",2021,2023,"wav",2023,0,0
"be","Franziska Giffey","spd","Kabinett Giffey",2021,2023,"zentrum",2023,0,0
"bw","Winfried Kretschmann","gru","Kabinett Kretschmann III",2021,NA,"bdv",NA,0,0
"bw","Winfried Kretschmann","gru","Kabinett Kretschmann III",2021,NA,"bhe",NA,0,0
"bw","Winfried Kretschmann","gru","Kabinett Kretschmann III",2021,NA,"bp",NA,0,0
"bw","Winfried Kretschmann","gru","Kabinett Kretschmann III",2021,NA,"bsw",NA,0,0
"bw","Winfried Kretschmann","gru","Kabinett Kretschmann III",2021,NA,"cdu",NA,1,0
"bw","Winfried Kretschmann","gru","Kabinett Kretschmann III",2021,NA,"cvp",NA,0,0
"bw","Winfried Kretschmann","gru","Kabinett Kretschmann III",2021,NA,"dp",NA,0,0
"bw","Winfried Kretschmann","gru","Kabinett Kretschmann III",2021,NA,"dps",NA,0,0
"bw","Winfried Kretschmann","gru","Kabinett Kretschmann III",2021,NA,"fdp",NA,0,0
"bw","Winfried Kretschmann","gru","Kabinett Kretschmann III",2021,NA,"fw",NA,0,0
"bw","Winfried Kretschmann","gru","Kabinett Kretschmann III",2021,NA,"gb/bhe",NA,0,0
"bw","Winfried Kretschmann","gru","Kabinett Kretschmann III",2021,NA,"gru",NA,1,1
"bw","Winfried Kretschmann","gru","Kabinett Kretschmann III",2021,NA,"kpd",NA,0,0
"bw","Winfried Kretschmann","gru","Kabinett Kretschmann III",2021,NA,"lin",NA,0,0
"bw","Winfried Kretschmann","gru","Kabinett Kretschmann III",2021,NA,"lpd",NA,0,0
"bw","Winfried Kretschmann","gru","Kabinett Kretschmann III",2021,NA,"nlp",NA,0,0
"bw","Winfried Kretschmann","gru","Kabinett Kretschmann III",2021,NA,"pro",NA,0,0
"bw","Winfried Kretschmann","gru","Kabinett Kretschmann III",2021,NA,"spd",NA,0,0
"bw","Winfried Kretschmann","gru","Kabinett Kretschmann III",2021,NA,"sps",NA,0,0
"bw","Winfried Kretschmann","gru","Kabinett Kretschmann III",2021,NA,"ssw",NA,0,0
"bw","Winfried Kretschmann","gru","Kabinett Kretschmann III",2021,NA,"statt",NA,0,0
"bw","Winfried Kretschmann","gru","Kabinett Kretschmann III",2021,NA,"wav",NA,0,0
"bw","Winfried Kretschmann","gru","Kabinett Kretschmann III",2021,NA,"zentrum",NA,0,0
"mv","Manuela Schwesig ","spd","Kabinet Schwesig II",2021,NA,"bdv",NA,0,0
"mv","Manuela Schwesig ","spd","Kabinet Schwesig II",2021,NA,"bhe",NA,0,0
"mv","Manuela Schwesig ","spd","Kabinet Schwesig II",2021,NA,"bp",NA,0,0
"mv","Manuela Schwesig ","spd","Kabinet Schwesig II",2021,NA,"bsw",NA,0,0
"mv","Manuela Schwesig ","spd","Kabinet Schwesig II",2021,NA,"cdu",NA,0,0
"mv","Manuela Schwesig ","spd","Kabinet Schwesig II",2021,NA,"cvp",NA,0,0
"mv","Manuela Schwesig ","spd","Kabinet Schwesig II",2021,NA,"dp",NA,0,0
"mv","Manuela Schwesig ","spd","Kabinet Schwesig II",2021,NA,"dps",NA,0,0
"mv","Manuela Schwesig ","spd","Kabinet Schwesig II",2021,NA,"fdp",NA,0,0
"mv","Manuela Schwesig ","spd","Kabinet Schwesig II",2021,NA,"fw",NA,0,0
"mv","Manuela Schwesig ","spd","Kabinet Schwesig II",2021,NA,"gb/bhe",NA,0,0
"mv","Manuela Schwesig ","spd","Kabinet Schwesig II",2021,NA,"gru",NA,0,0
"mv","Manuela Schwesig ","spd","Kabinet Schwesig II",2021,NA,"kpd",NA,0,0
"mv","Manuela Schwesig ","spd","Kabinet Schwesig II",2021,NA,"lin",NA,1,0
"mv","Manuela Schwesig ","spd","Kabinet Schwesig II",2021,NA,"lpd",NA,0,0
"mv","Manuela Schwesig ","spd","Kabinet Schwesig II",2021,NA,"nlp",NA,0,0
"mv","Manuela Schwesig ","spd","Kabinet Schwesig II",2021,NA,"pro",NA,0,0
"mv","Manuela Schwesig ","spd","Kabinet Schwesig II",2021,NA,"spd",NA,1,1
"mv","Manuela Schwesig ","spd","Kabinet Schwesig II",2021,NA,"sps",NA,0,0
"mv","Manuela Schwesig ","spd","Kabinet Schwesig II",2021,NA,"ssw",NA,0,0
"mv","Manuela Schwesig ","spd","Kabinet Schwesig II",2021,NA,"statt",NA,0,0
"mv","Manuela Schwesig ","spd","Kabinet Schwesig II",2021,NA,"wav",NA,0,0
"mv","Manuela Schwesig ","spd","Kabinet Schwesig II",2021,NA,"zentrum",NA,0,0
"nw","Hendrik Wüst","cdu","Kabinett Wüst I",2021,2022,"bdv",2022,0,0
"nw","Hendrik Wüst","cdu","Kabinett Wüst I",2021,2022,"bhe",2022,0,0
"nw","Hendrik Wüst","cdu","Kabinett Wüst I",2021,2022,"bp",2022,0,0
"nw","Hendrik Wüst","cdu","Kabinett Wüst I",2021,2022,"bsw",2022,0,0
"nw","Hendrik Wüst","cdu","Kabinett Wüst I",2021,2022,"cdu",2022,1,1
"nw","Hendrik Wüst","cdu","Kabinett Wüst I",2021,2022,"cvp",2022,0,0
"nw","Hendrik Wüst","cdu","Kabinett Wüst I",2021,2022,"dp",2022,0,0
"nw","Hendrik Wüst","cdu","Kabinett Wüst I",2021,2022,"dps",2022,0,0
"nw","Hendrik Wüst","cdu","Kabinett Wüst I",2021,2022,"fdp",2022,1,0
"nw","Hendrik Wüst","cdu","Kabinett Wüst I",2021,2022,"fw",2022,0,0
"nw","Hendrik Wüst","cdu","Kabinett Wüst I",2021,2022,"gb/bhe",2022,0,0
"nw","Hendrik Wüst","cdu","Kabinett Wüst I",2021,2022,"gru",2022,0,0
"nw","Hendrik Wüst","cdu","Kabinett Wüst I",2021,2022,"kpd",2022,0,0
"nw","Hendrik Wüst","cdu","Kabinett Wüst I",2021,2022,"lin",2022,0,0
"nw","Hendrik Wüst","cdu","Kabinett Wüst I",2021,2022,"lpd",2022,0,0
"nw","Hendrik Wüst","cdu","Kabinett Wüst I",2021,2022,"nlp",2022,0,0
"nw","Hendrik Wüst","cdu","Kabinett Wüst I",2021,2022,"pro",2022,0,0
"nw","Hendrik Wüst","cdu","Kabinett Wüst I",2021,2022,"spd",2022,0,0
"nw","Hendrik Wüst","cdu","Kabinett Wüst I",2021,2022,"sps",2022,0,0
"nw","Hendrik Wüst","cdu","Kabinett Wüst I",2021,2022,"ssw",2022,0,0
"nw","Hendrik Wüst","cdu","Kabinett Wüst I",2021,2022,"statt",2022,0,0
"nw","Hendrik Wüst","cdu","Kabinett Wüst I",2021,2022,"wav",2022,0,0
"nw","Hendrik Wüst","cdu","Kabinett Wüst I",2021,2022,"zentrum",2022,0,0
"rp","Malu Dreyer","spd","Dreyer III",2021,2024,"bdv",2024,0,0
"rp","Malu Dreyer","spd","Dreyer III",2021,2024,"bhe",2024,0,0
"rp","Malu Dreyer","spd","Dreyer III",2021,2024,"bp",2024,0,0
"rp","Malu Dreyer","spd","Dreyer III",2021,2024,"bsw",2024,0,0
"rp","Malu Dreyer","spd","Dreyer III",2021,2024,"cdu",2024,0,0
"rp","Malu Dreyer","spd","Dreyer III",2021,2024,"cvp",2024,0,0
"rp","Malu Dreyer","spd","Dreyer III",2021,2024,"dp",2024,0,0
"rp","Malu Dreyer","spd","Dreyer III",2021,2024,"dps",2024,0,0
"rp","Malu Dreyer","spd","Dreyer III",2021,2024,"fdp",2024,1,0
"rp","Malu Dreyer","spd","Dreyer III",2021,2024,"fw",2024,0,0
"rp","Malu Dreyer","spd","Dreyer III",2021,2024,"gb/bhe",2024,0,0
"rp","Malu Dreyer","spd","Dreyer III",2021,2024,"gru",2024,1,0
"rp","Malu Dreyer","spd","Dreyer III",2021,2024,"kpd",2024,0,0
"rp","Malu Dreyer","spd","Dreyer III",2021,2024,"lin",2024,0,0
"rp","Malu Dreyer","spd","Dreyer III",2021,2024,"lpd",2024,0,0
"rp","Malu Dreyer","spd","Dreyer III",2021,2024,"nlp",2024,0,0
"rp","Malu Dreyer","spd","Dreyer III",2021,2024,"pro",2024,0,0
"rp","Malu Dreyer","spd","Dreyer III",2021,2024,"spd",2024,1,1
"rp","Malu Dreyer","spd","Dreyer III",2021,2024,"sps",2024,0,0
"rp","Malu Dreyer","spd","Dreyer III",2021,2024,"ssw",2024,0,0
"rp","Malu Dreyer","spd","Dreyer III",2021,2024,"statt",2024,0,0
"rp","Malu Dreyer","spd","Dreyer III",2021,2024,"wav",2024,0,0
"rp","Malu Dreyer","spd","Dreyer III",2021,2024,"zentrum",2024,0,0
"st","Reiner Haseloff","cdu","Kabinett Haseloff III",2021,NA,"bdv",NA,0,0
"st","Reiner Haseloff","cdu","Kabinett Haseloff III",2021,NA,"bhe",NA,0,0
"st","Reiner Haseloff","cdu","Kabinett Haseloff III",2021,NA,"bp",NA,0,0
"st","Reiner Haseloff","cdu","Kabinett Haseloff III",2021,NA,"bsw",NA,0,0
"st","Reiner Haseloff","cdu","Kabinett Haseloff III",2021,NA,"cdu",NA,1,1
"st","Reiner Haseloff","cdu","Kabinett Haseloff III",2021,NA,"cvp",NA,0,0
"st","Reiner Haseloff","cdu","Kabinett Haseloff III",2021,NA,"dp",NA,0,0
"st","Reiner Haseloff","cdu","Kabinett Haseloff III",2021,NA,"dps",NA,0,0
"st","Reiner Haseloff","cdu","Kabinett Haseloff III",2021,NA,"fdp",NA,1,0
"st","Reiner Haseloff","cdu","Kabinett Haseloff III",2021,NA,"fw",NA,0,0
"st","Reiner Haseloff","cdu","Kabinett Haseloff III",2021,NA,"gb/bhe",NA,0,0
"st","Reiner Haseloff","cdu","Kabinett Haseloff III",2021,NA,"gru",NA,0,0
"st","Reiner Haseloff","cdu","Kabinett Haseloff III",2021,NA,"kpd",NA,0,0
"st","Reiner Haseloff","cdu","Kabinett Haseloff III",2021,NA,"lin",NA,0,0
"st","Reiner Haseloff","cdu","Kabinett Haseloff III",2021,NA,"lpd",NA,0,0
"st","Reiner Haseloff","cdu","Kabinett Haseloff III",2021,NA,"nlp",NA,0,0
"st","Reiner Haseloff","cdu","Kabinett Haseloff III",2021,NA,"pro",NA,0,0
"st","Reiner Haseloff","cdu","Kabinett Haseloff III",2021,NA,"spd",NA,1,0
"st","Reiner Haseloff","cdu","Kabinett Haseloff III",2021,NA,"sps",NA,0,0
"st","Reiner Haseloff","cdu","Kabinett Haseloff III",2021,NA,"ssw",NA,0,0
"st","Reiner Haseloff","cdu","Kabinett Haseloff III",2021,NA,"statt",NA,0,0
"st","Reiner Haseloff","cdu","Kabinett Haseloff III",2021,NA,"wav",NA,0,0
"st","Reiner Haseloff","cdu","Kabinett Haseloff III",2021,NA,"zentrum",NA,0,0
"he","Boris Rhein","cdu","Kabinett Rhein I",2022,2024,"bdv",2023,0,0
"he","Boris Rhein","cdu","Kabinett Rhein I",2022,2024,"bhe",2023,0,0
"he","Boris Rhein","cdu","Kabinett Rhein I",2022,2024,"bp",2023,0,0
"he","Boris Rhein","cdu","Kabinett Rhein I",2022,2024,"bsw",2023,0,0
"he","Boris Rhein","cdu","Kabinett Rhein I",2022,2024,"cdu",2023,1,1
"he","Boris Rhein","cdu","Kabinett Rhein I",2022,2024,"cvp",2023,0,0
"he","Boris Rhein","cdu","Kabinett Rhein I",2022,2024,"dp",2023,0,0
"he","Boris Rhein","cdu","Kabinett Rhein I",2022,2024,"dps",2023,0,0
"he","Boris Rhein","cdu","Kabinett Rhein I",2022,2024,"fdp",2023,0,0
"he","Boris Rhein","cdu","Kabinett Rhein I",2022,2024,"fw",2023,0,0
"he","Boris Rhein","cdu","Kabinett Rhein I",2022,2024,"gb/bhe",2023,0,0
"he","Boris Rhein","cdu","Kabinett Rhein I",2022,2024,"gru",2023,1,0
"he","Boris Rhein","cdu","Kabinett Rhein I",2022,2024,"kpd",2023,0,0
"he","Boris Rhein","cdu","Kabinett Rhein I",2022,2024,"lin",2023,0,0
"he","Boris Rhein","cdu","Kabinett Rhein I",2022,2024,"lpd",2023,0,0
"he","Boris Rhein","cdu","Kabinett Rhein I",2022,2024,"nlp",2023,0,0
"he","Boris Rhein","cdu","Kabinett Rhein I",2022,2024,"pro",2023,0,0
"he","Boris Rhein","cdu","Kabinett Rhein I",2022,2024,"spd",2023,0,0
"he","Boris Rhein","cdu","Kabinett Rhein I",2022,2024,"sps",2023,0,0
"he","Boris Rhein","cdu","Kabinett Rhein I",2022,2024,"ssw",2023,0,0
"he","Boris Rhein","cdu","Kabinett Rhein I",2022,2024,"statt",2023,0,0
"he","Boris Rhein","cdu","Kabinett Rhein I",2022,2024,"wav",2023,0,0
"he","Boris Rhein","cdu","Kabinett Rhein I",2022,2024,"zentrum",2023,0,0
"ni","Stephan Weil","spd","Weil III",2022,NA,"bdv",NA,0,0
"ni","Stephan Weil","spd","Weil III",2022,NA,"bhe",NA,0,0
"ni","Stephan Weil","spd","Weil III",2022,NA,"bp",NA,0,0
"ni","Stephan Weil","spd","Weil III",2022,NA,"bsw",NA,0,0
"ni","Stephan Weil","spd","Weil III",2022,NA,"cdu",NA,0,0
"ni","Stephan Weil","spd","Weil III",2022,NA,"cvp",NA,0,0
"ni","Stephan Weil","spd","Weil III",2022,NA,"dp",NA,0,0
"ni","Stephan Weil","spd","Weil III",2022,NA,"dps",NA,0,0
"ni","Stephan Weil","spd","Weil III",2022,NA,"fdp",NA,0,0
"ni","Stephan Weil","spd","Weil III",2022,NA,"fw",NA,0,0
"ni","Stephan Weil","spd","Weil III",2022,NA,"gb/bhe",NA,0,0
"ni","Stephan Weil","spd","Weil III",2022,NA,"gru",NA,1,0
"ni","Stephan Weil","spd","Weil III",2022,NA,"kpd",NA,0,0
"ni","Stephan Weil","spd","Weil III",2022,NA,"lin",NA,0,0
"ni","Stephan Weil","spd","Weil III",2022,NA,"lpd",NA,0,0
"ni","Stephan Weil","spd","Weil III",2022,NA,"nlp",NA,0,0
"ni","Stephan Weil","spd","Weil III",2022,NA,"pro",NA,0,0
"ni","Stephan Weil","spd","Weil III",2022,NA,"spd",NA,1,1
"ni","Stephan Weil","spd","Weil III",2022,NA,"sps",NA,0,0
"ni","Stephan Weil","spd","Weil III",2022,NA,"ssw",NA,0,0
"ni","Stephan Weil","spd","Weil III",2022,NA,"statt",NA,0,0
"ni","Stephan Weil","spd","Weil III",2022,NA,"wav",NA,0,0
"ni","Stephan Weil","spd","Weil III",2022,NA,"zentrum",NA,0,0
"nw","Hendrik Wüst","cdu","Kabinett Wüst II",2022,NA,"bdv",NA,0,0
"nw","Hendrik Wüst","cdu","Kabinett Wüst II",2022,NA,"bhe",NA,0,0
"nw","Hendrik Wüst","cdu","Kabinett Wüst II",2022,NA,"bp",NA,0,0
"nw","Hendrik Wüst","cdu","Kabinett Wüst II",2022,NA,"bsw",NA,0,0
"nw","Hendrik Wüst","cdu","Kabinett Wüst II",2022,NA,"cdu",NA,1,1
"nw","Hendrik Wüst","cdu","Kabinett Wüst II",2022,NA,"cvp",NA,0,0
"nw","Hendrik Wüst","cdu","Kabinett Wüst II",2022,NA,"dp",NA,0,0
"nw","Hendrik Wüst","cdu","Kabinett Wüst II",2022,NA,"dps",NA,0,0
"nw","Hendrik Wüst","cdu","Kabinett Wüst II",2022,NA,"fdp",NA,0,0
"nw","Hendrik Wüst","cdu","Kabinett Wüst II",2022,NA,"fw",NA,0,0
"nw","Hendrik Wüst","cdu","Kabinett Wüst II",2022,NA,"gb/bhe",NA,0,0
"nw","Hendrik Wüst","cdu","Kabinett Wüst II",2022,NA,"gru",NA,1,0
"nw","Hendrik Wüst","cdu","Kabinett Wüst II",2022,NA,"kpd",NA,0,0
"nw","Hendrik Wüst","cdu","Kabinett Wüst II",2022,NA,"lin",NA,0,0
"nw","Hendrik Wüst","cdu","Kabinett Wüst II",2022,NA,"lpd",NA,0,0
"nw","Hendrik Wüst","cdu","Kabinett Wüst II",2022,NA,"nlp",NA,0,0
"nw","Hendrik Wüst","cdu","Kabinett Wüst II",2022,NA,"pro",NA,0,0
"nw","Hendrik Wüst","cdu","Kabinett Wüst II",2022,NA,"spd",NA,0,0
"nw","Hendrik Wüst","cdu","Kabinett Wüst II",2022,NA,"sps",NA,0,0
"nw","Hendrik Wüst","cdu","Kabinett Wüst II",2022,NA,"ssw",NA,0,0
"nw","Hendrik Wüst","cdu","Kabinett Wüst II",2022,NA,"statt",NA,0,0
"nw","Hendrik Wüst","cdu","Kabinett Wüst II",2022,NA,"wav",NA,0,0
"nw","Hendrik Wüst","cdu","Kabinett Wüst II",2022,NA,"zentrum",NA,0,0
"sh","Daniel Günther","cdu","Kabinett Günther II",2022,NA,"bdv",NA,0,0
"sh","Daniel Günther","cdu","Kabinett Günther II",2022,NA,"bhe",NA,0,0
"sh","Daniel Günther","cdu","Kabinett Günther II",2022,NA,"bp",NA,0,0
"sh","Daniel Günther","cdu","Kabinett Günther II",2022,NA,"bsw",NA,0,0
"sh","Daniel Günther","cdu","Kabinett Günther II",2022,NA,"cdu",NA,1,1
"sh","Daniel Günther","cdu","Kabinett Günther II",2022,NA,"cvp",NA,0,0
"sh","Daniel Günther","cdu","Kabinett Günther II",2022,NA,"dp",NA,0,0
"sh","Daniel Günther","cdu","Kabinett Günther II",2022,NA,"dps",NA,0,0
"sh","Daniel Günther","cdu","Kabinett Günther II",2022,NA,"fdp",NA,0,0
"sh","Daniel Günther","cdu","Kabinett Günther II",2022,NA,"fw",NA,0,0
"sh","Daniel Günther","cdu","Kabinett Günther II",2022,NA,"gb/bhe",NA,0,0
"sh","Daniel Günther","cdu","Kabinett Günther II",2022,NA,"gru",NA,1,0
"sh","Daniel Günther","cdu","Kabinett Günther II",2022,NA,"kpd",NA,0,0
"sh","Daniel Günther","cdu","Kabinett Günther II",2022,NA,"lin",NA,0,0
"sh","Daniel Günther","cdu","Kabinett Günther II",2022,NA,"lpd",NA,0,0
"sh","Daniel Günther","cdu","Kabinett Günther II",2022,NA,"nlp",NA,0,0
"sh","Daniel Günther","cdu","Kabinett Günther II",2022,NA,"pro",NA,0,0
"sh","Daniel Günther","cdu","Kabinett Günther II",2022,NA,"spd",NA,0,0
"sh","Daniel Günther","cdu","Kabinett Günther II",2022,NA,"sps",NA,0,0
"sh","Daniel Günther","cdu","Kabinett Günther II",2022,NA,"ssw",NA,0,0
"sh","Daniel Günther","cdu","Kabinett Günther II",2022,NA,"statt",NA,0,0
"sh","Daniel Günther","cdu","Kabinett Günther II",2022,NA,"wav",NA,0,0
"sh","Daniel Günther","cdu","Kabinett Günther II",2022,NA,"zentrum",NA,0,0
"sl","Anke Rehlinger","spd","Kabinett Rehlinger",2022,NA,"bdv",NA,0,0
"sl","Anke Rehlinger","spd","Kabinett Rehlinger",2022,NA,"bhe",NA,0,0
"sl","Anke Rehlinger","spd","Kabinett Rehlinger",2022,NA,"bp",NA,0,0
"sl","Anke Rehlinger","spd","Kabinett Rehlinger",2022,NA,"bsw",NA,0,0
"sl","Anke Rehlinger","spd","Kabinett Rehlinger",2022,NA,"cdu",NA,0,0
"sl","Anke Rehlinger","spd","Kabinett Rehlinger",2022,NA,"cvp",NA,0,0
"sl","Anke Rehlinger","spd","Kabinett Rehlinger",2022,NA,"dp",NA,0,0
"sl","Anke Rehlinger","spd","Kabinett Rehlinger",2022,NA,"dps",NA,0,0
"sl","Anke Rehlinger","spd","Kabinett Rehlinger",2022,NA,"fdp",NA,0,0
"sl","Anke Rehlinger","spd","Kabinett Rehlinger",2022,NA,"fw",NA,0,0
"sl","Anke Rehlinger","spd","Kabinett Rehlinger",2022,NA,"gb/bhe",NA,0,0
"sl","Anke Rehlinger","spd","Kabinett Rehlinger",2022,NA,"gru",NA,0,0
"sl","Anke Rehlinger","spd","Kabinett Rehlinger",2022,NA,"kpd",NA,0,0
"sl","Anke Rehlinger","spd","Kabinett Rehlinger",2022,NA,"lin",NA,0,0
"sl","Anke Rehlinger","spd","Kabinett Rehlinger",2022,NA,"lpd",NA,0,0
"sl","Anke Rehlinger","spd","Kabinett Rehlinger",2022,NA,"nlp",NA,0,0
"sl","Anke Rehlinger","spd","Kabinett Rehlinger",2022,NA,"pro",NA,0,0
"sl","Anke Rehlinger","spd","Kabinett Rehlinger",2022,NA,"spd",NA,1,1
"sl","Anke Rehlinger","spd","Kabinett Rehlinger",2022,NA,"sps",NA,0,0
"sl","Anke Rehlinger","spd","Kabinett Rehlinger",2022,NA,"ssw",NA,0,0
"sl","Anke Rehlinger","spd","Kabinett Rehlinger",2022,NA,"statt",NA,0,0
"sl","Anke Rehlinger","spd","Kabinett Rehlinger",2022,NA,"wav",NA,0,0
"sl","Anke Rehlinger","spd","Kabinett Rehlinger",2022,NA,"zentrum",NA,0,0
"be","Kai Wegner","cdu","Kabinett Wegner",2023,NA,"bdv",NA,0,0
"be","Kai Wegner","cdu","Kabinett Wegner",2023,NA,"bhe",NA,0,0
"be","Kai Wegner","cdu","Kabinett Wegner",2023,NA,"bp",NA,0,0
"be","Kai Wegner","cdu","Kabinett Wegner",2023,NA,"bsw",NA,0,0
"be","Kai Wegner","cdu","Kabinett Wegner",2023,NA,"cdu",NA,1,1
"be","Kai Wegner","cdu","Kabinett Wegner",2023,NA,"cvp",NA,0,0
"be","Kai Wegner","cdu","Kabinett Wegner",2023,NA,"dp",NA,0,0
"be","Kai Wegner","cdu","Kabinett Wegner",2023,NA,"dps",NA,0,0
"be","Kai Wegner","cdu","Kabinett Wegner",2023,NA,"fdp",NA,0,0
"be","Kai Wegner","cdu","Kabinett Wegner",2023,NA,"fw",NA,0,0
"be","Kai Wegner","cdu","Kabinett Wegner",2023,NA,"gb/bhe",NA,0,0
"be","Kai Wegner","cdu","Kabinett Wegner",2023,NA,"gru",NA,0,0
"be","Kai Wegner","cdu","Kabinett Wegner",2023,NA,"kpd",NA,0,0
"be","Kai Wegner","cdu","Kabinett Wegner",2023,NA,"lin",NA,0,0
"be","Kai Wegner","cdu","Kabinett Wegner",2023,NA,"lpd",NA,0,0
"be","Kai Wegner","cdu","Kabinett Wegner",2023,NA,"nlp",NA,0,0
"be","Kai Wegner","cdu","Kabinett Wegner",2023,NA,"pro",NA,0,0
"be","Kai Wegner","cdu","Kabinett Wegner",2023,NA,"spd",NA,1,0
"be","Kai Wegner","cdu","Kabinett Wegner",2023,NA,"sps",NA,0,0
"be","Kai Wegner","cdu","Kabinett Wegner",2023,NA,"ssw",NA,0,0
"be","Kai Wegner","cdu","Kabinett Wegner",2023,NA,"statt",NA,0,0
"be","Kai Wegner","cdu","Kabinett Wegner",2023,NA,"wav",NA,0,0
"be","Kai Wegner","cdu","Kabinett Wegner",2023,NA,"zentrum",NA,0,0
"by","Markus Söder","cdu","Kabinett Söder III",2023,NA,"bdv",NA,0,0
"by","Markus Söder","cdu","Kabinett Söder III",2023,NA,"bhe",NA,0,0
"by","Markus Söder","cdu","Kabinett Söder III",2023,NA,"bp",NA,0,0
"by","Markus Söder","cdu","Kabinett Söder III",2023,NA,"bsw",NA,0,0
"by","Markus Söder","cdu","Kabinett Söder III",2023,NA,"cdu",NA,1,1
"by","Markus Söder","cdu","Kabinett Söder III",2023,NA,"cvp",NA,0,0
"by","Markus Söder","cdu","Kabinett Söder III",2023,NA,"dp",NA,0,0
"by","Markus Söder","cdu","Kabinett Söder III",2023,NA,"dps",NA,0,0
"by","Markus Söder","cdu","Kabinett Söder III",2023,NA,"fdp",NA,0,0
"by","Markus Söder","cdu","Kabinett Söder III",2023,NA,"fw",NA,1,0
"by","Markus Söder","cdu","Kabinett Söder III",2023,NA,"gb/bhe",NA,0,0
"by","Markus Söder","cdu","Kabinett Söder III",2023,NA,"gru",NA,0,0
"by","Markus Söder","cdu","Kabinett Söder III",2023,NA,"kpd",NA,0,0
"by","Markus Söder","cdu","Kabinett Söder III",2023,NA,"lin",NA,0,0
"by","Markus Söder","cdu","Kabinett Söder III",2023,NA,"lpd",NA,0,0
"by","Markus Söder","cdu","Kabinett Söder III",2023,NA,"nlp",NA,0,0
"by","Markus Söder","cdu","Kabinett Söder III",2023,NA,"pro",NA,0,0
"by","Markus Söder","cdu","Kabinett Söder III",2023,NA,"spd",NA,0,0
"by","Markus Söder","cdu","Kabinett Söder III",2023,NA,"sps",NA,0,0
"by","Markus Söder","cdu","Kabinett Söder III",2023,NA,"ssw",NA,0,0
"by","Markus Söder","cdu","Kabinett Söder III",2023,NA,"statt",NA,0,0
"by","Markus Söder","cdu","Kabinett Söder III",2023,NA,"wav",NA,0,0
"by","Markus Söder","cdu","Kabinett Söder III",2023,NA,"zentrum",NA,0,0
"hb","Andreas Bovenschulte","spd","Bovenschulte II",2023,NA,"bdv",NA,0,0
"hb","Andreas Bovenschulte","spd","Bovenschulte II",2023,NA,"bhe",NA,0,0
"hb","Andreas Bovenschulte","spd","Bovenschulte II",2023,NA,"bp",NA,0,0
"hb","Andreas Bovenschulte","spd","Bovenschulte II",2023,NA,"bsw",NA,0,0
"hb","Andreas Bovenschulte","spd","Bovenschulte II",2023,NA,"cdu",NA,0,0
"hb","Andreas Bovenschulte","spd","Bovenschulte II",2023,NA,"cvp",NA,0,0
"hb","Andreas Bovenschulte","spd","Bovenschulte II",2023,NA,"dp",NA,0,0
"hb","Andreas Bovenschulte","spd","Bovenschulte II",2023,NA,"dps",NA,0,0
"hb","Andreas Bovenschulte","spd","Bovenschulte II",2023,NA,"fdp",NA,0,0
"hb","Andreas Bovenschulte","spd","Bovenschulte II",2023,NA,"fw",NA,0,0
"hb","Andreas Bovenschulte","spd","Bovenschulte II",2023,NA,"gb/bhe",NA,0,0
"hb","Andreas Bovenschulte","spd","Bovenschulte II",2023,NA,"gru",NA,1,0
"hb","Andreas Bovenschulte","spd","Bovenschulte II",2023,NA,"kpd",NA,0,0
"hb","Andreas Bovenschulte","spd","Bovenschulte II",2023,NA,"lin",NA,1,0
"hb","Andreas Bovenschulte","spd","Bovenschulte II",2023,NA,"lpd",NA,0,0
"hb","Andreas Bovenschulte","spd","Bovenschulte II",2023,NA,"nlp",NA,0,0
"hb","Andreas Bovenschulte","spd","Bovenschulte II",2023,NA,"pro",NA,0,0
"hb","Andreas Bovenschulte","spd","Bovenschulte II",2023,NA,"spd",NA,1,1
"hb","Andreas Bovenschulte","spd","Bovenschulte II",2023,NA,"sps",NA,0,0
"hb","Andreas Bovenschulte","spd","Bovenschulte II",2023,NA,"ssw",NA,0,0
"hb","Andreas Bovenschulte","spd","Bovenschulte II",2023,NA,"statt",NA,0,0
"hb","Andreas Bovenschulte","spd","Bovenschulte II",2023,NA,"wav",NA,0,0
"hb","Andreas Bovenschulte","spd","Bovenschulte II",2023,NA,"zentrum",NA,0,0
"bb","Dietmar Woidke","spd","Kabinett Woidke IV",2024,NA,"bdv",2029,0,0
"bb","Dietmar Woidke","spd","Kabinett Woidke IV",2024,NA,"bhe",2029,0,0
"bb","Dietmar Woidke","spd","Kabinett Woidke IV",2024,NA,"bp",2029,0,0
"bb","Dietmar Woidke","spd","Kabinett Woidke IV",2024,NA,"bsw",2029,1,0
"bb","Dietmar Woidke","spd","Kabinett Woidke IV",2024,NA,"cdu",2029,0,0
"bb","Dietmar Woidke","spd","Kabinett Woidke IV",2024,NA,"cvp",2029,0,0
"bb","Dietmar Woidke","spd","Kabinett Woidke IV",2024,NA,"dp",2029,0,0
"bb","Dietmar Woidke","spd","Kabinett Woidke IV",2024,NA,"dps",2029,0,0
"bb","Dietmar Woidke","spd","Kabinett Woidke IV",2024,NA,"fdp",2029,0,0
"bb","Dietmar Woidke","spd","Kabinett Woidke IV",2024,NA,"fw",2029,0,0
"bb","Dietmar Woidke","spd","Kabinett Woidke IV",2024,NA,"gb/bhe",2029,0,0
"bb","Dietmar Woidke","spd","Kabinett Woidke IV",2024,NA,"gru",2029,0,0
"bb","Dietmar Woidke","spd","Kabinett Woidke IV",2024,NA,"kpd",2029,0,0
"bb","Dietmar Woidke","spd","Kabinett Woidke IV",2024,NA,"lin",2029,0,0
"bb","Dietmar Woidke","spd","Kabinett Woidke IV",2024,NA,"lpd",2029,0,0
"bb","Dietmar Woidke","spd","Kabinett Woidke IV",2024,NA,"nlp",2029,0,0
"bb","Dietmar Woidke","spd","Kabinett Woidke IV",2024,NA,"pro",2029,0,0
"bb","Dietmar Woidke","spd","Kabinett Woidke IV",2024,NA,"spd",2029,1,1
"bb","Dietmar Woidke","spd","Kabinett Woidke IV",2024,NA,"sps",2029,0,0
"bb","Dietmar Woidke","spd","Kabinett Woidke IV",2024,NA,"ssw",2029,0,0
"bb","Dietmar Woidke","spd","Kabinett Woidke IV",2024,NA,"statt",2029,0,0
"bb","Dietmar Woidke","spd","Kabinett Woidke IV",2024,NA,"wav",2029,0,0
"bb","Dietmar Woidke","spd","Kabinett Woidke IV",2024,NA,"zentrum",2029,0,0
"rp","Alexander Schweitzer","spd","Schweitzer",2024,NA,"bdv",NA,0,0
"rp","Alexander Schweitzer","spd","Schweitzer",2024,NA,"bhe",NA,0,0
"rp","Alexander Schweitzer","spd","Schweitzer",2024,NA,"bp",NA,0,0
"rp","Alexander Schweitzer","spd","Schweitzer",2024,NA,"bsw",NA,0,0
"rp","Alexander Schweitzer","spd","Schweitzer",2024,NA,"cdu",NA,0,0
"rp","Alexander Schweitzer","spd","Schweitzer",2024,NA,"cvp",NA,0,0
"rp","Alexander Schweitzer","spd","Schweitzer",2024,NA,"dp",NA,0,0
"rp","Alexander Schweitzer","spd","Schweitzer",2024,NA,"dps",NA,0,0
"rp","Alexander Schweitzer","spd","Schweitzer",2024,NA,"fdp",NA,1,0
"rp","Alexander Schweitzer","spd","Schweitzer",2024,NA,"fw",NA,0,0
"rp","Alexander Schweitzer","spd","Schweitzer",2024,NA,"gb/bhe",NA,0,0
"rp","Alexander Schweitzer","spd","Schweitzer",2024,NA,"gru",NA,1,0
"rp","Alexander Schweitzer","spd","Schweitzer",2024,NA,"kpd",NA,0,0
"rp","Alexander Schweitzer","spd","Schweitzer",2024,NA,"lin",NA,0,0
"rp","Alexander Schweitzer","spd","Schweitzer",2024,NA,"lpd",NA,0,0
"rp","Alexander Schweitzer","spd","Schweitzer",2024,NA,"nlp",NA,0,0
"rp","Alexander Schweitzer","spd","Schweitzer",2024,NA,"pro",NA,0,0
"rp","Alexander Schweitzer","spd","Schweitzer",2024,NA,"spd",NA,1,1
"rp","Alexander Schweitzer","spd","Schweitzer",2024,NA,"sps",NA,0,0
"rp","Alexander Schweitzer","spd","Schweitzer",2024,NA,"ssw",NA,0,0
"rp","Alexander Schweitzer","spd","Schweitzer",2024,NA,"statt",NA,0,0
"rp","Alexander Schweitzer","spd","Schweitzer",2024,NA,"wav",NA,0,0
"rp","Alexander Schweitzer","spd","Schweitzer",2024,NA,"zentrum",NA,0,0
"sn","Michael Kretschmer","cdu","Kabinett Kretschmer III",2024,NA,"bdv",2029,0,0
"sn","Michael Kretschmer","cdu","Kabinett Kretschmer III",2024,NA,"bhe",2029,0,0
"sn","Michael Kretschmer","cdu","Kabinett Kretschmer III",2024,NA,"bp",2029,0,0
"sn","Michael Kretschmer","cdu","Kabinett Kretschmer III",2024,NA,"bsw",2029,0,0
"sn","Michael Kretschmer","cdu","Kabinett Kretschmer III",2024,NA,"cdu",2029,1,1
"sn","Michael Kretschmer","cdu","Kabinett Kretschmer III",2024,NA,"cvp",2029,0,0
"sn","Michael Kretschmer","cdu","Kabinett Kretschmer III",2024,NA,"dp",2029,0,0
"sn","Michael Kretschmer","cdu","Kabinett Kretschmer III",2024,NA,"dps",2029,0,0
"sn","Michael Kretschmer","cdu","Kabinett Kretschmer III",2024,NA,"fdp",2029,0,0
"sn","Michael Kretschmer","cdu","Kabinett Kretschmer III",2024,NA,"fw",2029,0,0
"sn","Michael Kretschmer","cdu","Kabinett Kretschmer III",2024,NA,"gb/bhe",2029,0,0
"sn","Michael Kretschmer","cdu","Kabinett Kretschmer III",2024,NA,"gru",2029,0,0
"sn","Michael Kretschmer","cdu","Kabinett Kretschmer III",2024,NA,"kpd",2029,0,0
"sn","Michael Kretschmer","cdu","Kabinett Kretschmer III",2024,NA,"lin",2029,0,0
"sn","Michael Kretschmer","cdu","Kabinett Kretschmer III",2024,NA,"lpd",2029,0,0
"sn","Michael Kretschmer","cdu","Kabinett Kretschmer III",2024,NA,"nlp",2029,0,0
"sn","Michael Kretschmer","cdu","Kabinett Kretschmer III",2024,NA,"pro",2029,0,0
"sn","Michael Kretschmer","cdu","Kabinett Kretschmer III",2024,NA,"spd",2029,1,0
"sn","Michael Kretschmer","cdu","Kabinett Kretschmer III",2024,NA,"sps",2029,0,0
"sn","Michael Kretschmer","cdu","Kabinett Kretschmer III",2024,NA,"ssw",2029,0,0
"sn","Michael Kretschmer","cdu","Kabinett Kretschmer III",2024,NA,"statt",2029,0,0
"sn","Michael Kretschmer","cdu","Kabinett Kretschmer III",2024,NA,"wav",2029,0,0
"sn","Michael Kretschmer","cdu","Kabinett Kretschmer III",2024,NA,"zentrum",2029,0,0
"th","Mario Voigt","cdu","Kabinett Voigt",2024,NA,"bdv",2029,0,0
"th","Mario Voigt","cdu","Kabinett Voigt",2024,NA,"bhe",2029,0,0
"th","Mario Voigt","cdu","Kabinett Voigt",2024,NA,"bp",2029,0,0
"th","Mario Voigt","cdu","Kabinett Voigt",2024,NA,"bsw",2029,1,0
"th","Mario Voigt","cdu","Kabinett Voigt",2024,NA,"cdu",2029,1,1
"th","Mario Voigt","cdu","Kabinett Voigt",2024,NA,"cvp",2029,0,0
"th","Mario Voigt","cdu","Kabinett Voigt",2024,NA,"dp",2029,0,0
"th","Mario Voigt","cdu","Kabinett Voigt",2024,NA,"dps",2029,0,0
"th","Mario Voigt","cdu","Kabinett Voigt",2024,NA,"fdp",2029,0,0
"th","Mario Voigt","cdu","Kabinett Voigt",2024,NA,"fw",2029,0,0
"th","Mario Voigt","cdu","Kabinett Voigt",2024,NA,"gb/bhe",2029,0,0
"th","Mario Voigt","cdu","Kabinett Voigt",2024,NA,"gru",2029,0,0
"th","Mario Voigt","cdu","Kabinett Voigt",2024,NA,"kpd",2029,0,0
"th","Mario Voigt","cdu","Kabinett Voigt",2024,NA,"lin",2029,0,0
"th","Mario Voigt","cdu","Kabinett Voigt",2024,NA,"lpd",2029,0,0
"th","Mario Voigt","cdu","Kabinett Voigt",2024,NA,"nlp",2029,0,0
"th","Mario Voigt","cdu","Kabinett Voigt",2024,NA,"pro",2029,0,0
"th","Mario Voigt","cdu","Kabinett Voigt",2024,NA,"spd",2029,1,0
"th","Mario Voigt","cdu","Kabinett Voigt",2024,NA,"sps",2029,0,0
"th","Mario Voigt","cdu","Kabinett Voigt",2024,NA,"ssw",2029,0,0
"th","Mario Voigt","cdu","Kabinett Voigt",2024,NA,"statt",2029,0,0
"th","Mario Voigt","cdu","Kabinett Voigt",2024,NA,"wav",2029,0,0
"th","Mario Voigt","cdu","Kabinett Voigt",2024,NA,"zentrum",2029,0,0
"hh","Peter Tschentscher","spd","Kabinett Tschentscher III",2025,NA,"bdv",2030,0,0
"hh","Peter Tschentscher","spd","Kabinett Tschentscher III",2025,NA,"bhe",2030,0,0
"hh","Peter Tschentscher","spd","Kabinett Tschentscher III",2025,NA,"bp",2030,0,0
"hh","Peter Tschentscher","spd","Kabinett Tschentscher III",2025,NA,"bsw",2030,0,0
"hh","Peter Tschentscher","spd","Kabinett Tschentscher III",2025,NA,"cdu",2030,0,0
"hh","Peter Tschentscher","spd","Kabinett Tschentscher III",2025,NA,"cvp",2030,0,0
"hh","Peter Tschentscher","spd","Kabinett Tschentscher III",2025,NA,"dp",2030,0,0
"hh","Peter Tschentscher","spd","Kabinett Tschentscher III",2025,NA,"dps",2030,0,0
"hh","Peter Tschentscher","spd","Kabinett Tschentscher III",2025,NA,"fdp",2030,0,0
"hh","Peter Tschentscher","spd","Kabinett Tschentscher III",2025,NA,"fw",2030,0,0
"hh","Peter Tschentscher","spd","Kabinett Tschentscher III",2025,NA,"gb/bhe",2030,0,0
"hh","Peter Tschentscher","spd","Kabinett Tschentscher III",2025,NA,"gru",2030,1,0
"hh","Peter Tschentscher","spd","Kabinett Tschentscher III",2025,NA,"kpd",2030,0,0
"hh","Peter Tschentscher","spd","Kabinett Tschentscher III",2025,NA,"lin",2030,0,0
"hh","Peter Tschentscher","spd","Kabinett Tschentscher III",2025,NA,"lpd",2030,0,0
"hh","Peter Tschentscher","spd","Kabinett Tschentscher III",2025,NA,"nlp",2030,0,0
"hh","Peter Tschentscher","spd","Kabinett Tschentscher III",2025,NA,"pro",2030,0,0
"hh","Peter Tschentscher","spd","Kabinett Tschentscher III",2025,NA,"spd",2030,1,1
"hh","Peter Tschentscher","spd","Kabinett Tschentscher III",2025,NA,"sps",2030,0,0
"hh","Peter Tschentscher","spd","Kabinett Tschentscher III",2025,NA,"ssw",2030,0,0
"hh","Peter Tschentscher","spd","Kabinett Tschentscher III",2025,NA,"statt",2030,0,0
"hh","Peter Tschentscher","spd","Kabinett Tschentscher III",2025,NA,"wav",2030,0,0
"hh","Peter Tschentscher","spd","Kabinett Tschentscher III",2025,NA,"zentrum",2030,0,0
